Date,AAPL,AMZN,GOOGL,JPM,META,MSFT,NVDA,TSLA,UNH,XOM
2020-01-02,72.33389282226562,94.90049743652344,67.83251190185547,117.89920806884766,207.95382690429688,151.82957458496094,5.963804244995117,28.68400001525879,261.7021789550781,52.947044372558594
2020-01-03,71.6306381225586,93.74849700927734,67.4776611328125,116.34335327148438,206.85350036621094,149.93899536132812,5.86834716796875,29.534000396728516,259.0538024902344,52.521358489990234
2020-01-06,72.2013931274414,95.14399719238281,69.27620697021484,116.25082397460938,210.74929809570312,150.3265838623047,5.892955780029297,30.1026668548584,260.85223388671875,52.92464065551758
2020-01-07,71.8618392944336,95.34300231933594,69.14241027832031,114.2745132446289,211.20526123046875,148.9559326171875,5.964303016662598,31.270666122436523,259.27752685546875,52.49149703979492
2020-01-08,73.01780700683594,94.59850311279297,69.63453674316406,115.16593933105469,213.34649658203125,151.32855224609375,5.975488662719727,32.80933380126953,264.7441101074219,51.69990539550781
2020-01-09,74.56880187988281,95.05249786376953,70.36555480957031,115.58649444580078,216.39967346191406,153.21905517578125,6.04111385345459,32.089332580566406,263.2410583496094,52.09569549560547
2020-01-10,74.73736572265625,94.15799713134766,70.82001495361328,114.43426513671875,216.1617431640625,152.51014709472656,6.073429107666016,31.876667022705078,264.05523681640625,51.632694244384766
2020-01-13,76.33409881591797,94.56500244140625,71.36866760253906,115.3846206665039,219.97825622558594,154.34400939941406,6.2638468742370605,34.990665435791016,255.75238037109375,52.12557601928711
2020-01-14,75.3033218383789,93.47200012207031,70.90080261230469,116.73020935058594,217.15306091308594,153.2569122314453,6.1470112800598145,35.861331939697266,257.8907165527344,51.6775016784668
2020-01-15,74.98059844970703,93.10099792480469,71.3275375366211,114.98094940185547,219.22486877441406,154.24942016601562,6.104502201080322,34.56666564941406,265.2005310058594,51.59535217285156
2020-01-16,75.91984558105469,93.89700317382812,71.87071228027344,115.42667388916016,219.83949279785156,157.07579040527344,6.188027858734131,34.232666015625,269.0746154785156,51.39373016357422
2020-01-17,76.7603759765625,93.23600006103516,73.32579803466797,116.2255859375,220.2062225341797,157.95489501953125,6.196728229522705,34.03333282470703,267.0435485839844,51.199562072753906
2020-01-21,76.24014282226562,94.5999984741211,73.46112060546875,115.08184814453125,219.51231384277344,157.38772583007812,6.163416862487793,36.47999954223633,268.88677978515625,50.46770477294922
2020-01-22,76.51231384277344,94.37300109863281,73.54138946533203,114.94731140136719,219.3933868408203,156.63156127929688,6.217360496520996,37.97066879272461,268.9403381347656,50.17646408081055
2020-01-23,76.88079071044922,94.22899627685547,73.58201599121094,114.82958984375,217.84695434570312,157.59571838378906,6.285721778869629,38.14666748046875,267.9293212890625,49.86280822753906
2020-01-24,76.65921783447266,93.08200073242188,72.66417694091797,111.97854614257812,216.04281616210938,156.00762939453125,6.226557731628418,37.654666900634766,261.9795227050781,49.52674865722656
2020-01-27,74.405029296875,91.41699981689453,70.95731353759766,111.03666687011719,212.99951171875,153.39871215820312,5.971012592315674,37.201332092285156,254.1776123046875,48.34683609008789
2020-01-28,76.50990295410156,92.6624984741211,71.88756561279297,113.05506134033203,215.8941192626953,156.40467834472656,6.164163112640381,37.793331146240234,255.7703094482422,48.27962112426758
2020-01-29,78.1114273071289,92.9000015258789,72.19482421875,112.88685607910156,221.28675842285156,158.84344482421875,6.103755474090576,38.732666015625,253.11297607421875,47.87636184692383
2020-01-30,77.99824523925781,93.53399658203125,72.07341766357422,114.28292083740234,207.70599365234375,163.3240509033203,6.110467433929443,42.72066879272461,251.39515686035156,48.38418197631836
2020-01-31,74.53990936279297,100.43599700927734,71.00934600830078,111.31421661376953,200.15237426757812,160.91358947753906,5.877296447753906,43.371334075927734,243.7632598876953,46.390262603759766
2020-02-03,74.33518981933594,100.20999908447266,73.47844696044922,112.16361236572266,202.41250610351562,164.8365020751953,5.974245071411133,52.0,245.16798400878906,45.35224151611328
2020-02-04,76.78926849365234,102.4834976196289,71.63528442382812,113.77831268310547,208.00343322753906,170.26234436035156,6.143282413482666,59.137332916259766,251.26991271972656,44.784671783447266
2020-02-05,77.4154281616211,101.99349975585938,71.6670150756836,115.71259307861328,208.28099060058594,170.054443359375,6.233517169952393,48.97999954223633,264.59210205078125,46.84579849243164
2020-02-06,78.32096099853516,102.5114974975586,73.14986419677734,115.72943878173828,209.01454162597656,173.5802764892578,6.320273399353027,49.930667877197266,261.6663513183594,46.21104049682617
2020-02-07,77.25637817382812,103.96399688720703,73.30547332763672,115.35940551757812,210.48162841796875,173.8260498046875,6.254150867462158,49.871334075927734,258.76751708984375,45.904850006103516
2020-02-10,77.62329864501953,106.69550323486328,74.76998901367188,115.83879852294922,211.20526123046875,178.37277221679688,6.537041664123535,51.41866683959961,256.80816650390625,45.42005157470703
2020-02-11,77.15496826171875,107.54000091552734,74.83939361572266,116.05741119384766,205.3863983154297,174.34593200683594,6.65934419631958,51.62533187866211,260.1722106933594,45.851829528808594
2020-02-12,78.98722076416016,108.0,75.26412963867188,116.05741119384766,208.92532348632812,174.6011505126953,6.774935722351074,51.15266799926758,271.5260314941406,46.412376403808594
2020-02-13,78.42475128173828,107.49349975585938,75.00442504882812,115.95652770996094,211.28457641601562,173.6558837890625,6.7311859130859375,53.599998474121094,270.380859375,46.15483474731445
2020-02-14,78.4440689086914,106.74349975585938,75.26907348632812,115.6032943725586,212.31552124023438,175.2061309814453,7.203744888305664,53.33533477783203,267.3209228515625,45.94272994995117
2020-02-18,77.00772094726562,107.78350067138672,75.30426788330078,114.07269287109375,215.90403747558594,176.9832305908203,7.372286319732666,57.22666549682617,270.3271179199219,45.35944747924805
2020-02-19,78.12300872802734,108.51100158691406,75.57337951660156,115.62852478027344,215.59671020507812,177.51405334472656,7.822970390319824,61.16133117675781,273.1633605957031,45.707908630371094
2020-02-20,77.32154083251953,107.65499877929688,75.18284606933594,115.62852478027344,212.71205139160156,174.8031768798828,7.673821926116943,59.96066665649414,270.3182373046875,45.34429931640625
2020-02-21,75.57135772705078,104.79850006103516,73.52107238769531,114.21562194824219,208.35035705566406,169.27716064453125,7.310141086578369,60.06666564941406,269.69189453125,44.791316986083984
2020-02-24,71.98170471191406,100.4645004272461,70.36901092529297,111.14604187011719,198.97271728515625,161.9787139892578,6.793330192565918,55.58599853515625,248.54100036621094,42.693031311035156
2020-02-25,69.54351043701172,98.63700103759766,68.70675659179688,106.18411254882812,195.05709838867188,159.30580139160156,6.514170169830322,53.32733154296875,235.6572265625,41.056819915771484
2020-02-26,70.64673614501953,98.97949981689453,68.91242980957031,106.50370788574219,195.4833526611328,161.29627990722656,6.653378009796143,51.91999816894531,235.30828857421875,40.1553840637207
2020-02-27,66.0286865234375,94.21499633789062,65.16961669921875,102.07166290283203,188.0982208251953,149.93150329589844,6.283015251159668,45.266666412353516,227.1842803955078,37.73893737792969
2020-02-28,65.99006652832031,94.1875,66.37394714355469,97.64801788330078,190.79452514648438,153.56178283691406,6.717552185058594,44.53266525268555,228.1148223876953,38.966087341308594
2020-03-02,72.13377380371094,97.69750213623047,68.70675659179688,102.19781494140625,194.72996520996094,163.77963256835938,6.875744819641113,49.574668884277344,244.35377502441406,40.814422607421875
2020-03-03,69.84286499023438,95.44950103759766,66.2981185913086,98.36286926269531,184.27178955078125,155.93142700195312,6.613580226898193,49.70066833496094,233.87673950195312,38.86004638671875
2020-03-04,73.08248138427734,98.79149627685547,68.47283172607422,100.79334259033203,190.09071350097656,161.65643310546875,7.076723098754883,49.96666717529297,258.94647216796875,39.70845413208008
2020-03-05,70.71189880371094,96.20149993896484,65.16020202636719,95.84828186035156,183.55807495117188,157.59963989257812,6.797643661499023,48.30266571044922,253.1667022705078,37.95862579345703
2020-03-06,69.77285766601562,95.05449676513672,64.21756744384766,90.89482116699219,179.51358032226562,153.14474487304688,6.617313385009766,46.89866638183594,253.98081970214844,36.125457763671875
2020-03-09,64.2543716430664,90.03050231933594,60.25520324707031,78.5826644897461,168.02447509765625,142.7657470703125,6.104921340942383,40.53333282470703,244.6490936279297,31.709205627441406
2020-03-10,68.88206481933594,94.59100341796875,63.19811248779297,84.68826293945312,176.63885498046875,152.52862548828125,6.493940830230713,43.02199935913086,250.5182342529297,32.88332748413086
2020-03-11,66.4897689819336,91.04299926757812,60.012847900390625,80.70196533203125,168.75802612304688,145.61874389648438,6.130539417266846,42.28200149536133,248.53207397460938,31.80009651184082
2020-03-12,59.92359924316406,83.83049774169922,55.089012145996094,74.0496826171875,153.1253204345703,131.80853271484375,5.380359172821045,37.369998931884766,224.04391479492188,28.164073944091797
2020-03-13,67.10293579101562,89.25,60.179874420166016,87.38786315917969,168.79769897460938,150.547607421875,5.990503311157227,36.44133377075195,244.45079040527344,28.876123428344727
2020-03-16,58.470333099365234,84.4574966430664,53.17845153808594,74.31037902832031,144.7389678955078,128.35836791992188,4.885129451751709,29.67133331298828,202.21726989746094,26.12637710571289
2020-03-17,61.04128646850586,90.39199829101562,55.41165542602539,78.85176086425781,148.1192626953125,138.92694091796875,5.404236793518066,28.68000030517578,219.45213317871094,27.883785247802734
2020-03-18,59.5469970703125,91.5,54.079959869384766,70.55113220214844,145.6807098388672,133.07862854003906,5.0448174476623535,24.08133316040039,195.0465850830078,25.088590621948242
2020-03-19,59.09074783325195,94.04650115966797,55.09496307373047,71.7369384765625,151.79698181152344,135.2681884765625,5.2972822189331055,28.50933265686035,197.5087127685547,26.080923080444336
2020-03-20,55.33934020996094,92.30449676513672,52.941062927246094,70.22317504882812,148.42657470703125,130.1876983642578,5.117696762084961,28.50200080871582,185.63841247558594,24.80074119567871
2020-03-23,54.16371154785156,95.1415023803711,52.24324417114258,66.46391296386719,146.81077575683594,128.88916015625,5.290317535400391,28.952667236328125,175.0980224609375,23.823558807373047
2020-03-24,59.59769821166992,97.00499725341797,56.00389862060547,74.36924743652344,159.57864379882812,140.6046142578125,6.197946071624756,33.66666793823242,197.5087127685547,26.84600830078125
2020-03-25,59.269386291503906,94.29199981689453,54.59687423706055,77.14453887939453,154.85018920898438,139.25863647460938,6.109398365020752,35.95000076293945,210.70892333984375,28.247386932373047
2020-03-26,62.38832473754883,97.77449798583984,57.63493347167969,82.51852416992188,161.9181365966797,147.96945190429688,6.398427486419678,35.21066665649414,229.48931884765625,29.406375885009766
2020-03-27,59.80530548095703,95.00499725341797,55.02507781982422,76.63996124267578,155.42510986328125,141.8936767578125,6.286247253417969,34.29066848754883,217.8616180419922,27.989839553833008
2020-03-30,61.51203155517578,98.19750213623047,56.811737060546875,78.63310241699219,164.50538635253906,151.8745880126953,6.606119155883789,33.47533416748047,225.79615783691406,28.406469345092773
2020-03-31,61.38649368286133,97.48600006103516,57.58686828613281,75.71484375,165.3479766845703,149.48597717285156,6.556621551513672,34.93333435058594,224.08880615234375,28.762495040893555
2020-04-01,58.15652084350586,95.38500213623047,54.62066650390625,70.94639587402344,158.21066284179688,144.17800903320312,6.045970916748047,32.104000091552734,213.25192260742188,28.429195404052734
2020-04-02,59.12696075439453,95.94149780273438,55.3606071472168,73.59553527832031,156.8129425048828,147.16378784179688,6.354400634765625,30.29800033569336,216.05552673339844,30.603233337402344
2020-04-03,58.277217864990234,95.32949829101562,54.1547966003418,71.42021942138672,152.8378448486328,145.808349609375,6.066864013671875,32.000667572021484,206.2159881591797,29.701807022094727
2020-04-06,63.36118698120117,99.87950134277344,58.639530181884766,76.01727294921875,164.10887145996094,156.65176391601562,6.676012992858887,34.41600036621094,223.154296875,30.6562557220459
2020-04-07,62.62730026245117,100.58000183105469,58.60831069946289,77.01996612548828,167.3603057861328,154.96461486816406,6.442950248718262,36.36333465576172,222.8846893310547,31.239543914794922
2020-04-08,64.23023223876953,102.1500015258789,59.81956481933594,80.13001251220703,172.76287841796875,156.51907348632812,6.639946937561035,36.589332580566406,240.66769409179688,33.21662902832031
2020-04-09,64.69371032714844,102.13800048828125,59.79825210571289,87.31877136230469,173.6649627685547,156.52859497070312,6.540453910827637,38.20000076293945,237.3428955078125,32.671226501464844
2020-04-13,65.9635238647461,108.44349670410156,59.98856735229492,83.43549346923828,173.2684326171875,156.87925720214844,6.712079048156738,43.39666748046875,236.7858123779297,32.390953063964844
2020-04-14,69.29486083984375,114.16600036621094,62.70547866821289,81.14968872070312,176.61900329589844,164.6422119140625,7.0627946853637695,47.32600021362305,243.06690979003906,32.14097213745117
2020-04-15,68.66239166259766,115.38400268554688,62.31245803833008,77.14743041992188,175.429443359375,162.91709899902344,6.985437393188477,48.65533447265625,253.11306762695312,30.663835525512695
2020-04-16,69.20796966552734,120.40950012207031,62.31889343261719,74.20735168457031,174.71571350097656,167.80801391601562,7.330182075500488,49.680667877197266,268.164306640625,29.656352996826172
2020-04-17,68.26891326904297,118.75,63.3879280090332,80.87776947021484,177.67970275878906,169.28671264648438,7.270984649658203,50.259334564208984,261.0924987792969,32.73939514160156
2020-04-20,66.85185241699219,119.68049621582031,62.503265380859375,77.92919158935547,176.68841552734375,165.93121337890625,7.1399006843566895,49.75733184814453,253.52645874023438,31.194089889526367
2020-04-21,64.78544616699219,116.40599822998047,60.07529830932617,75.66890716552734,169.31317138671875,159.0688018798828,6.703621864318848,45.781333923339844,246.3826904296875,31.027433395385742
2020-04-22,66.65150451660156,118.17449951171875,62.36748123168945,75.91532135009766,180.69320678710938,164.47157287597656,7.117516040802002,48.807334899902344,248.92568969726562,31.91371726989746
2020-04-23,66.39321899414062,119.97250366210938,62.99986267089844,75.95780181884766,183.51844787597656,162.4810791015625,7.064286231994629,47.04199981689453,256.3929748535156,32.913639068603516
2020-04-24,68.3099365234375,120.51100158691406,63.26898193359375,77.07945251464844,188.41542053222656,165.44784545898438,7.2030792236328125,48.34333419799805,261.7485046386719,33.125728607177734
2020-04-27,68.3582534790039,118.80000305175781,62.9844970703125,80.40193176269531,185.86778259277344,164.9739227294922,7.389381408691406,53.25,264.16571044921875,33.28480529785156
2020-04-28,67.25019836425781,115.7040023803711,61.087825775146484,80.97122955322266,181.31773376464844,160.95501708984375,7.247107028961182,51.27466583251953,259.1155700683594,34.06503677368164
2020-04-29,69.45903015136719,118.635498046875,66.5191650390625,83.15508270263672,192.4995574951172,168.17767333984375,7.423707008361816,53.367332458496094,258.4776306152344,35.951229095458984
2020-04-30,70.92436981201172,123.69999694824219,66.7431640625,81.3706283569336,202.92799377441406,169.86488342285156,7.269989013671875,52.12533187866211,262.8088073730469,35.20130157470703
2020-05-01,69.78250885009766,114.302001953125,65.28707885742188,79.23779296875,200.5092315673828,165.46681213378906,7.033692359924316,46.75466537475586,255.65614318847656,32.67879867553711
2020-05-04,70.76984405517578,115.79949951171875,65.56362915039062,78.2945785522461,203.47320556640625,169.51416015625,7.245364665985107,50.74599838256836,258.3788146972656,33.99686813354492
2020-05-05,71.83202362060547,115.88999938964844,66.85814666748047,78.17562103271484,205.26744079589844,171.33401489257812,7.306305408477783,51.2140007019043,263.3210144042969,33.958988189697266
2020-05-06,72.57313537597656,117.56300354003906,66.68022918701172,76.70555877685547,206.6552276611328,173.02120971679688,7.407041072845459,52.172000885009766,259.4840393066406,33.32268142700195
2020-05-07,73.32390594482422,118.38050079345703,67.86225128173828,77.50431823730469,209.4209442138672,174.0259246826172,7.5831451416015625,52.00266647338867,256.0964050292969,33.512062072753906
2020-05-08,75.06912994384766,118.98049926757812,68.60863494873047,78.77042388916016,210.50148010253906,175.04959106445312,7.772929668426514,54.62799835205078,257.89361572265625,34.981624603271484
2020-05-11,76.2503662109375,120.44999694824219,69.56266021728516,76.45065307617188,211.32423400878906,177.002197265625,8.024645805358887,54.08599853515625,259.4122314453125,34.64832305908203
2020-05-12,75.37897491455078,117.84750366210938,68.15467071533203,73.95243835449219,208.2710418701172,172.9927520751953,7.762979984283447,53.96066665649414,258.522705078125,34.06917190551758
2020-05-13,74.46881103515625,118.39600372314453,66.8239517211914,71.4032211303711,203.3145751953125,170.37667846679688,7.740594863891602,52.73066711425781,249.80630493164062,32.3780632019043
2020-05-14,74.92632293701172,119.44249725341797,67.24671936035156,74.36881256103516,205.0096893310547,171.1160125732422,7.989826202392578,53.55533218383789,261.1374206542969,32.663780212402344
2020-05-15,74.48336029052734,120.48899841308594,68.04959869384766,72.99223327636719,209.0442657470703,173.60885620117188,8.447741508483887,53.27799987792969,261.4519348144531,32.43212890625
2020-05-18,76.23828887939453,121.31300354003906,68.6502685546875,76.85851287841797,211.3341522216797,175.26766967773438,8.70592975616455,54.242000579833984,263.6085205078125,35.01124954223633
2020-05-19,75.79773712158203,122.46649932861328,68.11600494384766,75.34598541259766,214.99205017089844,174.0543975830078,8.76089859008789,53.867332458496094,259.7356872558594,33.930179595947266
2020-05-20,77.27184295654297,124.89700317382812,69.83873748779297,77.60629272460938,227.9680938720703,176.4686279296875,8.924565315246582,54.37066650390625,258.7831115722656,35.03441619873047
2020-05-21,76.69576263427734,122.33699798583984,69.71929931640625,76.62060546875,229.375732421875,174.34901428222656,8.730802536010742,55.17333221435547,257.81268310546875,34.40894317626953
2020-05-22,77.1895523071289,121.84400177001953,70.04093170166016,76.02580261230469,232.86508178710938,174.42503356933594,8.98052978515625,54.45866775512695,260.535400390625,34.439823150634766
2020-05-26,76.66670989990234,121.09300231933594,70.44385528564453,81.4216079711914,230.17868041992188,172.5811309814453,8.673593521118164,54.591331481933594,264.9834289550781,35.4514045715332
2020-05-27,77.000732421875,120.51950073242188,70.38983154296875,86.13762664794922,227.1453094482422,172.8092041015625,8.48206901550293,54.68199920654297,272.9627380371094,35.70622253417969
2020-05-28,77.03460693359375,120.05500030517578,70.28874206542969,84.85453796386719,223.49734497070312,172.41949462890625,8.444013595581055,53.72066879272461,273.1424865722656,34.77959442138672
2020-05-29,76.95958709716797,122.11849975585938,71.0460205078125,82.68771362304688,223.13058471679688,174.1779327392578,8.830543518066406,55.66666793823242,273.9332275390625,35.111637115478516
2020-06-01,77.90603637695312,123.552001953125,71.11292266845703,83.78386688232422,229.8911895751953,173.77870178222656,8.761646270751953,59.87333297729492,274.9037780761719,35.73710632324219
2020-06-02,78.2667007446289,123.62049865722656,71.48165130615234,84.06427764892578,230.69415283203125,175.75576782226562,8.780550003051758,58.770668029785156,275.2452392578125,36.532466888427734
2020-06-03,78.69754791259766,123.91999816894531,71.32999420166016,88.60184478759766,228.15643310546875,176.18348693847656,8.725080490112305,58.86399841308594,274.3825988769531,38.02280044555664
2020-06-04,78.01981353759766,123.02999877929688,70.09346771240234,90.4457778930664,224.3201141357422,173.86427307128906,8.726078987121582,57.62533187866211,267.849853515625,37.91469192504883
2020-06-05,80.24188232421875,124.1500015258789,71.36817169189453,94.51602172851562,228.76112365722656,177.93240356445312,8.878870964050293,59.04399871826172,280.2233581542969,40.98801803588867
2020-06-08,80.71632385253906,126.2030029296875,71.76564025878906,96.40242767333984,229.3856201171875,179.0349578857422,8.764398574829102,63.327999114990234,278.0937194824219,42.26987075805664
2020-06-09,83.26519012451172,130.04299926757812,71.96585845947266,93.92969512939453,236.59237670898438,180.40367126464844,9.004287719726562,62.711334228515625,277.85107421875,41.32779312133789
2020-06-10,85.40737915039062,132.37249755859375,72.59130859375,90.12288665771484,234.6692352294922,187.0951690673828,9.32355785369873,68.336669921875,274.7419738769531,39.11159896850586
2020-06-11,81.30693817138672,127.89800262451172,69.47891998291016,82.60272979736328,222.47628784179688,177.0484161376953,8.755692481994629,64.85600280761719,254.95516967773438,35.65989685058594
2020-06-12,82.0088882446289,127.2509994506836,70.02507781982422,84.8630142211914,226.5901641845703,178.44566345214844,8.891310691833496,62.35200119018555,256.2311706542969,36.42436218261719
2020-06-15,83.02311706542969,128.63400268554688,70.41263580322266,86.0356674194336,230.47604370117188,179.58627319335938,9.131450653076172,66.05999755859375,257.2465515136719,36.401187896728516
2020-06-16,85.22342681884766,130.7635040283203,71.68782043457031,86.72393798828125,233.59864807128906,183.98703002929688,9.02668571472168,65.47533416748047,263.2850341796875,37.21971893310547
2020-06-17,85.10482788085938,132.0489959716797,71.98866271972656,84.53163146972656,233.4796905517578,184.62387084960938,9.193411827087402,66.11933135986328,262.925537109375,36.00737380981445
2020-06-18,85.13870239257812,132.69900512695312,71.07576751708984,84.07279205322266,233.8861083984375,186.60093688964844,9.175495147705078,66.9306640625,261.9191589355469,36.23130798339844
2020-06-19,84.65216064453125,133.75050354003906,70.6059341430664,83.11257934570312,236.7113037109375,185.48880004882812,9.21854305267334,66.72666931152344,262.8306579589844,35.50544738769531
2020-06-22,86.86700439453125,135.6909942626953,71.89550018310547,82.21186065673828,237.13755798339844,190.64048767089844,9.482826232910156,66.28800201416016,264.1211853027344,35.845218658447266
2020-06-23,88.72113800048828,138.2205047607422,72.5556411743164,83.21454620361328,240.13124084472656,191.91416931152344,9.406424522399902,66.78533172607422,268.5703125,36.061424255371094
2020-06-24,87.15503692626953,136.72000122070312,71.00537109375,80.4359130859375,231.9828338623047,188.04562377929688,9.192914962768555,64.0566635131836,260.97161865234375,34.362606048583984
2020-06-25,88.31210327148438,137.72900390625,71.42169189453125,83.24003601074219,233.62838745117188,190.42189025878906,9.44624137878418,65.73200225830078,267.3248596191406,34.87997055053711
2020-06-26,85.59861755371094,134.64349365234375,67.52820587158203,78.67695617675781,214.19898986816406,186.6103515625,9.112788200378418,63.982666015625,258.8959655761719,33.68307113647461
2020-06-29,87.57139587402344,134.0189971923828,69.24449157714844,79.02533721923828,218.71929931640625,188.615966796875,9.15757942199707,67.29000091552734,261.49505615234375,34.223609924316406
2020-06-30,88.30237579345703,137.9409942626953,70.27932739257812,79.92608642578125,225.0933380126953,193.43492126464844,9.453956604003906,71.98733520507812,266.1788330078125,34.5324821472168
2020-07-01,88.1353530883789,143.93499755859375,71.46630096435547,79.24628448486328,235.48208618164062,194.56602478027344,9.486056327819824,74.64199829101562,268.68756103515625,33.75257110595703
2020-07-02,88.1353530883789,144.51499938964844,72.85051727294922,79.50370025634766,231.3880615234375,196.0487823486328,9.5679292678833,80.57733154296875,269.1658935546875,34.03828430175781
2020-07-06,90.49299621582031,152.8520050048828,74.3234634399414,81.51144409179688,238.1883544921875,200.2689971923828,9.793882369995117,91.43866729736328,273.2721252441406,34.27765655517578
2020-07-07,90.21221923828125,150.00599670410156,73.84123229980469,79.21197509765625,238.76329040527344,197.94032287597656,9.8262300491333,92.65733337402344,267.7129821777344,33.3896369934082
2020-07-08,92.31327819824219,154.0554962158203,74.51921844482422,80.05282592773438,241.45962524414062,202.29354858398438,10.168893814086914,91.05867004394531,269.25616455078125,33.31241989135742
2020-07-09,92.7102279663086,159.13150024414062,75.26559448242188,78.31964111328125,242.37159729003906,203.70973205566406,10.460543632507324,92.9520034790039,262.7584228515625,31.937917709350586
2020-07-10,92.87242889404297,160.0,76.27416229248047,82.60111236572266,242.93666076660156,203.09193420410156,10.430929183959961,102.97666931152344,262.8217468261719,32.93405532836914
2020-07-13,92.44397735595703,155.1999969482422,74.94693756103516,83.78518676757812,236.91946411132812,196.81869506835938,10.005899429321289,99.80400085449219,270.4745178222656,32.941768646240234
2020-07-14,93.97376251220703,154.1999969482422,75.3746337890625,84.26567840576172,237.6431121826172,198.0353240966797,10.329151153564453,101.12000274658203,278.42510986328125,34.030555725097656
2020-07-15,94.6200942993164,150.44349670410156,75.1773910522461,85.5698471069336,238.1883544921875,197.74063110351562,10.18009090423584,103.06732940673828,274.4091796875,34.462982177734375
2020-07-16,93.4557876586914,149.9949951171875,75.08025360107422,85.8100814819336,238.8326873779297,193.82464599609375,10.088017463684082,100.04266357421875,277.1886901855469,34.192726135253906
2020-07-17,93.26696014404297,148.09849548339844,75.17589569091797,84.22277069091797,239.923095703125,192.8361053466797,10.154461860656738,100.05599975585938,276.62921142578125,33.60585021972656
2020-07-20,95.23247528076172,159.8419952392578,77.50475311279297,83.48489379882812,243.2835693359375,201.1243896484375,10.462285041809082,109.53333282470703,273.8586730957031,32.81822204589844
2020-07-21,93.91812896728516,156.9145050048828,77.11223602294922,85.29529571533203,239.6455535888672,198.41554260253906,10.280876159667969,104.55733489990234,275.3476867675781,34.47843551635742
2020-07-22,94.18195343017578,154.99549865722656,77.5548095703125,84.67753601074219,237.78189086914062,201.26698303222656,10.390616416931152,106.15533447265625,276.79168701171875,33.67535400390625
2020-07-23,89.89511108398438,149.32749938964844,75.17095947265625,84.92634582519531,230.57521057128906,192.51295471191406,10.083041191101074,100.87133026123047,273.41650390625,33.744850158691406
2020-07-24,89.67241668701172,150.44549560546875,74.74769592285156,84.32573699951172,228.70167541503906,191.33436584472656,10.147490501403809,94.46666717529297,271.4490966796875,33.53635025024414
2020-07-27,91.79767608642578,152.760498046875,75.79936981201172,83.14167785644531,231.4673614501953,193.75811767578125,10.37344741821289,102.63999938964844,269.4727783203125,34.030555725097656
2020-07-28,90.28968048095703,150.01649475097656,74.52171325683594,83.50204467773438,228.11679077148438,192.01870727539062,10.168397903442383,98.43267059326172,270.67303466796875,33.62900924682617
2020-07-29,92.02037048339844,151.67649841308594,75.50597381591797,85.5269546508789,231.25918579101562,193.9577178955078,10.417244911193848,99.94066619873047,276.7645263671875,33.99967956542969
2020-07-30,93.13384246826172,152.593994140625,76.2424545288086,83.24462127685547,232.45864868164062,193.80564880371094,10.565054893493652,99.16600036621094,275.4560546875,32.33173370361328
2020-07-31,102.88389587402344,158.23399353027344,73.74359893798828,82.9185791015625,251.46176147460938,194.86070251464844,10.565802574157715,95.38400268554688,273.2449645996094,32.49390411376953
2020-08-03,105.47633361816406,155.59449768066406,73.48637390136719,82.45525360107422,249.7666778564453,205.81985473632812,10.959481239318848,99.0,273.9940490722656,32.62517166137695
2020-08-04,106.18070983886719,156.94149780273438,73.01753997802734,81.98334503173828,247.65521240234375,202.73069763183594,11.17597770690918,99.13333129882812,274.7972106933594,33.56724548339844
2020-08-05,106.56558990478516,160.25149536132812,73.30448150634766,83.40765380859375,246.95135498046875,202.39805603027344,11.234707832336426,99.00133514404297,281.9897766113281,33.860679626464844
2020-08-06,110.28355407714844,161.25,74.58612823486328,83.43338012695312,262.9707336425781,205.63925170898438,11.28322982788086,99.30533599853516,283.4246520996094,33.69851303100586
2020-08-07,107.77618408203125,158.3730010986328,74.26001739501953,85.26954650878906,266.1032409667969,201.9608917236328,11.147859573364258,96.84733581542969,286.10498046875,33.54408645629883
2020-08-10,109.34269714355469,157.4080047607422,74.1832046508789,86.35065460205078,260.7105712890625,197.94032287597656,11.113516807556152,94.57133483886719,287.9730224609375,34.37031936645508
2020-08-11,106.09087371826172,154.0334930419922,73.37635040283203,89.07915496826172,253.90036010742188,193.31138610839844,10.799971580505371,91.6259994506836,284.769287109375,34.72554016113281
2020-08-12,109.61671447753906,158.11199951171875,74.69962310791016,88.32408142089844,257.627685546875,198.83375549316406,11.387496948242188,103.65066528320312,290.83380126953125,34.71765899658203
2020-08-13,111.55667877197266,158.05099487304688,75.16598510742188,87.83502960205078,259.0252990722656,198.36795043945312,11.39023494720459,108.06666564941406,290.15692138671875,33.867244720458984
2020-08-14,111.4572525024414,157.4010009765625,74.57026672363281,87.86932373046875,258.9658508300781,198.55810546875,11.5106782913208,110.04733276367188,292.1243591308594,34.0168571472168
2020-08-17,111.16624450683594,159.12049865722656,75.14566802978516,85.55269622802734,258.8865661621094,199.86978149414062,12.28011417388916,122.3759994506836,289.2455139160156,33.575897216796875
2020-08-18,112.09259033203125,165.62449645996094,77.10530090332031,84.36006927490234,260.0562744140625,201.01988220214844,12.204214096069336,125.80599975585938,285.9064636230469,33.41053009033203
2020-08-19,112.23321533203125,163.0240020751953,76.55169677734375,84.5573959350586,260.30413818359375,199.80027770996094,12.082528114318848,125.23533630371094,284.63397216796875,33.040443420410156
2020-08-20,114.7236328125,164.86849975585938,78.11978149414062,83.54492950439453,266.6683044433594,204.44993591308594,12.085017204284668,133.45533752441406,282.765869140625,32.53649139404297
2020-08-21,120.63563537597656,164.23599243164062,78.08610534667969,83.50204467773438,264.6856994628906,202.96356201171875,12.625017166137695,136.6653289794922,283.4969482421875,32.29237365722656
2020-08-24,122.0784683227539,165.3730010986328,78.56088256835938,85.85298919677734,269.02752685546875,203.60194396972656,12.661595344543457,134.27999877929688,278.7138977050781,33.24517822265625
2020-08-25,121.07695007324219,167.32449340820312,79.58678436279297,86.23052215576172,278.37542724609375,206.25067138671875,12.691210746765137,134.8893280029297,281.76416015625,32.19002914428711
2020-08-26,122.7234878540039,172.09249877929688,81.48396301269531,85.02073669433594,301.26446533203125,210.70973205566406,12.714101791381836,143.54466247558594,278.6958312988281,31.50495719909668
2020-08-27,121.25640869140625,170.0,80.71031951904297,87.81786346435547,290.66748046875,215.8834228515625,12.570018768310547,149.25,281.2678527832031,31.2923526763916
2020-08-28,121.05997467041016,170.08999633789062,81.25102996826172,88.17823028564453,291.1036682128906,218.10345458984375,13.087125778198242,147.55999755859375,283.7043762207031,32.0404052734375
2020-08-31,125.1653823852539,172.54800415039062,80.7603759765625,85.96453857421875,290.6476745605469,214.88299560546875,13.31282901763916,166.10667419433594,282.0619812011719,31.449844360351562
2020-09-01,130.1510772705078,174.95599365234375,82.02665710449219,85.92166137695312,292.8681335449219,216.5408477783203,13.761384963989258,158.35000610351562,282.31463623046875,31.048255920410156
2020-09-02,127.45450592041016,176.57249450683594,85.11476135253906,87.2172622680664,299.8666687011719,220.71408081054688,14.284621238708496,149.1233367919922,289.0018615722656,30.859264373779297
2020-09-03,117.2503890991211,168.39999389648438,80.75938415527344,86.94269561767578,288.5857849121094,207.04151916503906,12.95936107635498,135.6666717529297,285.3830261230469,30.796283721923828
2020-09-04,117.3280029296875,164.7310028076172,78.36561584472656,88.82173919677734,280.2687683105469,204.1355438232422,12.568056106567383,139.44000244140625,281.56561279296875,30.77265167236328
2020-09-08,109.43242645263672,157.49200439453125,75.51042938232422,85.7328872680664,268.79949951171875,193.0926513671875,11.861618995666504,110.06999969482422,277.2789306640625,30.06397247314453
2020-09-09,113.79727935791016,163.4304962158203,76.68154907226562,86.54798889160156,271.3372497558594,201.3152618408203,12.660155296325684,122.09333038330078,281.5836181640625,29.882854461669922
2020-09-10,110.08232116699219,158.7554931640625,75.63185119628906,85.65567016601562,265.7562255859375,195.67474365234375,12.258644104003906,123.77999877929688,274.887451171875,29.134801864624023
2020-09-11,108.63706970214844,155.81100463867188,75.12187194824219,86.71958923339844,264.28912353515625,194.39794921875,12.112030029296875,124.23999786376953,273.19293212890625,29.056062698364258
2020-09-14,111.89617919921875,155.14849853515625,74.77842712402344,87.92082214355469,263.8331298828125,195.7128143310547,12.816728591918945,139.8733367919922,279.61773681640625,28.867080688476562
2020-09-15,112.07075500488281,157.80650329589844,76.08136749267578,85.1837387084961,270.048583984375,198.9237518310547,12.934969902038574,149.9199981689453,278.4034423828125,28.559974670410156
2020-09-16,108.76315307617188,153.90499877929688,74.93999481201172,85.54411315917969,261.2259521484375,195.3698272705078,12.46052360534668,147.25332641601562,277.760009765625,29.772621154785156
2020-09-17,107.02690124511719,150.43649291992188,73.69850158691406,84.56597900390625,252.60177612304688,193.33087158203125,12.409743309020996,141.14332580566406,276.3644714355469,29.764738082885742
2020-09-18,103.6319808959961,147.74549865722656,71.91679382324219,84.38578033447266,250.33168029785156,190.92984008789062,12.136675834655762,147.38333129882812,279.1192626953125,29.284414291381836
2020-09-21,106.77469635009766,148.02349853515625,70.87850952148438,81.7774429321289,245.9898223876953,192.9783477783203,12.46325969696045,149.79666137695312,271.1177978515625,28.685972213745117
2020-09-22,108.45274353027344,156.44949340820312,72.3494644165039,80.88508605957031,252.53236389160156,197.62794494628906,12.583239555358887,141.41000366210938,266.65032958984375,27.977285385131836
2020-09-23,103.90357971191406,149.9929962158203,69.8501205444336,79.57232666015625,246.85226440429688,191.12039184570312,12.071457862854004,126.78666687011719,264.7292785644531,27.079622268676758
2020-09-24,104.97057342529297,150.989501953125,70.51770782470703,79.50370025634766,247.35780334472656,193.59762573242188,12.294737815856934,129.26333618164062,265.2005310058594,27.024497985839844
2020-09-25,108.90863037109375,154.75650024414062,71.32059478759766,80.19867706298828,252.60177612304688,198.00904846191406,12.81822395324707,135.77999877929688,274.1171875,27.276473999023438
2020-09-28,111.50816345214844,158.70249938964844,72.29198455810547,82.50674438476562,254.58436584472656,199.55252075195312,12.978775978088379,140.39999389648438,274.77874755859375,27.804054260253906
2020-09-29,110.664306640625,157.24400329589844,72.65673828125,81.81172943115234,259.5110778808594,197.4754638671875,13.168702125549316,139.69000244140625,275.6123352050781,26.993003845214844
2020-09-30,112.3326416015625,157.43649291992188,72.63592529296875,82.60111236572266,259.6201171875,200.40054321289062,13.472140312194824,143.00332641601562,282.5173645019531,27.032377243041992
2020-10-01,113.2832260131836,161.06300354003906,73.7411117553711,83.20174407958984,264.3089599609375,202.4299774169922,13.55577564239502,149.3866729736328,283.69549560546875,26.087461471557617
2020-10-02,109.62643432617188,156.25,72.14032745361328,83.99109649658203,257.67718505859375,196.45602416992188,13.005910873413086,138.3633270263672,282.7077331542969,25.969348907470703
2020-10-05,113.0019302368164,159.9600067138672,73.4898452758789,85.76636505126953,262.34619140625,200.44818115234375,13.583656311035156,141.89332580566406,288.2988586425781,26.567790985107422
2020-10-06,109.76222229003906,154.9980010986328,71.913330078125,84.88304901123047,256.4083251953125,196.189208984375,13.677251815795898,137.9933319091797,284.9460144042969,26.292190551757812
2020-10-07,111.62456512451172,159.7845001220703,72.31576538085938,86.36388397216797,255.873046875,199.92413330078125,13.903769493103027,141.76666259765625,292.8478088378906,26.37881088256836
2020-10-08,111.51788330078125,159.52749633789062,73.51959228515625,88.1391372680664,261.4639587402344,200.63873291015625,13.779058456420898,141.97332763671875,292.15911865234375,27.764680862426758
2020-10-09,113.45783233642578,164.33250427246094,74.85871124267578,87.63687896728516,262.1479187011719,205.62185668945312,13.703388214111328,144.6666717529297,297.07958984375,27.355215072631836
2020-10-12,120.66471099853516,172.14649963378906,77.54191589355469,88.71068572998047,273.349609375,210.94796752929688,14.164639472961426,147.43333435058594,299.009765625,27.268600463867188
2020-10-13,117.46382141113281,172.18150329589844,77.66483306884766,87.27315521240234,273.7362060546875,212.3390350341797,14.18679428100586,148.88333129882812,300.3236999511719,26.945755004882812
2020-10-14,117.5511245727539,168.1855010986328,77.48491668701172,86.78822326660156,269.4538269042969,210.43348693847656,14.034455299377441,153.76666259765625,291.6516418457031,26.890640258789062
2020-10-15,117.08551788330078,166.9324951171875,77.08992004394531,88.08718872070312,264.398193359375,209.29013061523438,13.909745216369629,149.6266632080078,294.1164245605469,27.126869201660156
2020-10-16,115.44625854492188,163.635498046875,77.69605255126953,87.90531921386719,263.61505126953125,209.29013061523438,13.751928329467773,146.55667114257812,298.94635009765625,26.851268768310547
2020-10-19,112.49755096435547,160.36050415039062,75.82514190673828,86.42450714111328,259.12451171875,204.10691833496094,13.439532279968262,143.61000061035156,293.79931640625,26.315813064575195
2020-10-20,113.98160552978516,160.85049438476562,76.87234497070312,86.9181137084961,265.23089599609375,204.51658630371094,13.586645126342773,140.64666748046875,293.06524658203125,26.536298751831055
2020-10-21,113.36083984375,159.2469940185547,78.6025161743164,86.0521469116211,276.30364990234375,204.65956115722656,13.466415405273438,140.8800048828125,292.50347900390625,26.111080169677734
2020-10-22,112.27445220947266,158.82000732421875,79.6269302368164,89.0916976928711,275.6989440917969,204.74526977539062,13.30337142944336,141.92999267578125,295.1676025390625,27.449710845947266
2020-10-23,111.58576965332031,160.22000122070312,80.9313735961914,89.89705657958984,282.3109130859375,206.0220184326172,13.531634330749512,140.2100067138672,299.5807189941406,26.898509979248047
2020-10-26,111.59546661376953,160.3520050048828,78.51825714111328,87.6715087890625,274.69769287109375,200.1623992919922,13.084566116333008,140.0933380126953,292.7481689453125,26.260692596435547
2020-10-27,113.09892272949219,164.31649780273438,79.2413558959961,86.0174789428711,280.82391357421875,203.1826629638672,13.338968276977539,141.55999755859375,290.4374084472656,25.843355178833008
2020-10-28,107.86107635498047,158.13900756835938,74.87604522705078,83.60142517089844,265.33990478515625,193.11166381835938,12.57253646850586,135.33999633789062,279.1011047363281,24.859073638916016
2020-10-29,111.85734558105469,160.55050659179688,77.1598129272461,84.14698791503906,278.3853759765625,195.05538940429688,12.96782398223877,136.94332885742188,275.1865234375,25.96147346496582
2020-10-30,105.59132385253906,151.8074951171875,80.09526062011719,84.90038299560547,260.8196105957031,192.91162109375,12.479937553405762,129.34666442871094,276.509521484375,25.68587303161621
2020-11-02,105.5040283203125,150.2239990234375,80.50216674804688,86.81419372558594,259.0848388671875,192.77822875976562,12.52648639678955,133.50332641601562,282.81640625,26.764650344848633
2020-11-03,107.1239013671875,152.42050170898438,81.5597915649414,89.55068969726562,262.99053955078125,196.68466186523438,12.963343620300293,141.3000030517578,291.198486328125,26.307933807373047
2020-11-04,111.49847412109375,162.05799865722656,86.5252685546875,86.81419372558594,284.8782653808594,206.1744842529297,13.734750747680664,140.32666015625,321.29254150390625,26.166200637817383
2020-11-05,115.4559555053711,166.10000610351562,87.3504409790039,90.36470031738281,292.11480712890625,212.74871826171875,14.098925590515137,146.02999877929688,321.1474914550781,26.118953704833984
2020-11-06,115.32477569580078,165.56849670410156,87.21318054199219,89.16097259521484,290.8558654785156,213.15841674804688,14.499192237854004,143.31666564941406,314.85870361328125,25.811853408813477
2020-11-09,113.02198028564453,157.18699645996094,87.29691314697266,101.23271179199219,276.34326171875,208.0800323486328,13.571955680847168,140.4199981689453,317.1604919433594,29.07968521118164
2020-11-10,112.6819076538086,151.75100708007812,86.12232971191406,100.90364074707031,270.0584716796875,201.04847717285156,12.714919090270996,136.7866668701172,320.5042419433594,29.724822998046875
2020-11-11,116.10209655761719,156.8695068359375,86.59366607666016,99.39683532714844,274.0732421875,206.32691955566406,13.360123634338379,139.0433349609375,318.700927734375,29.418378829956055
2020-11-12,115.83003234863281,155.51400756835938,86.3750991821289,98.17581939697266,272.6853942871094,205.26930236816406,13.398707389831543,137.25332641601562,321.15655517578125,28.410354614257812
2020-11-13,115.87864685058594,156.4405059814453,87.83414459228516,98.79066467285156,274.5390930175781,206.28878784179688,13.239645957946777,136.1666717529297,322.29833984375,29.09581184387207
2020-11-16,116.88915252685547,156.55299377441406,87.92188262939453,101.5791015625,276.5316162109375,206.9748077392578,13.456957817077637,136.02999877929688,323.3404846191406,30.773174285888672
2020-11-17,116.00495147705078,156.7830047607422,87.30880737304688,100.54859161376953,272.6061096191406,204.3356170654297,13.364356994628906,147.20333862304688,319.0634765625,31.184452056884766
2020-11-18,114.68351745605469,155.2729949951172,86.26705169677734,99.8038558959961,269.6025085449219,201.64169311523438,13.370828628540039,162.2133331298828,312.18548583984375,30.007064819335938
2020-11-19,115.27620697021484,155.8509979248047,87.1556625366211,100.07230377197266,270.56402587890625,202.92176818847656,13.382278442382812,166.42333984375,305.3801574707031,30.160293579101562
2020-11-20,114.01306915283203,154.97000122070312,86.055908203125,99.2149887084961,267.35223388671875,200.98252868652344,13.03129768371582,163.20333862304688,303.29595947265625,29.789339065551758
2020-11-23,110.62201690673828,154.91949462890625,85.6187973022461,102.07270812988281,266.09326171875,200.71505737304688,13.083324432373047,173.9499969482422,303.62213134765625,31.740896224975586
2020-11-24,111.90458679199219,155.9029998779297,87.41983795166016,106.79228210449219,274.50933837890625,204.29737854003906,12.901862144470215,185.1266632080078,304.48309326171875,33.85371398925781
2020-11-25,112.74022674560547,159.2534942626953,87.43122863769531,105.67517852783203,273.1909484863281,204.30691528320312,13.177666664123535,191.3333282470703,301.92767333984375,32.91021728515625
2020-11-27,113.28431701660156,159.76699829101562,88.56566619873047,104.9737319946289,275.3916320800781,205.60610961914062,13.20405101776123,195.25332641601562,306.23199462890625,32.41020965576172
2020-11-30,115.6745834350586,158.40199279785156,86.94901275634766,102.08136749267578,274.5589904785156,204.49801635742188,13.343697547912598,189.1999969482422,304.7820739746094,30.748981475830078
2020-12-01,119.24052429199219,161.00399780273438,88.97901153564453,103.69209289550781,284.0555419921875,206.5422821044922,13.332244873046875,194.9199981689453,309.17706298828125,31.047359466552734
2020-12-02,119.59032440185547,160.17649841308594,90.44650268554688,105.683837890625,285.0170593261719,205.7398681640625,13.486080169677734,189.60667419433594,314.9493103027344,32.20861053466797
2020-12-03,119.45429229736328,159.3365020751953,90.29137420654297,104.99102783203125,279.3965148925781,204.66041564941406,13.342159271240234,197.7933349609375,315.9642639160156,32.42634963989258
2020-12-04,118.78385162353516,158.12899780273438,90.38653564453125,105.9436264038086,277.2651672363281,204.77503967285156,13.50375747680664,199.67999267578125,318.2014465332031,33.611785888671875
2020-12-07,120.2413330078125,157.89999389648438,90.05297088623047,105.54528045654297,283.093994140625,204.70814514160156,13.55206298828125,213.9199981689453,316.3553161621094,32.98278045654297
2020-12-08,120.85346984863281,158.864501953125,89.7704849243164,105.64918518066406,280.9329833984375,206.35122680664062,13.296343803405762,216.6266632080078,316.3553161621094,34.063392639160156
2020-12-09,118.32717895507812,155.2100067138672,88.11168670654297,104.82648468017578,275.5007019042969,202.32949829101562,12.878779411315918,201.4933319091797,313.2178649902344,34.51498031616211
2020-12-10,119.74578094482422,155.07449340820312,87.60567474365234,104.15104675292969,274.7076110839844,201.10671997070312,12.920114517211914,209.02333068847656,308.88885498046875,35.49075698852539
2020-12-11,118.93931579589844,155.8209991455078,87.96002960205078,103.53619384765625,271.168701171875,203.72422790527344,12.96094799041748,203.3300018310547,306.54248046875,35.3214111328125
2020-12-14,118.32717895507812,157.84849548339844,86.84294128417969,102.4450912475586,271.80316162109375,204.6221923828125,13.255261421203613,213.27667236328125,305.68768310546875,34.047264099121094
2020-12-15,124.25422668457031,158.25599670410156,87.28008270263672,104.19435119628906,273.1513366699219,204.55532836914062,13.306802749633789,211.0833282470703,308.9071044921875,34.70853042602539
2020-12-16,124.18621826171875,162.04800415039062,87.08726501464844,104.49744415283203,273.270263671875,209.47503662109375,13.189277648925781,207.58999633789062,308.6069641113281,35.24076461791992
2020-12-17,125.05099487304688,161.8040008544922,86.26061248779297,103.63146209716797,272.09063720703125,209.6087646484375,13.287631034851074,218.63333129882812,310.7259826660156,35.06336212158203
2020-12-18,123.0688247680664,160.08250427246094,85.55238342285156,103.12055206298828,273.993896484375,208.8158721923828,13.218658447265625,231.6666717529297,307.7338562011719,34.45854187011719
2020-12-21,124.59431457519531,160.3090057373047,85.96571350097656,106.99144744873047,270.4153747558594,212.63702392578125,13.278665542602539,216.6199951171875,305.6421813964844,33.829524993896484
2020-12-22,128.14083862304688,160.3260040283203,85.25501251220703,105.36341094970703,264.7649841308594,213.92662048339844,13.224882125854492,213.44667053222656,304.66912841796875,33.25697326660156
2020-12-23,127.24690246582031,159.2635040283203,85.65200805664062,108.30775451660156,265.77606201171875,211.1372528076172,12.956965446472168,215.32666015625,307.01544189453125,33.68437194824219
2020-12-24,128.22824096679688,158.63450622558594,85.94589233398438,107.83145141601562,265.0722351074219,212.78985595703125,12.94152545928955,220.58999633789062,309.9255676269531,33.54727554321289
2020-12-28,132.81442260742188,164.197998046875,87.91840362548828,108.54156494140625,274.58868408203125,214.9010772705078,12.848152160644531,221.22999572753906,314.618408203125,33.66017150878906
2020-12-29,131.04603576660156,166.10000610351562,87.11553955078125,108.25578308105469,274.3705749511719,214.1272430419922,12.891230583190918,221.99667358398438,315.8915710449219,33.28116989135742
2020-12-30,129.92868041992188,164.29249572753906,86.04947662353516,108.55887603759766,269.50335693359375,211.76771545410156,13.09291934967041,231.5933380126953,313.74530029296875,33.54727554321289
2020-12-31,128.92787170410156,162.84649658203125,86.86178588867188,110.0396957397461,270.7820739746094,212.47462463378906,13.002532005310059,235.22332763671875,318.9198913574219,33.240840911865234
2021-01-04,125.7408676147461,159.3314971923828,85.54792022705078,109.00052642822266,266.59881591796875,207.95611572265625,13.060796737670898,243.2566680908203,317.8468322753906,33.46663284301758
2021-01-05,127.29550170898438,160.92550659179688,86.23782348632812,109.59363555908203,268.6111755371094,208.15670776367188,13.350876808166504,245.0366668701172,313.5724182128906,35.0794792175293
2021-01-06,123.0105209350586,156.91900634765625,85.38684844970703,114.73968505859375,261.0178527832031,202.7593994140625,12.563803672790527,251.9933319091797,326.7319030761719,35.97461700439453
2021-01-07,127.20803833007812,158.10800170898438,87.93724060058594,118.50765991210938,266.4006042480469,208.52926635742188,13.290369987487793,272.0133361816406,331.9703063964844,36.256858825683594
2021-01-08,128.30596923828125,159.13499450683594,89.1014175415039,118.63848114013672,265.2407531738281,209.79983520507812,13.223390579223633,293.3399963378906,330.4788513183594,36.66007614135742
2021-01-11,125.32303619384766,155.7104949951172,87.04266357421875,120.40908813476562,254.60418701171875,207.76504516601562,13.566755294799805,270.39666748046875,328.077880859375,37.772945404052734
2021-01-12,125.14815521240234,156.04150390625,86.10795593261719,122.30177307128906,248.9042205810547,205.3195343017578,13.43055248260498,283.14666748046875,325.00396728515625,38.611629486083984
2021-01-13,127.17887115478516,158.29449462890625,86.59465789794922,122.41519165039062,249.449462890625,206.66648864746094,13.477365493774414,284.8033447265625,322.8850402832031,39.04709243774414
2021-01-14,125.2550277709961,156.37350463867188,85.78531646728516,123.1303939819336,243.50167846679688,203.49493408203125,13.147197723388672,281.6666564941406,318.78350830078125,40.57124328613281
2021-01-15,123.53520202636719,155.21249389648438,85.62177276611328,120.92369842529297,249.17189025878906,203.14144897460938,12.807815551757812,275.38665771484375,319.48370361328125,38.61968994140625
2021-01-19,124.20563507080078,156.03799438476562,88.43929290771484,120.40033721923828,258.8270568847656,206.76202392578125,12.972900390625,281.51666259765625,320.2931823730469,39.38579177856445
2021-01-20,128.28656005859375,163.16900634765625,93.17727661132812,118.5948715209961,265.1515808105469,214.3087921142578,13.312031745910645,283.48333740234375,319.0653991699219,39.94223403930664
2021-01-21,132.9893035888672,165.34950256347656,93.37948608398438,117.60055541992188,270.4946594238281,214.91053771972656,13.811765670776367,281.663330078125,322.8486633300781,38.79710388183594
2021-01-22,135.12698364257812,164.6114959716797,93.79629516601562,116.69343566894531,272.1104431152344,215.8468017578125,13.657386779785156,282.21331787109375,316.0734558105469,38.24873352050781
2021-01-25,138.86782836914062,164.6999969482422,93.88153076171875,115.2368392944336,275.58990478515625,219.2667236328125,13.59837532043457,293.6000061035156,316.3099365234375,37.821327209472656
2021-01-26,139.1010284423828,166.30650329589844,94.55902099609375,114.76586151123047,279.5946960449219,221.9415283203125,13.381253242492676,294.36334228515625,312.03546142578125,36.99070739746094
2021-01-27,138.0321807861328,161.62899780273438,90.14763641357422,111.52120971679688,269.7710266113281,222.4859619140625,12.86583423614502,288.0533447265625,302.8320617675781,36.57136535644531
2021-01-28,133.20310974121094,161.88099670410156,91.84558868408203,113.48371124267578,262.69317626953125,228.2463836669922,12.99854564666748,278.4766540527344,307.52471923828125,37.14392852783203
2021-01-29,128.21852111816406,160.30999755859375,90.56494903564453,112.22770690917969,256.0811767578125,221.5880584716797,12.937541961669922,264.510009765625,303.36859130859375,36.160091400146484
2021-02-01,130.3367156982422,167.1439971923828,93.82157135009766,113.05631256103516,259.72918701171875,228.93418884277344,13.183797836303711,279.9366760253906,303.7505798339844,36.224613189697266
2021-02-02,131.16262817382812,169.0,95.11260986328125,116.53648376464844,264.7550048828125,228.8004608154297,13.502266883850098,290.92999267578125,308.0430908203125,36.797176361083984
2021-02-03,130.14244079589844,165.62649536132812,102.03919982910156,117.87094116210938,264.3287353515625,232.1343994140625,13.476120948791504,284.89666748046875,307.2882385253906,38.24067306518555
2021-02-04,133.49461364746094,166.5500030517578,101.77899169921875,120.58348846435547,264.170166015625,231.1886444091797,13.609330177307129,283.3299865722656,299.49444580078125,38.97452163696289
2021-02-05,133.0810546875,167.6074981689453,103.5235366821289,120.3479995727539,265.7661437988281,231.3701629638672,13.536377906799316,284.07666015625,295.1200866699219,40.28092956542969
2021-02-08,133.2270050048828,166.14700317382812,103.30992889404297,122.23200988769531,264.25933837890625,231.62803649902344,14.380720138549805,287.8066711425781,294.9654235839844,42.01474380493164
2021-02-09,132.3511962890625,165.25,102.85742950439453,121.74359893798828,267.1044006347656,232.86996459960938,14.205927848815918,283.1533203125,299.7763366699219,41.52266311645508
2021-02-10,131.7478790283203,164.32899475097656,103.40705108642578,121.81334686279297,269.50335693359375,231.9624481201172,14.704912185668945,268.2733459472656,303.20489501953125,41.92453384399414
2021-02-11,131.49484252929688,163.10650634765625,103.51956939697266,121.47320556640625,268.0362854003906,233.5577850341797,15.189455032348633,270.5533447265625,302.90484619140625,40.8747673034668
2021-02-12,131.72842407226562,163.885498046875,103.83081817626953,123.2001724243164,268.145263671875,234.0354461669922,14.901118278503418,272.0400085449219,298.51220703125,41.43244934082031
2021-02-16,129.6070556640625,163.44749450683594,104.607421875,126.16569519042969,271.5850524902344,232.80311584472656,15.268634796142578,265.40667724609375,295.22015380859375,42.679039001464844
2021-02-17,127.32030487060547,165.4320068359375,104.99995422363281,126.55818176269531,271.18853759765625,233.8180389404297,14.846091270446777,266.04998779296875,297.2572326660156,43.34333419799805
2021-02-18,126.22069549560547,166.4114990234375,104.36506652832031,126.98556518554688,267.0449523925781,233.4254608154297,14.769401550292969,262.4599914550781,298.6668395996094,42.66263198852539
2021-02-19,126.37637329101562,162.4949951171875,103.52253723144531,129.10507202148438,259.2831115722656,230.725341796875,14.866511344909668,260.4333190917969,295.18365478515625,42.949676513671875
2021-02-22,122.61050415039062,159.03700256347656,101.81023406982422,130.3174285888672,258.06378173828125,224.53997802734375,14.298050880432129,238.1666717529297,297.966552734375,44.532508850097656
2021-02-23,122.47422790527344,159.72500610351562,102.10065460205078,131.36407470703125,263.5456848144531,223.35275268554688,14.085161209106445,232.94667053222656,299.667236328125,45.14759826660156
2021-02-24,121.97796630859375,157.97650146484375,103.27474975585938,133.67544555664062,262.0091552734375,224.5782928466797,14.440728187561035,247.33999633789062,302.1226806640625,46.500797271728516
2021-02-25,117.73524475097656,152.85800170898438,99.91156005859375,131.8612060546875,252.472900390625,219.25469970703125,13.254014015197754,227.4066619873047,299.0851745605469,45.72987747192383
2021-02-26,117.99800109863281,154.64649963378906,100.2069320678711,128.36366271972656,255.37741088867188,222.50050354003906,13.659381866455078,225.1666717529297,302.13177490234375,44.58991241455078
2021-03-01,124.35232543945312,157.3070068359375,102.5734634399414,131.2681427001953,262.6039123535156,226.86671447753906,13.786117553710938,239.47666931152344,304.3417663574219,46.254764556884766
2021-03-02,121.7541732788086,154.72650146484375,102.31674194335938,130.84075927734375,256.745361328125,223.9272003173828,13.35236930847168,228.81333923339844,304.3326110839844,45.98411178588867
2021-03-03,118.77645874023438,150.25,99.68656158447266,133.3701629638672,253.18663024902344,217.88548278808594,12.753287315368652,217.73333740234375,302.7229919433594,46.35317611694336
2021-03-04,116.89839935302734,148.8784942626953,100.80265808105469,131.32044982910156,255.397216796875,217.0907745361328,12.32053279876709,207.14666748046875,303.5777282714844,48.14924240112305
2021-03-05,118.15369415283203,150.0229949951172,103.9319076538086,131.62574768066406,261.97943115234375,221.7537384033203,12.411417007446289,199.31666564941406,315.66412353515625,49.969905853271484
2021-03-08,113.22982025146484,147.59750366210938,99.49276733398438,133.3701629638672,253.08749389648438,217.72268676757812,11.546655654907227,187.6666717529297,318.45611572265625,49.92070007324219
2021-03-09,117.83258056640625,153.1425018310547,101.12133026123047,132.4281463623047,263.4267272949219,223.8409881591797,12.474233627319336,224.52667236328125,320.1022033691406,49.1497802734375
2021-03-10,116.75242614746094,152.8820037841797,100.9146728515625,135.30648803710938,262.5940246582031,222.53884887695312,12.42242431640625,222.68666076660156,317.9377746582031,50.65880584716797
2021-03-11,118.67916107177734,155.67950439453125,104.10388946533203,134.60000610351562,271.495849609375,227.04861450195312,12.945747375488281,233.1999969482422,321.12078857421875,50.28154754638672
2021-03-12,117.77416229248047,154.47450256347656,101.59910583496094,136.19613647460938,266.0635681152344,225.727294921875,12.808749198913574,231.2433319091797,324.9266052246094,50.82283020019531
2021-03-15,120.65453338623047,154.08399963378906,101.81914520263672,135.51577758789062,271.3669738769531,224.82720947265625,13.142767906188965,235.97999572753906,322.9734191894531,49.527042388916016
2021-03-16,122.19204711914062,154.59300231933594,103.2787094116211,133.8935089111328,276.8488464355469,227.60397338867188,13.242400169372559,225.6266632080078,323.630615234375,48.47728729248047
2021-03-17,121.40384674072266,156.7864990234375,103.19593048095703,135.27159118652344,281.5376281738281,226.96241760253906,13.292216300964355,233.93666076660156,321.4220275878906,48.69050979614258
2021-03-18,117.2876205444336,151.39950561523438,100.17870330810547,137.5044708251953,276.1946105957031,220.91114807128906,12.675741195678711,217.72000122070312,330.429931640625,46.59101104736328
2021-03-19,116.76213073730469,153.7480010986328,100.45722198486328,135.31517028808594,287.5845031738281,220.556884765625,12.798537254333496,218.2899932861328,333.65155029296875,46.328582763671875
2021-03-22,120.0706787109375,155.5435028076172,100.64208984375,131.67808532714844,290.9847412109375,225.9570770263672,13.137784957885742,223.3333282470703,334.81982421875,45.8529052734375
2021-03-23,119.2435531616211,156.875,101.1694107055664,130.361083984375,288.10003662109375,227.47947692871094,13.022711753845215,220.72000122070312,336.3166809082031,45.28702163696289
2021-03-24,116.85946655273438,154.35350036621094,100.73329162597656,131.37278747558594,279.6839904785156,225.4496307373047,12.596532821655273,210.08999633789062,338.2331848144531,46.20555114746094
2021-03-25,117.34600830078125,152.31300354003906,100.72980499267578,133.05618286132812,276.3135681152344,222.46226501464844,12.489178657531738,213.4633331298828,338.6803283691406,46.07432556152344
2021-03-26,117.94932556152344,152.60150146484375,100.3467025756836,135.27159118652344,280.5562438964844,226.42623901367188,12.792059898376465,206.23666381835938,343.59967041015625,47.32911682128906
2021-03-29,118.1244888305664,153.7864990234375,101.39044952392578,133.16957092285156,288.2883605957031,225.2389678955078,12.90065860748291,203.76333618164062,345.9542541503906,47.07487869262695
2021-03-30,116.67456817626953,152.76449584960938,101.42414855957031,134.73956298828125,285.492919921875,221.99305725097656,12.824442863464355,211.8733367919922,340.93475341796875,46.492591857910156
2021-03-31,118.86405181884766,154.70399475097656,102.21959686279297,132.77706909179688,291.9660949707031,225.74642944335938,13.29919147491455,222.64332580566406,339.57476806640625,45.78728485107422
2021-04-01,119.69120025634766,158.0500030517578,105.55302429199219,134.06796264648438,296.06011962890625,232.04664611816406,13.760986328125,220.5833282470703,335.011474609375,47.06667709350586
2021-04-05,122.51317596435547,161.3365020751953,109.97283935546875,134.77857971191406,306.22088623046875,238.4810028076172,13.936091423034668,230.35000610351562,337.8498229980469,46.33677291870117
2021-04-06,122.81483459472656,161.1909942626953,109.49211883544922,133.83102416992188,303.5939636230469,237.32241821289062,13.810552597045898,230.5399932861328,332.5472717285156,46.20555114746094
2021-04-07,124.4593734741211,163.96949768066406,110.967529296875,135.92791748046875,310.3645324707031,239.2756805419922,14.091517448425293,223.6566619873047,333.7064208984375,46.41058349609375
2021-04-08,126.85319519042969,164.96499633789062,111.53252410888672,136.0946044921875,310.2950744628906,242.48326110839844,14.26438045501709,227.93333435058594,333.0218505859375,45.92671203613281
2021-04-09,129.42214965820312,168.61000061035156,112.5356216430664,137.1123504638672,309.73992919921875,244.97274780273438,14.347079277038574,225.67333984375,343.4354248046875,45.82009506225586
2021-04-12,127.70950317382812,168.96949768066406,111.24457550048828,136.8227996826172,308.8280029296875,245.03021240234375,15.153101921081543,233.9933319091797,343.4171142578125,45.51665115356445
2021-04-13,130.81370544433594,170.0,111.73075103759766,135.19090270996094,307.0635070800781,247.50050354003906,15.62187385559082,254.10667419433594,341.7925720214844,45.688880920410156
2021-04-14,128.478271484375,166.64999389648438,111.11026000976562,132.6641845703125,300.1839294433594,244.72378540039062,15.22085189819336,244.07666015625,342.8238525390625,47.009273529052734
2021-04-15,130.88185119628906,168.95449829101562,113.25820922851562,133.50643920898438,305.140380859375,248.46754455566406,16.07794761657715,246.28334045410156,355.947998046875,46.730430603027344
2021-04-16,130.55093383789062,169.9720001220703,113.13432312011719,134.4978790283203,303.5146789550781,249.65480041503906,15.85401725769043,246.5933380126953,356.8606872558594,46.46798324584961
2021-04-19,131.21266174316406,168.60049438476562,113.48172760009766,133.9275665283203,299.6090087890625,247.73988342285156,15.305290222167969,238.2100067138672,355.7928771972656,46.32037353515625
2021-04-20,129.52920532226562,166.7344970703125,112.94895935058594,130.96209716796875,300.0153503417969,247.2803192138672,15.115489959716797,239.663330078125,361.8986511230469,45.344425201416016
2021-04-21,129.90872192382812,168.1009979248047,112.91625213623047,132.07635498046875,298.84564208984375,249.50167846679688,15.304046630859375,248.0399932861328,363.97943115234375,45.92671203613281
2021-04-22,128.39071655273438,165.45199584960938,111.63610076904297,129.29513549804688,293.938720703125,246.2366485595703,14.795672416687012,239.89666748046875,361.9077453613281,45.328025817871094
2021-04-23,130.7066650390625,167.04400634765625,113.98575592041016,131.76927185058594,298.5086364746094,250.04745483398438,15.209147453308105,243.13333129882812,365.34844970703125,45.57405090332031
2021-04-26,131.0958709716797,170.4499969482422,114.48136138916016,132.09388732910156,300.40203857421875,250.43045043945312,15.421116828918457,246.06666564941406,361.2870788574219,45.664276123046875
2021-04-27,130.77481079101562,170.8715057373047,113.54219055175781,132.69927978515625,300.9274597167969,250.83255004882812,15.325217247009277,234.913330078125,360.0458679199219,46.26296615600586
2021-04-28,129.98654174804688,172.9250030517578,116.91529083251953,133.55908203125,304.4266662597656,243.73760986328125,15.220602989196777,231.46665954589844,360.1280517578125,47.657161712646484
2021-04-29,129.88925170898438,173.5655059814453,118.58647155761719,136.1560516357422,326.6415710449219,241.77474975585938,15.268427848815918,225.6666717529297,366.48016357421875,48.337867736816406
2021-04-30,127.92359161376953,173.37100219726562,116.64073181152344,134.94529724121094,322.25006103515625,241.45872497558594,14.954334259033203,236.47999572753906,363.9703369140625,46.943660736083984
2021-05-03,128.97454833984375,169.32449340820312,116.12429809570312,134.55050659179688,319.77191162109375,241.1523895263672,14.782221794128418,228.3000030517578,370.4502258300781,48.23945236206055
2021-05-04,124.41069030761719,165.593505859375,114.32772827148438,136.41043090820312,315.5886535644531,237.25540161132812,14.298503875732422,224.53334045410156,375.4151611328125,48.542903900146484
2021-05-05,124.65399169921875,163.52699279785156,114.72123718261719,138.20025634765625,312.2776794433594,235.99148559570312,14.405359268188477,223.64666748046875,376.4737854003906,50.002708435058594
2021-05-06,126.24987030029297,165.31849670410156,115.84031677246094,140.98147583007812,317.234130859375,239.1129608154297,14.469624519348145,221.17999267578125,378.7279968261719,50.478370666503906
2021-05-07,126.92244720458984,164.58050537109375,116.56291198730469,141.46400451660156,316.3023986816406,241.7268829345703,14.757808685302734,224.1233367919922,381.17401123046875,51.20008087158203
2021-05-10,123.64727783203125,159.52450561523438,113.58035278320312,141.44647216796875,303.3065185546875,236.6713104248047,14.213316917419434,209.67999267578125,384.1310119628906,51.32310485839844
2021-05-11,122.73102569580078,161.19549560546875,112.50538635253906,139.0951690673828,303.86163330078125,235.76170349121094,14.253669738769531,205.73333740234375,375.7437744140625,49.69105911254883
2021-05-12,119.67030334472656,157.5970001220703,109.04556274414062,138.13882446289062,299.9162902832031,228.839111328125,13.707934379577637,196.6300048828125,369.96649169921875,49.95732498168945
2021-05-13,121.81475067138672,158.07350158691406,110.47242736816406,141.69210815429688,302.6026611328125,232.6977996826172,13.61502742767334,190.56333923339844,372.8779296875,49.34159469604492
2021-05-14,124.23213195800781,161.14500427246094,112.91773986816406,143.89425659179688,313.1896667480469,237.60009765625,14.190653800964355,196.5800018310547,374.00958251953125,50.56473922729492
2021-05-17,123.08191680908203,163.51950073242188,113.44010925292969,144.4733123779297,312.7138977050781,234.75634765625,14.11343765258789,192.27667236328125,372.9418029785156,51.746273040771484
2021-05-18,121.69776916503906,161.61399841308594,112.12923431396484,142.4378662109375,307.26171875,232.74563598632812,13.964238166809082,192.6233367919922,374.5389709472656,50.28182601928711
2021-05-19,121.54180145263672,161.58999633789062,112.5767593383789,141.3499755859375,310.8601379394531,233.3214111328125,14.014050483703613,187.82000732421875,373.7358093261719,49.07533645629883
2021-05-20,124.09565734863281,162.38400268554688,114.33368682861328,141.1042938232422,315.8364562988281,236.5460205078125,14.558792114257812,195.5933380126953,372.950927734375,48.958839416503906
2021-05-21,122.26313781738281,160.1540069580078,113.69831085205078,142.7098388671875,313.4772033691406,235.288818359375,14.936652183532715,193.6266632080078,375.6798095703125,49.0254020690918
2021-05-24,123.8909683227539,162.24949645996094,117.014404296875,143.48191833496094,321.8040466308594,240.67276000976562,15.554621696472168,202.14666748046875,375.0591735839844,49.59954071044922
2021-05-25,123.69601440429688,162.95249938964844,117.10509490966797,141.99920654296875,324.93658447265625,241.57485961914062,15.590239524841309,201.56333923339844,376.97576904296875,48.47624206542969
2021-05-26,123.64727783203125,163.25799560546875,117.96943664550781,141.98165893554688,324.8076477050781,241.35414123535156,15.642300605773926,206.3766632080078,377.1217956542969,49.042049407958984
2021-05-27,122.11690521240234,161.5054931640625,117.09568786621094,144.1925506591797,329.8533935546875,239.26199340820312,15.431076049804688,210.28334045410156,376.6563720703125,48.725868225097656
2021-05-28,121.4638442993164,161.15350341796875,116.80674743652344,144.09603881835938,325.8683776855469,239.6170654296875,16.184797286987305,208.4066619873047,375.94439697265625,48.567771911621094
2021-06-01,121.14214324951172,160.9324951171875,118.01254272460938,145.68408203125,326.264892578125,237.42898559570312,16.204721450805664,207.96665954589844,371.1986083984375,50.306793212890625
2021-06-02,121.90247344970703,161.69949340820312,117.48772430419922,145.69281005859375,326.28472900390625,237.3330078125,16.716585159301758,201.7066650390625,370.40460205078125,50.70619201660156
2021-06-03,120.42085266113281,159.35049438476562,116.34732055664062,145.7893524169922,323.2017517089844,235.80709838867188,16.907381057739258,190.94667053222656,372.33026123046875,50.9058837890625
2021-06-04,122.71150970458984,160.31100463867188,118.6266098022461,146.02621459960938,327.4742126464844,240.6823272705078,17.513643264770508,199.68333435058594,370.212890625,51.13053894042969
2021-06-07,122.72126770019531,159.90049743652344,119.05926513671875,145.3418731689453,333.6499938964844,243.5806427001953,17.554244995117188,201.7100067138672,365.2936706542969,50.79771041870117
2021-06-08,123.5400619506836,163.20550537109375,118.86796569824219,144.7628631591797,330.7752685546875,242.3905792236328,17.39284324645996,201.19667053222656,366.653564453125,51.696346282958984
2021-06-09,123.92019653320312,164.0574951171875,119.33879089355469,142.95550537109375,327.3751525878906,243.3695068359375,17.298418045043945,199.5933380126953,366.0694580078125,52.129032135009766
2021-06-10,122.92594909667969,167.4824981689453,120.68634033203125,140.72702026367188,329.5658874511719,246.8723907470703,17.364938735961914,203.3733367919922,366.42535400390625,52.21223449707031
2021-06-11,124.13465118408203,167.3415069580078,120.4420166015625,140.6305389404297,328.3763732910156,247.4962158203125,17.763809204101562,203.29666137695312,363.13983154296875,51.7296257019043
2021-06-14,127.18559265136719,169.19349670410156,121.36930084228516,138.24417114257812,333.83837890625,249.4155731201172,17.956636428833008,205.89666748046875,364.29888916015625,51.64642333984375
2021-06-15,126.36682891845703,169.156494140625,120.35231018066406,136.14724731445312,333.8185729980469,247.94725036621094,17.727184295654297,199.7866668701172,365.3210144042969,53.52689743041992
2021-06-16,126.86392974853516,170.7624969482422,119.71099090576172,137.1035614013672,328.1978759765625,247.00677490234375,17.748859405517578,201.6233367919922,362.5556945800781,53.335514068603516
2021-06-17,128.46255493164062,174.46200561523438,120.6734619140625,133.146728515625,333.58062744140625,250.3848876953125,18.59293556213379,205.53334045410156,362.64691162109375,51.57986068725586
2021-06-18,127.16616821289062,174.34500122070312,119.0553207397461,129.7777099609375,326.7902526855469,248.97413635253906,18.574506759643555,207.77000427246094,356.6654357910156,50.25687026977539
2021-06-21,128.95970153808594,172.697998046875,120.74185943603516,131.97982788085938,329.39739990234375,252.04515075683594,18.363727569580078,206.94332885742188,364.634765625,52.0790901184082
2021-06-22,130.5972442626953,175.27200317382812,121.25528717041016,131.786865234375,336.0787353515625,254.80909729003906,18.821651458740234,207.90333557128906,365.20257568359375,53.077579498291016
2021-06-23,130.3243408203125,175.1909942626953,121.0535888671875,132.585205078125,337.6250915527344,254.57872009277344,18.991559982299805,218.85667419433594,362.33551025390625,53.468650817871094
2021-06-24,130.04161071777344,172.45399475097656,121.4233169555664,133.8047332763672,340.19256591796875,255.9415740966797,19.139297485351562,226.60667419433594,365.36749267578125,53.68498611450195
2021-06-25,129.7492218017578,170.072998046875,121.43173217773438,135.15586853027344,338.39837646484375,254.33871459960938,18.965402603149414,223.9566650390625,370.93682861328125,53.80146789550781
2021-06-28,131.3770751953125,172.1945037841797,121.4590072631836,135.4015350341797,352.54412841796875,257.8897399902344,19.916114807128906,229.57333374023438,367.7399597167969,52.428565979003906
2021-06-29,132.88792419433594,172.40699768066406,121.19781494140625,135.2348175048828,348.8267517089844,260.4617004394531,19.957719802856445,226.9199981689453,364.662109375,52.10406494140625
2021-06-30,133.50204467773438,172.00799560546875,121.01641845703125,136.4630889892578,344.68316650390625,259.9818420410156,19.93355369567871,226.56666564941406,366.8056640625,52.486812591552734
2021-07-01,133.80418395996094,171.64849853515625,121.36830139160156,137.81423950195312,351.3049621582031,260.6536560058594,20.142330169677734,225.97332763671875,370.8819274902344,52.63658142089844
2021-07-02,136.42628479003906,175.5489959716797,124.15657043457031,137.68182373046875,351.6122741699219,266.459716796875,20.416378021240234,226.3000030517578,374.9763488769531,52.56169891357422
2021-07-06,138.4342498779297,183.78700256347656,125.08087921142578,135.36996459960938,349.7090148925781,266.4694519042969,20.62714958190918,219.86000061035156,375.8008117675781,51.063968658447266
2021-07-07,140.9198760986328,184.82899475097656,125.36238861083984,135.52879333496094,347.4389343261719,268.64794921875,20.301530838012695,214.88333129882812,377.083251953125,50.265193939208984
2021-07-08,139.6234893798828,186.57049560546875,123.94495391845703,133.19036865234375,342.6410217285156,266.23907470703125,19.83414649963379,217.60333251953125,375.5168762207031,50.040531158447266
2021-07-09,141.4462432861328,185.9669952392578,124.415283203125,137.45245361328125,347.3695983886719,266.7381286621094,19.981130599975586,218.98333740234375,377.49542236328125,50.947486877441406
2021-07-12,140.85165405273438,185.92750549316406,125.8594741821289,139.4202117919922,350.0856628417969,266.14306640625,20.441795349121094,228.56666564941406,381.09527587890625,50.89755630493164
2021-07-13,141.96286010742188,183.8679962158203,126.22225189208984,137.34652709960938,349.0250244140625,269.6556091308594,20.180194854736328,222.84666442871094,383.3853759765625,50.6562614440918
2021-07-14,145.3842315673828,184.08399963378906,127.1098861694336,136.8788604736328,344.6038818359375,271.12384033203125,19.77310562133789,217.7933349609375,379.90447998046875,49.53297805786133
2021-07-15,144.73117065429688,181.55999755859375,125.88871765136719,137.1789093017578,341.46142578125,269.7035827636719,18.9008731842041,216.86666870117188,384.7684631347656,49.05036544799805
2021-07-16,142.6939697265625,178.68150329589844,125.8540267944336,134.0463409423828,338.19012451171875,269.4348449707031,18.09839630126953,214.74000549316406,384.4479064941406,47.6941032409668
2021-07-19,138.8533935546875,177.47950744628906,123.4830551147461,129.68724060058594,334.01678466796875,265.8456115722656,18.71501922607422,215.4066619873047,374.7016296386719,46.054927825927734
2021-07-20,142.46002197265625,178.6595001220703,125.1002197265625,132.10504150390625,338.6858215332031,268.0625,18.547842025756836,220.1666717529297,378.283203125,46.5624885559082
2021-07-21,141.72891235351562,179.25999450683594,126.42793273925781,134.88465881347656,343.2160339355469,270.05865478515625,19.343097686767578,218.42999267578125,379.81292724609375,48.060211181640625
2021-07-22,143.09356689453125,181.90150451660156,127.29276275634766,133.1815643310547,348.1328430175781,274.6075744628906,19.526460647583008,216.4199981689453,380.847900390625,47.51936721801758
2021-07-23,144.80914306640625,182.83200073242188,131.84591674804688,132.9257049560547,366.5708923339844,277.9952697753906,19.490583419799805,214.4600067138672,382.61590576171875,47.461124420166016
2021-07-26,145.22830200195312,184.99099731445312,132.85693359375,133.8169403076172,369.21771240234375,277.4002685546875,19.227495193481445,219.2066650390625,378.80523681640625,48.659297943115234
2021-07-27,143.06434631347656,181.3195037841797,130.74069213867188,133.6404571533203,364.6081848144531,274.991455078125,19.141788482666016,214.92666625976562,380.23431396484375,48.11846160888672
2021-07-28,141.31948852539062,181.51600646972656,134.8978271484375,133.8610382080078,370.0305480957031,274.6844787597656,19.435771942138672,215.66000366210938,374.8023681640625,48.44296646118164
2021-07-29,141.96286010742188,179.99600219726562,134.58412170410156,135.00819396972656,355.2007751464844,274.953125,19.594228744506836,225.78334045410156,377.4679260253906,49.033729553222656
2021-07-30,142.17733764648438,166.37950134277344,133.5423583984375,133.93162536621094,353.1983337402344,273.4271240234375,19.431787490844727,229.06666564941406,377.59619140625,47.90211486816406
2021-08-02,141.8459014892578,166.57400512695312,133.6692352294922,133.39337158203125,348.8861999511719,273.3408508300781,19.68192481994629,236.55667114257812,380.664794921875,47.910438537597656
2021-08-03,143.6394500732422,168.31199645996094,134.4379119873047,134.91111755371094,348.18243408203125,275.5481262207031,19.74669647216797,236.5800018310547,386.463134765625,48.42631149291992
2021-08-04,143.23977661132812,167.73599243164062,133.93785095214844,133.45516967773438,355.79559326171875,274.9626770019531,20.204116821289062,236.97332763671875,386.1333312988281,47.29471969604492
2021-08-05,143.34698486328125,168.79949951171875,135.05392456054688,135.1405487060547,359.810302734375,277.8514404296875,20.56586456298828,238.2100067138672,376.6526184082031,47.59425354003906
2021-08-06,142.66366577148438,167.2469940185547,134.54547119140625,138.97903442382812,360.34564208984375,277.79376220703125,20.295795440673828,233.03334045410156,380.2526550292969,48.14341735839844
2021-08-09,142.6148681640625,167.093505859375,135.70962524414062,138.8290252685547,358.46209716796875,276.70928955078125,20.22504234313965,237.9199981689453,376.3594665527344,47.59425354003906
2021-08-10,142.1365203857422,166.03399658203125,135.6045684814453,140.53207397460938,357.986328125,274.8954772949219,19.867286682128906,236.663330078125,377.1931457519531,48.4096794128418
2021-08-11,142.39035034179688,164.60549926757812,135.08119201660156,142.20864868164062,356.8265075683594,275.3849792480469,19.63109588623047,235.94000244140625,373.4924621582031,48.551124572753906
2021-08-12,145.3482666015625,165.1750030517578,135.98817443847656,142.76454162597656,359.49310302734375,278.1297302246094,19.83639144897461,240.75,371.86199951171875,48.44132614135742
2021-08-13,145.5532684326172,164.69850158691406,136.5169677734375,141.16737365722656,360.0184631347656,281.0471496582031,20.1184139251709,239.05667114257812,375.2604064941406,47.951419830322266
2021-08-16,147.52517700195312,164.94949340820312,137.0938720703125,140.2408447265625,363.3691101074219,282.7267150878906,19.881235122680664,228.72332763671875,382.1670227050781,47.25034713745117
2021-08-17,146.6173095703125,162.09800720214844,135.46034240722656,138.546630859375,355.3296813964844,281.267822265625,19.39093017578125,221.90333557128906,386.3531494140625,46.92938232421875
2021-08-18,142.87844848632812,160.06100463867188,134.25852966308594,137.2847900390625,352.35577392578125,279.5467529296875,18.974367141723633,229.663330078125,382.2677917480469,45.941131591796875
2021-08-19,143.21034240722656,159.3874969482422,134.48745727539062,136.1376495361328,352.02862548828125,285.35443115234375,19.72975730895996,224.49000549316406,391.9500427246094,44.53898239135742
2021-08-20,144.66488647460938,159.99749755859375,136.22158813476562,136.5259246826172,356.2416687011719,292.6524658203125,20.744247436523438,226.75332641601562,393.6171875,44.54743957519531
2021-08-23,146.14878845214844,163.2935028076172,138.81065368652344,138.27308654785156,360.1869812011719,292.93133544921875,21.88231086730957,235.43333435058594,389.6324768066406,46.38035583496094
2021-08-24,146.06089782714844,165.28900146484375,140.01991271972656,139.12901306152344,362.3282165527344,290.97943115234375,21.717880249023438,236.163330078125,387.8462829589844,46.76044464111328
2021-08-25,144.8308563232422,164.95899963378906,140.83021545410156,141.99685668945312,365.1831359863281,290.3929443359375,22.136430740356445,237.06666564941406,384.48455810546875,46.84491729736328
2021-08-26,144.03038024902344,165.8000030517578,140.19735717773438,142.72923278808594,361.20806884765625,287.5851745605469,21.991933822631836,233.72000122070312,381.8372802734375,46.21141815185547
2021-08-27,145.0651397705078,167.48150634765625,142.73831176757812,143.8763885498047,369.38629150390625,288.1910400390625,22.557971954345703,237.30667114257812,383.5868835449219,47.106754302978516
2021-08-30,149.47760009765625,171.07850646972656,143.31967163085938,141.57327270507812,377.3462829589844,291.91204833984375,22.609785079956055,243.6366729736328,383.1654968261719,46.591522216796875
2021-08-31,148.2183380126953,173.5395050048828,143.4257049560547,141.14088439941406,376.07745361328125,290.2678527832031,22.3117733001709,245.24000549316406,381.30596923828125,46.050933837890625
2021-09-01,148.88214111328125,173.9499969482422,143.93914794921875,140.93795776367188,378.7242126464844,290.21978759765625,22.36758804321289,244.69667053222656,382.2952575683594,45.41743469238281
2021-09-02,149.99502563476562,173.156005859375,142.02760314941406,141.5909423828125,372.01312255859375,289.56597900390625,22.322736740112305,244.1300048828125,388.12109375,46.52394485473633
2021-09-03,150.62957763671875,173.90249633789062,142.4761199951172,140.73501586914062,372.984619140625,289.55633544921875,22.76827621459961,244.52333068847656,387.3423767089844,46.346561431884766
2021-09-07,152.96270751953125,175.46449279785156,143.0124053955078,140.48794555664062,378.8530578613281,288.6331481933594,22.587862014770508,250.97332763671875,385.8585510253906,46.07626724243164
2021-09-08,151.42027282714844,176.27499389648438,142.42807006835938,139.8614044189453,374.283203125,288.662109375,22.26592445373535,251.2899932861328,380.49993896484375,45.653934478759766
2021-09-09,150.405029296875,174.20799255371094,142.27938842773438,140.4702606201172,374.7094421386719,285.81591796875,22.104450225830078,251.6199951171875,379.7304382324219,45.68772888183594
2021-09-10,145.42636108398438,173.45750427246094,139.6378173828125,138.85545349121094,375.3934631347656,284.3352355957031,22.40447235107422,245.42333984375,371.2828674316406,45.594810485839844
2021-09-13,145.99256896972656,172.85850524902344,141.08152770996094,141.0614776611328,373.2324523925781,285.56597900390625,22.079540252685547,247.6666717529297,381.0357666015625,46.76890563964844
2021-09-14,144.5965576171875,172.5,141.2916259765625,138.59957885742188,373.2522277832031,288.2583312988281,22.169246673583984,248.163330078125,379.2156982421875,46.10161590576172
2021-09-15,145.48489379882812,173.7895050048828,143.1600799560547,139.5614013671875,370.6650085449219,293.09478759765625,22.26791763305664,251.94332885742188,383.79339599609375,47.65578079223633
2021-09-16,145.2506103515625,174.41200256347656,142.34779357910156,139.4996337890625,369.81243896484375,293.4793701171875,22.169246673583984,252.3300018310547,383.1683654785156,47.148990631103516
2021-09-17,142.58560180664062,173.12600708007812,139.56246948242188,139.13783264160156,361.54510498046875,288.335205078125,21.828359603881836,253.163330078125,386.2201843261719,46.591522216796875
2021-09-20,139.539794921875,167.7864990234375,137.50025939941406,134.97291564941406,352.6036376953125,282.9794921875,21.043935775756836,243.38999938964844,379.3628234863281,45.34986114501953
2021-09-21,140.01812744140625,167.18150329589844,137.8109893798828,134.99050903320312,354.3681640625,283.4601135253906,21.176498413085938,246.4600067138672,379.0318298339844,45.307640075683594
2021-09-22,142.3805694580078,169.00250244140625,139.05052185058594,137.5759735107422,340.2222595214844,287.0948181152344,21.869220733642578,250.64666748046875,375.6858825683594,46.63374710083008
2021-09-23,143.33724975585938,170.8000030517578,139.97479248046875,142.22628784179688,342.9483642578125,288.037109375,22.4084529876709,251.2133331298828,375.0700988769531,48.21327209472656
2021-09-24,143.42510986328125,171.2760009765625,140.9650115966797,143.86753845214844,349.8874816894531,287.835205078125,22.008766174316406,258.1300048828125,374.19677734375,48.6440315246582
2021-09-27,141.9119873046875,170.2899932861328,139.83206176757812,147.34422302246094,350.50201416015625,282.8544921875,21.589143753051758,263.78668212890625,372.5329284667969,50.088417053222656
2021-09-28,138.53431701660156,165.79800415039062,134.63613891601562,146.55003356933594,337.68463134765625,272.6141052246094,20.631284713745117,259.1866760253906,366.4201354980469,50.61210632324219
2021-09-29,139.43238830566406,165.05599975585938,133.172607421875,146.43533325195312,336.6535949707031,273.07568359375,20.449886322021484,260.4366760253906,368.0655822753906,50.578311920166016
2021-09-30,138.134033203125,164.2519989013672,132.50108337402344,144.44110107421875,336.43560791015625,271.0757141113281,20.648235321044922,258.49334716796875,359.17669677734375,49.68297576904297
2021-10-01,139.2566680908203,164.16299438476562,135.3428955078125,147.4765625,340.0240783691406,277.9794921875,20.674148559570312,258.40667724609375,360.7301330566406,51.46521759033203
2021-10-04,135.83016967773438,159.48899841308594,132.48472595214844,147.3177032470703,323.39013671875,272.2198791503906,19.667457580566406,260.510009765625,355.7479553222656,52.13249588012695
2021-10-05,137.75331115722656,161.0500030517578,134.82745361328125,149.7234649658203,330.0614929199219,277.6524963378906,20.384098052978516,260.1966552734375,361.64935302734375,52.04801940917969
2021-10-06,138.6221466064453,163.10049438476562,136.3559112548828,150.04307556152344,330.7356262207031,281.8351745605469,20.632282257080078,260.9166564941406,362.40313720703125,51.09356689453125
2021-10-07,139.88145446777344,165.1215057373047,138.00131225585938,150.992919921875,326.3541259765625,283.50830078125,21.006061553955078,264.53668212890625,372.0091247558594,51.237159729003906
2021-10-08,139.50074768066406,164.43099975585938,138.55690002441406,151.10829162597656,327.1768798828125,283.50830078125,20.762853622436523,261.8299865722656,375.46527099609375,52.52103805541992
2021-10-11,139.41290283203125,162.31500244140625,137.6930389404297,147.9302978515625,322.616943359375,282.91217041015625,20.627300262451172,263.9800109863281,372.27557373046875,51.997344970703125
2021-10-12,138.14378356933594,162.3665008544922,135.24972534179688,146.7939910888672,320.9515686035156,281.6140441894531,20.603382110595703,268.5733337402344,370.6669006347656,51.7270622253418
2021-10-13,137.55812072753906,164.21400451660156,136.37274169921875,142.9235076904297,321.71484375,284.9120788574219,20.87050437927246,270.3599853515625,370.95184326171875,51.583457946777344
2021-10-14,140.34034729003906,164.9929962158203,139.91038513183594,145.1162109375,325.67010498046875,291.1043395996094,21.67486572265625,272.7733459472656,386.40399169921875,52.36899185180664
2021-10-15,141.39463806152344,170.4510040283203,140.12545776367188,147.9036407470703,321.9329528808594,292.5082702636719,21.790483474731445,281.010009765625,393.49127197265625,52.86735153198242
2021-10-18,143.06393432617188,172.33700561523438,141.5230712890625,147.85035705566406,332.4208068847656,295.4697265625,22.149301528930664,290.03668212890625,390.3199462890625,52.84201431274414
2021-10-19,145.22132873535156,172.20750427246094,141.97805786132812,149.64356994628906,337.0303039550781,296.3736572265625,22.21708106994629,288.0899963378906,390.09930419921875,53.63599395751953
2021-10-20,145.70944213867188,170.7530059814453,140.52294921875,151.65872192382812,337.8134460449219,295.585205078125,22.030698776245117,288.6000061035156,399.9441223144531,53.9316291809082
2021-10-21,145.9241943359375,171.75050354003906,140.63893127441406,150.46917724609375,338.9039001464844,298.8062744140625,22.617765426635742,298.0,406.5533447265625,52.95181655883789
2021-10-22,145.15301513671875,166.77749633789062,136.3573760986328,152.49317932128906,321.78424072265625,297.2677917480469,22.651657104492188,303.2266540527344,412.8775939941406,53.31501007080078
2021-10-25,145.10418701171875,166.01849365234375,136.23895263671875,151.7474822998047,325.8287353515625,296.2774658203125,23.09021759033203,341.6199951171875,413.180908203125,54.353946685791016
2021-10-26,145.76803588867188,168.80349731445312,138.08409118652344,152.1558380126953,313.06085205078125,298.1813049316406,24.636146545410156,339.4766540527344,417.9148864746094,55.61249542236328
2021-10-27,145.3092041015625,169.62449645996094,144.93235778808594,148.98666381835938,309.5021057128906,310.7389221191406,24.371013641357422,345.9533386230469,416.8486633300781,54.16812515258789
2021-10-28,148.9407501220703,172.32850646972656,144.56707763671875,151.2325897216797,314.1611328125,311.8735656738281,24.85940933227539,359.0133361816406,418.6502990722656,54.32016372680664
2021-10-29,146.2366180419922,168.6215057373047,146.74478149414062,150.8153839111328,320.7532958984375,318.8638916015625,25.483360290527344,371.3333435058594,423.2740173339844,54.45530700683594
2021-11-01,145.41661071777344,165.90550231933594,142.23573303222656,150.7354736328125,327.10748291015625,316.7004699707031,25.742507934570312,402.86334228515625,417.4277038574219,55.43511199951172
2021-11-02,146.4513702392578,165.6374969482422,144.1542510986328,151.3302459716797,325.2239990234375,320.3158264160156,26.314634323120117,390.6666564941406,415.5250244140625,54.750946044921875
2021-11-03,147.88641357421875,169.1999969482422,145.3094940185547,151.3834991455078,328.7331848144531,321.15234375,26.5109920501709,404.6199951171875,420.3875732421875,53.99919891357422
2021-11-04,147.36900329589844,173.85000610351562,146.96434020996094,149.39500427246094,332.92645263671875,323.4985656738281,29.703514099121094,409.9700012207031,419.86370849609375,54.40462875366211
2021-11-05,147.89694213867188,175.94949340820312,147.54371643066406,149.18197631835938,338.1604309082031,323.13311767578125,29.654672622680664,407.36334228515625,418.99041748046875,54.91987609863281
2021-11-08,147.07571411132812,174.44900512695312,147.72113037109375,150.07855224609375,335.6722717285156,324.0273742675781,30.703231811523438,387.64666748046875,425.2503356933594,55.511138916015625
2021-11-09,147.4374542236328,178.81149291992188,147.609619140625,148.94232177734375,332.4505615234375,323.02734375,30.55671501159668,341.1666564941406,426.840576171875,56.05172348022461
2021-11-10,144.61207580566406,174.1024932861328,144.6112060546875,148.8002166748047,324.7878723144531,318.07537841796875,29.36263084411621,355.98333740234375,422.7499694824219,54.947471618652344
2021-11-11,144.56320190429688,173.625,144.48533630371094,148.7913818359375,324.88702392578125,319.6427001953125,30.290586471557617,354.5033264160156,420.4428405761719,55.05018615722656
2021-11-12,146.63580322265625,176.25750732421875,147.37124633789062,148.12554931640625,337.9225158691406,323.7677307128906,30.290586471557617,344.47332763671875,421.9134826660156,54.630741119384766
2021-11-15,146.6455535888672,177.28399658203125,147.147216796875,147.8592529296875,344.5344543457031,323.1427001953125,29.92677879333496,337.7966613769531,414.3851013183594,55.10155487060547
2021-11-16,147.62319946289062,177.03500366210938,146.5762939453125,146.7939910888672,339.9744567871094,326.450439453125,30.104198455810547,351.57666015625,413.3004455566406,55.657955169677734
2021-11-17,150.05752563476562,177.4499969482422,146.74575805664062,146.00393676757812,337.80352783203125,326.6719665527344,29.165283203125,363.0033264160156,412.6845703125,55.05018615722656
2021-11-18,154.3395538330078,184.80299377441406,148.52151489257812,144.74337768554688,335.74163818359375,328.7429504394531,31.571386337280273,365.4599914550781,413.1626281738281,54.45098114013672
2021-11-19,156.95960998535156,183.82850646972656,147.61752319335938,142.85252380371094,342.29412841796875,330.5155029296875,32.87709045410156,379.0199890136719,404.45751953125,51.93429183959961
2021-11-22,157.41912841796875,178.6284942626953,145.01611328125,145.89736938476562,338.04150390625,327.35595703125,31.85146141052246,385.6233215332031,402.1962585449219,52.653350830078125
2021-11-23,157.80039978027344,179.0019989013672,144.50067138671875,149.38613891601562,334.314208984375,325.2847900390625,31.64215660095215,369.6766662597656,411.0116271972656,54.04009246826172
2021-11-24,158.31858825683594,179.02049255371094,144.83572387695312,148.21435546875,338.0910339355469,325.50634765625,32.567115783691406,372.0,413.7967834472656,54.33970260620117
2021-11-26,153.30328369140625,175.22799682617188,140.93331909179688,143.74908447265625,330.22021484375,317.57843017578125,31.399946212768555,360.6400146484375,404.3747863769531,52.43079376220703
2021-11-29,156.65655517578125,178.07850646972656,144.2513885498047,143.12770080566406,335.0874328613281,324.27337646484375,33.266822814941406,378.9966735839844,415.4881591796875,52.721839904785156
2021-11-30,161.60340881347656,175.35350036621094,140.6503448486328,140.99713134765625,321.635498046875,318.455078125,32.56911087036133,381.586669921875,408.3367004394531,51.223812103271484
2021-12-01,161.08529663085938,172.18600463867188,139.811767578125,140.16268920898438,307.89617919921875,317.96380615234375,31.336008071899414,365.0,408.44696044921875,51.18101119995117
2021-12-02,160.09780883789062,171.8679962158203,141.7094268798828,143.1099395751953,307.6880798339844,317.39544677734375,32.02483367919922,361.5333251953125,409.99127197265625,52.45646667480469
2021-12-03,158.2207794189453,169.489501953125,140.75340270996094,140.51776123046875,304.1689147949219,311.1532897949219,30.596343994140625,338.3233337402344,414.371826171875,52.12262725830078
2021-12-06,161.62298583984375,171.36849975585938,141.8967742919922,142.1778106689453,315.1028747558594,314.216552734375,29.942407608032227,336.336669921875,424.322509765625,52.7132682800293
2021-12-07,167.35189819335938,176.1645050048828,145.97511291503906,144.31723022460938,319.99993896484375,322.626220703125,32.32487869262695,350.5833435058594,428.5831604003906,53.303924560546875
2021-12-08,171.16470336914062,176.1580047607422,146.88404846191406,142.6660614013672,327.68243408203125,322.6743469238281,31.725772857666016,356.32000732421875,432.3919677734375,53.458011627197266
2021-12-09,170.65634155273438,174.17100524902344,146.3408966064453,142.44415283203125,326.9488830566406,320.87286376953125,30.39398193359375,334.6000061035156,436.5050964355469,53.59496307373047
2021-12-10,175.4369354248047,172.21200561523438,146.70065307617188,141.87599182128906,326.8795471191406,329.9664001464844,30.1028995513916,339.010009765625,441.033203125,53.9373664855957
2021-12-13,171.8099822998047,169.5675048828125,144.5447998046875,140.18931579589844,331.5782165527344,326.9417724609375,28.072317123413086,322.13665771484375,440.9501647949219,52.756080627441406
2021-12-14,170.4314422607422,169.0915069580078,142.6421661376953,141.2634735107422,330.8347473144531,316.28765869140625,28.247758865356445,319.5033264160156,442.1675720214844,52.67903518676758
2021-12-15,175.2903289794922,173.31500244140625,145.15386962890625,140.20704650878906,338.6858215332031,322.3660888671875,30.363079071044922,325.3299865722656,455.9269714355469,52.447914123535156
2021-12-16,168.40777587890625,168.87100219726562,143.1754150390625,142.3997344970703,331.984619140625,312.9739990234375,28.297603607177734,308.97332763671875,454.5252990722656,52.533504486083984
2021-12-17,167.3127899169922,170.0175018310547,140.47933959960938,139.15957641601562,330.88433837890625,311.9142761230469,27.713449478149414,310.8566589355469,449.2317199707031,51.386451721191406
2021-12-20,165.95391845703125,167.07899475097656,140.36236572265625,136.65614318847656,322.616943359375,308.1671447753906,27.631711959838867,299.9800109863281,446.1054382324219,50.641727447509766
2021-12-21,169.1214141845703,170.41700744628906,142.2114715576172,138.56480407714844,331.290771484375,315.27618408203125,28.983436584472656,312.84332275390625,449.31475830078125,51.78879165649414
2021-12-22,171.71217346191406,171.03700256347656,145.1280975341797,139.10629272460938,327.5733947753906,320.9692077636719,29.30741310119629,336.2900085449219,455.696533203125,52.20822525024414
2021-12-23,172.33786010742188,171.06849670410156,145.625244140625,139.60340881347656,332.3216552734375,322.40460205078125,29.54665756225586,355.6666564941406,456.84918212890625,52.23390579223633
2021-12-27,176.29733276367188,169.66949462890625,146.60650634765625,140.4023895263672,343.1664733886719,329.8797912597656,30.847545623779297,364.64666748046875,460.6488037109375,52.97864532470703
2021-12-28,175.28054809570312,170.66099548339844,145.39773559570312,140.82847595214844,343.2061767578125,328.7237854003906,30.226511001586914,362.8233337402344,463.8212585449219,52.80743408203125
2021-12-29,175.3685302734375,169.2010040283203,145.3660125732422,140.75746154785156,339.9546813964844,329.3981018066406,29.906518936157227,362.0633239746094,466.25579833984375,52.345191955566406
2021-12-30,174.21493530273438,168.64450073242188,144.91549682617188,140.68641662597656,341.3622741699219,326.8646240234375,29.492828369140625,356.7799987792969,465.1953430175781,52.037017822265625
2021-12-31,173.5990447998047,166.7169952392578,143.578857421875,140.57102966308594,333.42205810546875,323.9747314453125,29.318382263183594,352.260009765625,463.0834655761719,52.379425048828125
2022-01-03,177.93972778320312,170.4044952392578,143.71713256835938,143.54489135742188,335.5929870605469,322.46240234375,30.02614402770996,399.9266662597656,463.2124938964844,54.39106369018555
2022-01-04,175.68136596679688,167.52200317382812,143.13034057617188,148.98666381835938,333.6004943847656,316.9330139160156,29.1977596282959,383.1966552734375,452.7176513671875,56.43692398071289
2022-01-05,171.00830078125,164.35699462890625,136.56407165527344,146.26284790039062,321.3481140136719,304.76666259765625,27.517072677612305,362.7066650390625,451.6017761230469,57.13884735107422
2022-01-06,168.15357971191406,163.25399780273438,136.53680419921875,147.8168182373047,329.5658874511719,302.3584289550781,28.089263916015625,354.8999938964844,433.1204833984375,58.48280715942383
2022-01-07,168.31976318359375,162.5540008544922,135.81271362304688,149.2813720703125,328.9017639160156,302.5125427246094,27.161197662353516,342.32000732421875,422.92999267578125,58.96217346191406
2022-01-10,168.33934020996094,161.48599243164062,137.45066833496094,149.4242706298828,325.2141418457031,302.734130859375,27.313709259033203,352.7066650390625,428.83221435546875,58.61121368408203
2022-01-11,171.16470336914062,165.36199951171875,138.5078125,149.57611083984375,331.4593200683594,303.4180603027344,27.729400634765625,354.79998779296875,432.5210876464844,61.07651901245117
2022-01-12,171.6046142578125,165.20700073242188,140.18740844726562,150.4244842529297,330.3589172363281,306.5871887207031,27.910829544067383,368.739990234375,436.8739013671875,60.896751403808594
2022-01-13,168.33934020996094,161.21400451660156,137.3689422607422,150.23692321777344,323.6379699707031,293.6117248535156,26.491308212280273,343.85333251953125,431.0731201171875,60.46018981933594
2022-01-14,169.1996307373047,162.13800048828125,138.25457763671875,141.0028533935547,329.0107727050781,298.8135070800781,26.857158660888672,349.8699951171875,432.2351379394531,61.52165603637695
2022-01-18,166.0027618408203,158.91749572753906,134.8026580810547,135.0908966064453,315.38043212890625,291.5406799316406,25.821428298950195,343.5033264160156,425.134033203125,62.55742263793945
2022-01-19,162.5126190185547,156.2989959716797,133.9289093017578,133.0011749267578,316.80792236328125,292.1956787109375,24.988056182861328,331.8833312988281,426.5450439453125,62.583106994628906
2022-01-20,160.83106994628906,151.66749572753906,132.13584899902344,131.86697387695312,313.80426025390625,290.5291748046875,24.073945999145508,332.0899963378906,426.9877624511719,62.72006607055664
2022-01-21,158.7779998779297,142.64300537109375,129.20578002929688,129.5629425048828,300.5308837890625,285.1636657714844,23.300395965576172,314.6333312988281,425.3001708984375,61.77845764160156
2022-01-24,158.00570678710938,144.54400634765625,129.65432739257812,129.44683837890625,306.0226135253906,285.4911804199219,23.298398971557617,310.0,426.3144836425781,62.30916976928711
2022-01-25,156.20687866210938,139.98599243164062,125.81932830810547,130.8578643798828,297.53717041015625,277.9004211425781,22.253698348999023,306.1333312988281,421.30682373046875,64.14105224609375
2022-01-26,156.1188507080078,138.87249755859375,128.09715270996094,132.0991668701172,292.0652160644531,285.8186950683594,22.70028305053711,312.4700012207031,422.7731628417969,63.4904899597168
2022-01-27,155.6593475341797,139.6374969482422,127.87113189697266,129.7683868408203,292.07513427734375,288.8338623046875,21.874895095825195,276.3666687011719,425.6966552734375,64.3036880493164
2022-01-28,166.52090454101562,143.97799682617188,132.17893981933594,130.9292755126953,299.0835266113281,296.94476318359375,22.76807403564453,282.1166687011719,429.8098449707031,64.44064331054688
2022-01-31,170.87139892578125,149.57350158691406,134.11427307128906,132.70648193359375,310.53302001953125,299.5648498535156,24.408885955810547,312.239990234375,435.8134765625,65.02273559570312
2022-02-01,170.70521545410156,151.19349670410156,136.43418884277344,134.98367309570312,316.2231140136719,297.4264221191406,24.560415267944336,310.4166564941406,431.9769592285156,69.19152069091797
2022-02-02,171.90768432617188,150.6125030517578,146.6991729736328,133.90313720703125,320.1882629394531,301.9538269042969,25.162506103515625,301.88665771484375,442.4626159667969,69.01175689697266
2022-02-03,169.03346252441406,138.8455047607422,141.83233642578125,132.7957763671875,235.69027709960938,290.1920471191406,23.872583389282227,297.0466613769531,450.7532958984375,68.20711517333984
2022-02-04,168.7495574951172,157.63949584960938,142.03355407714844,136.24290466308594,235.02609252929688,294.7098693847656,24.24241065979004,307.7733459472656,445.5889892578125,69.68799591064453
2022-02-07,168.03500366210938,157.9355010986328,137.9775390625,136.69837951660156,222.95211791992188,289.903076171875,24.65012550354004,302.4466552734375,446.0777587890625,70.52689361572266
2022-02-08,171.13804626464844,161.4134979248047,138.17376708984375,139.27035522460938,218.2633056640625,293.380615234375,25.028932571411133,307.3333435058594,455.0324401855469,68.7035903930664
2022-02-09,172.55743408203125,161.1894989013672,140.34750366210938,139.850830078125,229.9804229736328,299.78643798828125,26.620899200439453,310.6666564941406,459.3576965332031,68.37471008300781
2022-02-10,168.48529052734375,159.0034942626953,137.40162658691406,139.27035522460938,226.0846405029297,291.2805480957031,25.742673873901367,301.51666259765625,448.86279296875,67.71692657470703
2022-02-11,165.07876586914062,153.2935028076172,133.1022491455078,137.4574432373047,217.63880920410156,284.21002197265625,23.873580932617188,286.6666564941406,440.9408874511719,69.42196655273438
2022-02-14,165.3136749267578,155.16700744628906,134.33482360839844,136.18043518066406,215.8048858642578,284.1715087890625,24.19057846069336,291.9200134277344,437.5010681152344,68.35738372802734
2022-02-15,169.14114379882812,156.510498046875,135.40782165527344,138.17189025878906,219.076171875,289.440673828125,26.411563873291016,307.4766540527344,441.033203125,67.50055694580078
2022-02-16,168.90625,158.10049438476562,136.5273895263672,138.42193603515625,214.65496826171875,289.10284423828125,26.42751121520996,307.7966613769531,442.71160888671875,67.81212615966797
2022-02-17,165.3136749267578,154.65249633789062,131.3740692138672,135.23373413085938,205.90185546875,280.6373291015625,24.429826736450195,292.1166687011719,433.75689697265625,67.7082748413086
2022-02-18,163.76708984375,152.60150146484375,129.25685119628906,135.86782836914062,204.3653564453125,277.9344787597656,23.567546844482422,285.6600036621094,431.4236755371094,66.95527648925781
2022-02-22,160.85003662109375,150.19749450683594,128.67254638671875,135.626708984375,200.32086181640625,277.7318115234375,23.316341400146484,273.84332275390625,426.535888671875,66.17633056640625
2022-02-23,156.6897735595703,144.82699584960938,126.46658325195312,132.7868194580078,196.72247314453125,270.5403747558594,22.316499710083008,254.67999267578125,423.8706970214844,66.44463348388672
2022-02-24,159.3033905029297,151.35800170898438,131.5247344970703,129.0896453857422,205.79283142089844,284.3633728027344,23.6732120513916,266.92333984375,420.4308166503906,65.60511016845703
2022-02-25,161.3688507080078,153.7884979248047,133.2777099609375,132.14385986328125,208.64773559570312,286.98883056640625,24.080923080444336,269.9566650390625,438.7460632324219,67.3707046508789
2022-02-28,161.63311767578125,153.56300354003906,133.8699493408203,126.6337661743164,209.19296264648438,288.4174499511719,24.30820655822754,290.1433410644531,438.856689453125,67.87271881103516
2022-03-01,159.75363159179688,151.14199829101562,132.88319396972656,121.85594940185547,201.71859741210938,284.7107238769531,23.403066635131836,288.1233215332031,439.2071228027344,68.52184295654297
2022-03-02,163.0426788330078,152.05250549316406,133.38870239257812,124.38330078125,206.29840087890625,289.76885986328125,24.14784049987793,293.2966613769531,447.62701416015625,69.69892883300781
2022-03-03,162.71966552734375,147.89849853515625,132.72262573242188,123.49917602539062,201.20310974121094,285.6470642089844,23.643346786499023,279.7633361816406,448.7429504394531,70.14032745361328
2022-03-04,159.72427368164062,145.64100646972656,130.74713134765625,120.02520751953125,198.31845092773438,279.7975158691406,22.86766242980957,279.42999267578125,459.8648681640625,72.78010559082031
2022-03-07,155.93603515625,137.4530029296875,125.26773071289062,115.39033508300781,185.83807373046875,269.2275390625,21.28838539123535,268.1933288574219,449.00103759765625,75.40260314941406
2022-03-08,154.11529541015625,136.01449584960938,125.98734283447266,114.57766723632812,188.63348388671875,266.2738952636719,21.449901580810547,274.79998779296875,436.63421630859375,75.97382354736328
2022-03-09,159.50892639160156,139.2790069580078,132.24732971191406,119.16790008544922,196.7720489501953,278.4846496582031,22.945438385009766,286.3233337402344,447.8022766113281,71.65495300292969
2022-03-10,155.17250061035156,146.8175048828125,131.26556396484375,117.75689697265625,193.5106964111328,275.6757507324219,22.590496063232422,279.4333190917969,453.2156677246094,73.87930297851562
2022-03-11,151.4625244140625,145.52450561523438,128.7290496826172,115.10455322265625,185.97683715820312,270.34735107421875,22.03415870666504,265.1166687011719,446.6300048828125,73.49848175048828
2022-03-14,147.43931579589844,141.85299682617188,124.8439712524414,116.24762725830078,185.00538635253906,266.8433837890625,21.266447067260742,255.4566650390625,451.30108642578125,70.86736297607422
2022-03-15,151.81488037109375,147.3665008544922,128.0624237060547,118.3105697631836,190.3583526611328,277.1815185546875,22.904558181762695,267.2966613769531,460.5412292480469,66.83412170410156
2022-03-16,156.21987915039062,153.10400390625,132.1090850830078,123.59740447998047,201.85739135742188,284.1702575683594,24.423015594482422,280.07666015625,460.864990234375,66.5831069946289
2022-03-17,157.22813415527344,157.23899841308594,132.66265869140625,125.16020965576172,206.0307159423828,284.971435546875,24.69221305847168,290.5333251953125,468.9675598144531,68.35738372802734
2022-03-18,160.51718139648438,161.25050354003906,134.92904663085938,125.11559295654297,214.60543823242188,290.00054931640625,26.37418556213379,301.7966613769531,468.1351013183594,68.0890884399414
2022-03-21,161.8876190185547,161.4915008544922,134.9052734375,124.71369934082031,209.64892578125,288.7746276855469,26.65435028076172,307.0533447265625,469.55950927734375,71.14431762695312
2022-03-22,165.25498962402344,164.88900756835938,138.638671875,127.36603546142578,214.7640380859375,293.50457763671875,26.444976806640625,331.32666015625,467.3951416015625,70.83273315429688
2022-03-23,166.61561584472656,163.4080047607422,137.0601348876953,124.829833984375,211.601806640625,289.0931701660156,25.557626724243164,333.03668212890625,465.4620056152344,71.94923400878906
2022-03-24,170.3940887451172,163.64950561523438,140.32769775390625,125.64249420166016,217.6586456298828,293.54302978515625,28.066129684448242,337.97332763671875,474.9241943359375,72.16559600830078
2022-03-25,171.03036499023438,164.77349853515625,140.42779541015625,126.74089050292969,219.88902282714844,293.1376953125,27.6094970703125,336.8800048828125,474.52642822265625,73.74082946777344
2022-03-28,171.89178466796875,168.99049377441406,140.21221923828125,125.80323791503906,221.64358520507812,299.91412353515625,28.134925842285156,363.9466552734375,474.6837158203125,71.6722640991211
2022-03-29,175.18081665039062,169.31500244140625,141.25299072265625,126.08008575439453,227.8590545654297,304.4604797363281,28.57062339782715,366.5233459472656,472.399169921875,71.29145050048828
2022-03-30,174.01597595214844,166.30099487304688,140.69097900390625,125.50852966308594,225.86654663085938,302.96429443359375,27.60750389099121,364.663330078125,481.7319030761719,72.51178741455078
2022-03-31,170.92271423339844,162.99749755859375,137.84521484375,121.73990631103516,220.42433166503906,297.60693359375,27.204702377319336,359.20001220703125,471.6961669921875,71.48184967041016
2022-04-01,170.62899780273438,163.55999755859375,138.9186553955078,120.83786010742188,222.89266967773438,298.6784973144531,26.63241195678711,361.5299987792969,474.1195373535156,71.94058227539062
2022-04-04,174.6718292236328,168.34649658203125,141.7148895263672,121.37371063232422,231.85397338867188,304.03582763671875,27.27849006652832,381.8166809082031,471.7424621582031,71.97521209716797
2022-04-05,171.3632049560547,164.05499267578125,139.3553009033203,119.96126556396484,229.82179260253906,300.0877990722656,25.853740692138672,363.7533264160156,478.90155029296875,71.60304260253906
2022-04-06,168.20144653320312,158.75599670410156,135.3478546142578,118.296875,221.35614013671875,289.10284423828125,24.33428192138672,348.586669921875,491.8415832519531,72.39928436279297
2022-04-07,168.50485229492188,157.7845001220703,134.6941680908203,117.93699645996094,221.00918579101562,290.90789794921875,24.135873794555664,352.4200134277344,496.6512451171875,73.61100769042969
2022-04-08,166.49815368652344,154.4604949951172,132.115966796875,120.09619903564453,220.3946075439453,286.66070556640625,23.050121307373047,341.8299865722656,504.9850158691406,75.16024017333984
2022-04-11,162.24981689453125,151.1219940185547,127.69123840332031,119.65534973144531,214.57571411132812,275.3571472167969,21.851699829101562,325.30999755859375,497.1044921875,72.5723876953125
2022-04-12,164.11952209472656,150.78750610351562,126.59197235107422,118.34186553955078,212.27589416503906,272.2682800292969,21.439929962158203,328.98333740234375,493.6544189453125,74.0870132446289
2022-04-13,166.80157470703125,155.54100036621094,128.7523193359375,114.52727508544922,213.11846923828125,277.63525390625,22.13684844970703,340.7900085449219,496.6976318359375,75.13426971435547
2022-04-14,161.7994842529297,151.7064971923828,125.61613464355469,113.46568298339844,208.35035705566406,270.11566162109375,21.194665908813477,328.3333435058594,494.68115234375,76.01708984375
2022-04-18,161.58416748046875,152.78500366210938,126.55430603027344,115.5708999633789,208.93524169921875,270.7817687988281,21.718103408813477,334.7633361816406,493.9967346191406,76.6402587890625
2022-04-19,163.86495971679688,158.11549377441406,128.86630249023438,117.96400451660156,215.4182891845703,275.3957824707031,22.131860733032227,342.7166748046875,497.3450927734375,75.95651245117188
2022-04-20,163.6985626220703,153.9980010986328,126.91461181640625,118.37784576416016,198.67530822753906,276.4190368652344,21.41799545288086,325.73333740234375,505.03125,76.12959289550781
2022-04-21,162.90562438964844,148.29600524902344,123.71746826171875,117.46018981933594,186.4328155517578,271.0616760253906,20.12287139892578,336.260009765625,497.1044921875,75.3246841430664
2022-04-22,158.37339782714844,144.35000610351562,118.58399200439453,114.08643341064453,182.50729370117188,264.51702880859375,19.456857681274414,335.01666259765625,481.8428955078125,73.68022155761719
2022-04-25,159.44039916992188,146.07400512695312,121.99227142333984,114.05045318603516,185.36224365234375,270.9748229980469,19.84270668029785,332.67333984375,484.9229736328125,71.19625091552734
2022-04-26,153.48878479003906,139.39100646972656,117.6071548461914,110.67670440673828,179.3748016357422,260.8393249511719,18.732023239135742,292.1400146484375,475.22027587890625,71.22222137451172
2022-04-27,153.26365661621094,138.16700744628906,113.28993225097656,109.23725891113281,173.42703247070312,273.3879699707031,18.360139846801758,293.836669921875,475.2479248046875,73.25613403320312
2022-04-28,160.1843719482422,144.59649658203125,117.48078155517578,110.96460723876953,203.93907165527344,279.575439453125,19.723060607910156,292.5033264160156,485.0616760253906,75.47181701660156
2022-04-29,154.32083129882812,124.28150177001953,113.1065673828125,107.38394927978516,198.7248992919922,267.8858642578125,18.491743087768555,290.2533264160156,470.3827209472656,73.78408813476562
2022-05-02,154.6243133544922,124.5,115.55831909179688,108.36457061767578,209.29209899902344,274.5946350097656,19.474809646606445,300.9800109863281,463.5380554199219,74.78809356689453
2022-05-03,156.1121826171875,124.25350189208984,116.30271911621094,110.68572998046875,210.18426513671875,271.99798583984375,19.543598175048828,303.0833435058594,462.1229248046875,76.32866668701172
2022-05-04,162.51409912109375,125.92849731445312,121.18641662597656,114.34734344482422,221.46519470214844,279.9133605957031,20.27341651916504,317.5400085449219,469.5225830078125,79.36658477783203
2022-05-05,153.4594268798828,116.40699768066406,115.48150634765625,111.48640441894531,206.4669189453125,267.7218017578125,18.787858963012695,291.09332275390625,457.5906982421875,78.16353607177734
2022-05-06,154.18487548828125,114.77249908447266,114.72917175292969,111.30647277832031,201.99615478515625,265.1926574707031,18.61935806274414,288.54998779296875,462.1229248046875,79.35791778564453
2022-05-09,149.0675811767578,108.78900146484375,111.52210998535156,109.63311004638672,194.50198364257812,255.39501953125,16.899499893188477,262.3699951171875,449.9136962890625,73.100341796875
2022-05-10,151.4693603515625,108.85900115966797,113.38953399658203,106.96112060546875,195.92942810058594,260.144287109375,17.542577743530273,266.67999267578125,451.38427734375,73.58503723144531
2022-05-11,143.6170196533203,105.37200164794922,112.60401153564453,106.28636169433594,187.09701538085938,251.5050048828125,16.580455780029297,244.6666717529297,449.663818359375,75.11697387695312
2022-05-12,139.7545623779297,106.93049621582031,111.85218048095703,106.19638061523438,189.57522583007812,246.48550415039062,16.126808166503906,242.6666717529297,442.86553955078125,75.45799255371094
2022-05-13,144.21499633789062,113.05500030517578,115.0304946899414,107.14102935791016,196.89096069335938,252.05523681640625,17.653247833251953,256.5299987792969,448.97021484375,77.69635772705078
2022-05-16,142.67591857910156,110.81050109863281,113.43912506103516,106.39432525634766,198.2986297607422,252.4220428466797,17.21256446838379,241.4566650390625,452.50347900390625,79.5237808227539
2022-05-17,146.3031463623047,115.36849975585938,115.44927215576172,109.92100524902344,200.85617065429688,257.55731201171875,18.122844696044922,253.8699951171875,455.56500244140625,80.53805541992188
2022-05-18,138.04879760742188,107.11250305175781,110.91598510742188,108.04069519042969,190.56654357910156,245.83084106445312,16.887537002563477,236.60333251953125,436.0024108886719,79.26146697998047
2022-05-19,134.6470947265625,107.31900024414062,109.4137954711914,106.43928527832031,189.62477111816406,244.9213409423828,17.072980880737305,236.47332763671875,442.6342468261719,79.68991088867188
2022-05-20,134.8823699951172,107.59100341796875,107.95075988769531,105.5666275024414,191.85520935058594,244.36016845703125,16.644268035888672,221.3000030517578,449.275390625,80.31946563720703
2022-05-23,140.29371643066406,107.55699920654297,110.50810241699219,112.09818267822266,194.5218048095703,252.18753051757812,16.847654342651367,224.96665954589844,455.1488037109375,82.09441375732422
2022-05-24,137.5978546142578,104.0999984741211,105.0385971069336,113.68160247802734,179.70193481445312,251.19094848632812,16.105871200561523,209.3866729736328,460.2174987792969,82.54036712646484
2022-05-25,137.75473022460938,106.7750015258789,104.87506866455078,114.47330474853516,182.229736328125,253.99681091308594,16.924427032470703,219.60000610351562,460.70770263671875,84.20167541503906
2022-05-26,140.9505615234375,111.07749938964844,106.84507751464844,116.45254516601562,189.9618377685547,257.2669982910156,17.797815322875977,235.91000366210938,464.5370788574219,84.49895477294922
2022-05-27,146.69520568847656,115.14649963378906,111.32930755615234,118.09896850585938,193.43141174316406,264.3687438964844,18.75495719909668,253.2100067138672,469.05072021484375,85.32958221435547
2022-05-31,145.9109649658203,120.20950317382812,112.76211547851562,118.96263122558594,191.95433044433594,263.043212890625,18.616371154785156,252.75332641601562,459.49609375,83.9393539428711
2022-06-01,145.78355407714844,121.68399810791016,112.89096069335938,116.87541198730469,186.9978790283203,263.5754089355469,18.265419006347656,246.7899932861328,455.58349609375,85.54817962646484
2022-06-02,148.23431396484375,125.51100158691406,116.58867645263672,118.75567626953125,197.12892150878906,265.665283203125,19.53362464904785,258.3333435058594,455.3152770996094,85.39954376220703
2022-06-03,142.51907348632812,122.3499984741211,113.53426361083984,117.10033416748047,189.11924743652344,261.2532958984375,18.664230346679688,234.51666259765625,449.16436767578125,86.6411361694336
2022-06-06,143.26406860351562,124.79000091552734,115.79373168945312,116.71345520019531,192.5590057373047,260.0245056152344,18.730026245117188,238.27999877929688,453.3913879394531,86.42254638671875
2022-06-07,145.78355407714844,123.0,116.11984252929688,117.01934814453125,193.94683837890625,263.65283203125,18.86961555480957,238.8866729736328,459.7920227050781,90.38343811035156
2022-06-08,145.04827880859375,121.18000030517578,116.16395568847656,115.15704345703125,194.92822265625,261.630615234375,18.596370697021484,241.86666870117188,456.4900207519531,91.45016479492188
2022-06-09,139.83299255371094,116.1500015258789,113.82617950439453,112.73694610595703,182.3982391357422,256.193115234375,17.998029708862305,239.7066650390625,452.69769287109375,89.47409057617188
2022-06-10,134.43141174316406,109.6500015258789,110.18446350097656,107.55487823486328,174.04165649414062,244.77621459960938,16.9270076751709,232.22999572753906,448.25799560546875,87.83903503417969
2022-06-13,129.28472900390625,103.66999816894531,105.4573974609375,104.3520736694336,162.830078125,234.3946075439453,15.603681564331055,215.73666381835938,434.4485168457031,83.80819702148438
2022-06-14,130.1474151611328,102.30999755859375,105.77754211425781,102.6156997680664,162.30471801757812,236.5521697998047,15.792158126831055,220.88999938964844,427.09515380859375,84.02678680419922
2022-06-15,132.76487731933594,107.66999816894531,108.79974365234375,103.83026885986328,167.87582397460938,243.5861358642578,16.481243133544922,233.0,429.4814453125,82.96881103515625
2022-06-16,127.50053405761719,103.66000366210938,105.10153198242188,102.0489273071289,159.46958923339844,237.01661682128906,15.557806015014648,213.10000610351562,423.36431884765625,79.90850067138672
2022-06-17,128.9710235595703,106.22000122070312,106.2017822265625,101.6890640258789,162.31460571289062,239.60958862304688,15.836033821105957,216.75999450683594,419.62353515625,75.30059051513672
2022-06-21,133.1962127685547,108.68000030517578,110.5635986328125,104.20812225341797,155.68287658691406,245.50186157226562,16.5201358795166,237.0366668701172,445.85577392578125,79.9872055053711
2022-06-22,132.68646240234375,108.94999694824219,110.50761413574219,103.62332916259766,154.4933319091797,244.91163635253906,16.314708709716797,236.086669921875,454.544189453125,76.82198333740234
2022-06-23,135.54901123046875,112.44000244140625,111.2554702758789,102.4897689819336,157.36807250976562,250.45558166503906,16.18008041381836,235.07000732421875,463.94732666015625,74.50492095947266
2022-06-24,138.87225341796875,116.45999908447266,116.9380874633789,105.54862976074219,168.6787109375,259.0086669921875,17.078582763671875,245.7066650390625,460.07659912109375,75.98259735107422
2022-06-27,138.87225341796875,113.22000122070312,114.8154067993164,104.70294189453125,168.0145721435547,256.2899169921875,16.822296142578125,244.9199981689453,469.3775634765625,77.84500885009766
2022-06-28,134.7353057861328,107.4000015258789,111.02304077148438,104.19913482666016,159.28125,248.15292358398438,15.937751770019531,232.663330078125,471.9580383300781,80.00469207763672
2022-06-29,136.4900665283203,108.91999816894531,110.7197265625,103.73130798339844,162.5128936767578,251.81016540527344,15.498970031738281,228.49000549316406,478.70648193359375,77.04933166503906
2022-06-30,134.02947998046875,106.20999908447266,108.00529479980469,101.31121063232422,159.84629821777344,248.49151611328125,15.117033004760742,224.47332763671875,476.77569580078125,74.88088989257812
2022-07-01,136.19598388671875,109.55999755859375,107.78177642822266,102.60672760009766,158.6368865966797,251.1522979736328,14.48279094696045,227.26333618164062,480.2752685546875,76.55093383789062
2022-07-05,138.77420043945312,113.5,112.26750183105469,102.21644592285156,166.72589111328125,254.3160858154297,14.922571182250977,233.06666564941406,468.9877014160156,74.1551742553711
2022-07-06,140.10743713378906,114.33000183105469,113.56500244140625,101.55387878417969,168.2921600341797,257.5670166015625,15.088112831115723,231.73333740234375,478.3165588378906,72.8173828125
2022-07-07,143.469970703125,116.33000183105469,117.7389907836914,104.12244415283203,170.69107055664062,259.6858825683594,15.814093589782715,244.5433349609375,477.47186279296875,75.14321899414062
2022-07-08,144.14634704589844,115.54000091552734,118.30445861816406,103.79572296142578,169.39247131347656,258.9699401855469,15.794153213500977,250.76333618164062,481.4169616699219,75.265625
2022-07-11,142.0190887451172,111.75,114.65978240966797,102.43427276611328,161.4621124267578,255.9222412109375,15.1100492477417,234.3433380126953,479.8574523925781,74.88088989257812
2022-07-12,142.98959350585938,109.22000122070312,113.01834106445312,102.53411865234375,161.8487091064453,245.43414306640625,15.040244102478027,233.07000732421875,477.509033203125,73.88411712646484
2022-07-13,142.62689208984375,110.4000015258789,110.37478637695312,101.5720443725586,162.0668182373047,244.51495361328125,15.122015953063965,237.0399932861328,465.2746887207031,74.18138885498047
2022-07-14,145.54824829101562,110.62999725341797,109.39745330810547,98.02323150634766,156.67416381835938,245.83084106445312,15.32944107055664,238.31333923339844,466.37933349609375,72.69496154785156
2022-07-15,147.21478271484375,113.55000305175781,110.79505157470703,102.51595306396484,163.26625061035156,248.38510131835938,15.718360900878906,240.06666564941406,491.7391357421875,73.91908264160156
2022-07-18,144.17576599121094,113.76000213623047,108.07170867919922,101.4631118774414,165.7742462158203,245.99530029296875,16.05642318725586,240.54666137695312,482.10382080078125,75.28311157226562
2022-07-19,148.0284881591797,118.20999908447266,112.80968475341797,103.97723388671875,174.2498321533203,251.10386657714844,16.94495391845703,245.52999877929688,495.1735534667969,77.18047332763672
2022-07-20,150.0282745361328,122.7699966430664,112.89889526367188,103.95906829833984,181.4961700439453,253.75491333007812,17.757701873779297,247.5,482.1966247558594,78.02861785888672
2022-07-21,152.2928466796875,124.62999725341797,113.33502960205078,104.66702270507812,181.57550048828125,256.24151611328125,18.00002098083496,271.7066650390625,484.9721374511719,76.72582244873047
2022-07-22,151.05764770507812,122.41999816894531,106.95162963867188,104.15876007080078,167.79649353027344,251.9069366455078,17.271053314208984,272.24334716796875,483.9974365234375,76.13999938964844
2022-07-25,149.94009399414062,121.13999938964844,106.56505584716797,104.57626342773438,165.1992950439453,250.4265899658203,16.976869583129883,268.4333190917969,491.4791259765625,78.6756591796875
2022-07-26,148.61666870117188,114.80999755859375,104.0969467163086,102.94254302978516,157.76454162597656,243.72161865234375,16.487224578857422,258.8599853515625,493.4470520019531,78.36962890625
2022-07-27,153.70449829101562,120.97000122070312,112.0662841796875,104.59440612792969,168.10377502441406,260.0148010253906,17.740745544433594,274.82000732421875,496.250244140625,80.06587982177734
2022-07-28,154.25350952148438,122.27999877929688,113.21607971191406,104.20413970947266,159.32090759277344,267.4358215332031,17.934207916259766,280.8999938964844,502.6366271972656,81.00148010253906
2022-07-29,159.31192016601562,134.9499969482422,115.2976303100586,104.70331573486328,157.7150115966797,271.6252746582031,18.112712860107422,297.1499938964844,503.4256286621094,84.75248718261719
2022-08-01,158.33163452148438,135.38999938964844,113.8504638671875,103.6595687866211,158.5377960205078,268.98388671875,18.38994789123535,297.27667236328125,496.9651184082031,82.61031341552734
2022-08-02,156.86114501953125,134.16000366210938,114.11808776855469,102.04398345947266,158.79551696777344,265.8974914550781,18.474706649780273,300.586669921875,497.0392761230469,82.25181579589844
2022-08-03,162.8607177734375,139.52000427246094,117.04216766357422,103.11498260498047,167.33058166503906,273.2990417480469,18.84069061279297,307.39666748046875,501.85693359375,79.5849838256836
2022-08-04,162.54702758789062,142.57000732421875,117.15119171142578,101.98046112060547,169.08518981933594,274.44073486328125,19.16180419921875,308.6333312988281,495.4520263671875,76.23616790771484
2022-08-05,162.3212127685547,140.8000030517578,116.4375228881836,105.06636810302734,165.6552734375,273.72479248046875,18.93642807006836,288.1700134277344,496.66802978515625,77.33786010742188
2022-08-08,161.84999084472656,139.41000366210938,116.26901245117188,103.78663635253906,168.76797485351562,271.218994140625,17.74373435974121,290.42333984375,498.0975036621094,77.7750473022461
2022-08-09,161.8990936279297,137.8300018310547,115.60491943359375,104.72147369384766,167.06292724609375,273.1346130371094,17.0386962890625,283.3333435058594,498.71014404296875,79.2090072631836
2022-08-10,166.1399688720703,142.69000244140625,118.6479263305664,107.45345306396484,176.7875213623047,279.7718505859375,18.04689598083496,294.3566589355469,499.13720703125,79.9609603881836
2022-08-11,165.4037322998047,140.63999938964844,117.79547882080078,109.04176330566406,175.94491577148438,277.70135498046875,17.89232635498047,286.6300048828125,494.6257629394531,82.27408599853516
2022-08-12,168.9475860595703,143.5500030517578,120.61051177978516,110.84793853759766,178.92872619628906,282.4325866699219,18.657201766967773,300.0299987792969,504.6881408691406,82.98919677734375
2022-08-15,170.01763916015625,143.17999267578125,121.00700378417969,111.1474609375,179.31532287597656,283.94195556640625,18.979305267333984,309.32000732421875,505.5606689453125,81.5059814453125
2022-08-16,169.86053466796875,144.77999877929688,120.63033294677734,112.2093734741211,177.90765380859375,283.2066345214844,18.82673454284668,306.5633239746094,506.9343566894531,80.74671936035156
2022-08-17,171.35272216796875,142.10000610351562,118.49925231933594,111.26544189453125,173.32791137695312,282.46002197265625,18.284238815307617,303.9966735839844,505.89483642578125,81.4000473022461
2022-08-18,170.9600372314453,142.3000030517578,119.11377716064453,110.4031982421875,173.13958740234375,281.34503173828125,18.721027374267578,302.8699951171875,506.09912109375,83.32467651367188
2022-08-19,168.37823486328125,138.22999572753906,116.1798095703125,107.6712646484375,166.49790954589844,277.44720458984375,17.799583435058594,296.6666564941406,508.9765319824219,83.059814453125
2022-08-22,164.5005645751953,133.22000122070312,113.23590087890625,105.89232635498047,161.63063049316406,269.3027038574219,16.98683738708496,289.913330078125,505.49566650390625,82.99801635742188
2022-08-23,164.1667938232422,133.6199951171875,112.85924530029297,104.84854888916016,159.70751953125,268.0325622558594,17.13343620300293,296.4533386230469,497.3548583984375,86.52063751220703
2022-08-24,164.4613037109375,133.8000030517578,112.69075012207031,105.10269165039062,161.83880615234375,267.40240478515625,17.174318313598633,297.0966796875,497.9675598144531,87.03271484375
2022-08-25,166.9154815673828,137.27999877929688,115.6247329711914,107.59864044189453,167.3107452392578,270.3692626953125,17.8634033203125,296.07000732421875,502.71087646484375,87.48296356201172
2022-08-26,160.62289428710938,130.75,109.37017822265625,104.07706451416016,160.37167358398438,259.9365539550781,16.214982986450195,288.0899963378906,491.27490234375,86.4058837890625
2022-08-29,158.42396545410156,129.7899932861328,108.4582748413086,103.82295227050781,157.7843780517578,257.16351318359375,15.757254600524902,284.82000732421875,491.7577209472656,88.3923110961914
2022-08-30,155.99917602539062,128.72999572753906,107.98249053955078,103.84109497070312,155.79188537597656,254.97225952148438,15.425177574157715,277.70001220703125,485.3248596191406,85.02861022949219
2022-08-31,154.3401336669922,126.7699966430664,107.2688217163086,103.22390747070312,161.5116729736328,253.5178985595703,15.05221176147461,275.6099853515625,482.06671142578125,84.39293670654297
2022-09-01,155.0666046142578,127.81999969482422,108.77545928955078,103.93184661865234,163.92051696777344,252.4804229736328,13.89841365814209,277.1600036621094,486.4017028808594,82.8744125366211
2022-09-02,152.95596313476562,127.51000213623047,106.90206909179688,103.20574188232422,158.92442321777344,248.2724151611328,13.609217643737793,270.2099914550781,479.30047607421875,84.39293670654297
2022-09-06,151.69940185546875,126.11000061035156,105.8712158203125,103.23298645019531,157.1598663330078,245.5478973388672,13.427719116210938,274.4200134277344,480.5351257324219,83.8279037475586
2022-09-07,153.10321044921875,129.47999572753906,108.4880142211914,105.19344329833984,158.9937744140625,250.2406463623047,13.680095672607422,283.70001220703125,484.2481689453125,83.11278533935547
2022-09-08,151.63072204589844,129.82000732421875,107.42741394042969,107.6440200805664,160.6492462158203,250.65756225585938,13.955410957336426,289.260009765625,489.6597595214844,83.7926025390625
2022-09-09,154.48739624023438,133.27000427246094,109.6774673461914,108.16136932373047,167.67752075195312,256.41693115234375,14.351430892944336,299.67999267578125,488.24444580078125,85.19635009765625
2022-09-12,160.4363555908203,136.4499969482422,109.8856201171875,109.44112396240234,167.4891815185547,258.5403137207031,14.469139099121094,304.4200134277344,494.6787109375,86.17633056640625
2022-09-13,151.02203369140625,126.81999969482422,103.4030990600586,105.63816833496094,151.79698181152344,244.3262176513672,13.09853744506836,292.1300048828125,478.5790100097656,84.16339874267578
2022-09-14,152.46514892578125,128.5500030517578,104.0771255493164,105.39313507080078,150.1514434814453,244.5491943359375,13.09554672241211,302.6099853515625,474.6773681640625,86.22930145263672
2022-09-15,149.57896423339844,126.27999877929688,102.00550079345703,106.9814682006836,148.24813842773438,237.917236328125,12.897035598754883,303.75,486.912841796875,83.72198486328125
2022-09-16,147.93959045410156,123.52999877929688,101.89646911621094,106.26445770263672,145.0165252685547,237.29669189453125,13.16537094116211,303.3500061035156,485.1529846191406,82.29173278808594
2022-09-19,151.65029907226562,124.66000366210938,102.16409301757812,107.24468231201172,146.7314910888672,237.08338928222656,13.348916053771973,309.07000732421875,487.5087585449219,82.28289794921875
2022-09-20,154.02601623535156,122.19000244140625,100.25106048583984,105.1299057006836,144.81825256347656,235.07635498046875,13.143424987792969,308.7300109863281,486.8104553222656,81.61193084716797
2022-09-21,150.90426635742188,118.54000091552734,98.40739440917969,102.09846496582031,140.88284301757812,231.6827850341797,13.228214263916016,300.79998779296875,476.8283996582031,80.29644775390625
2022-09-22,149.94223022460938,117.30999755859375,99.25983428955078,100.93669128417969,141.57675170898438,233.65101623535156,12.52994441986084,288.5899963378906,481.83807373046875,79.96097564697266
2022-09-23,147.6744842529297,113.77999877929688,97.87213897705078,99.05792999267578,139.18771362304688,230.68409729003906,12.485055923461914,275.3299865722656,478.2530517578125,75.70555877685547
2022-09-26,148.00833129882812,115.1500015258789,97.3071517944336,96.92500305175781,135.18289184570312,230.22842407226562,12.197770118713379,276.010009765625,473.3644714355469,74.14289855957031
2022-09-27,148.98016357421875,114.41000366210938,96.6430435180664,96.07183837890625,133.2300262451172,229.22000122070312,12.382311820983887,282.94000244140625,473.37384033203125,75.69673919677734
2022-09-28,147.0953369140625,118.01000213623047,99.17064666748047,98.0141372680664,140.3772735595703,233.73831176757812,12.704513549804688,287.80999755859375,478.5603332519531,78.45127868652344
2022-09-29,139.8701171875,114.80000305175781,96.5637435913086,96.35321044921875,135.2225341796875,230.27688598632812,12.189789772033691,268.2099914550781,473.8020935058594,78.2923583984375
2022-09-30,135.66854858398438,113.0,94.8093032836914,94.8465576171875,134.49887084960938,225.81675720214844,12.108988761901855,265.25,470.27301025390625,77.08281707763672
2022-10-03,139.8406982421875,115.87999725341797,97.77303314208984,97.7781753540039,137.4033660888672,233.41835021972656,12.481067657470703,242.39999389648438,480.022216796875,81.15284729003906
2022-10-04,143.42384338378906,121.08999633789062,100.74665832519531,102.35259246826172,139.05885314941406,241.310791015625,13.134449005126953,249.44000244140625,487.15496826171875,84.11042785644531
2022-10-05,143.7183380126953,120.94999694824219,100.53850555419922,101.0888671875,137.77015686035156,241.62107849121094,13.17634391784668,240.80999755859375,490.7864990234375,87.50946807861328
2022-10-06,142.76608276367188,120.30000305175781,100.5285873413086,99.02845001220703,137.85935974121094,239.28433227539062,13.097539901733398,238.1300048828125,483.39306640625,90.10507202148438
2022-10-07,137.52394104003906,114.55999755859375,97.81268310546875,97.05045318603516,132.28829956054688,227.1160430908203,12.04614543914795,223.07000732421875,470.0960998535156,89.19572448730469
2022-10-10,137.84786987304688,113.66999816894531,96.99987030029297,96.14384460449219,132.6253204345703,222.2777862548828,11.641149520874023,222.9600067138672,464.5184020996094,87.26224517822266
2022-10-11,136.4342498779297,112.20999908447266,96.32585144042969,93.36915588378906,127.42102813720703,218.55458068847656,11.557357788085938,216.5,465.403076171875,86.52063751220703
2022-10-12,135.8059844970703,112.9000015258789,96.7025146484375,94.88013458251953,126.39009094238281,218.88424682617188,11.471567153930664,217.24000549316406,465.5427551269531,86.9002685546875
2022-10-13,140.37081909179688,112.52999877929688,98.1893310546875,100.1548080444336,129.15577697753906,227.1160430908203,11.930432319641113,221.72000122070312,474.80780029296875,89.93733215332031
2022-10-14,135.8452606201172,106.9000015258789,95.7113037109375,101.82147216796875,125.65654754638672,221.60877990722656,11.199244499206543,204.99000549316406,477.80615234375,87.5712661743164
2022-10-17,139.8014373779297,113.79000091552734,99.09133911132812,106.09798431396484,132.8731689453125,230.30593872070312,11.858609199523926,219.35000610351562,485.9537658691406,88.83373260498047
2022-10-18,141.11683654785156,116.36000061035156,99.8843002319336,108.82688903808594,131.64398193359375,231.2464599609375,11.937414169311523,220.19000244140625,486.2611389160156,88.99266052246094
2022-10-19,141.22486877441406,115.06999969482422,98.75432586669922,106.69319915771484,132.07020568847656,229.2878875732422,12.021207809448242,222.0399932861328,484.50115966796875,91.63243865966797
2022-10-20,140.76345825195312,115.25,99.09133911132812,106.34522247314453,130.38497924804688,228.96795654296875,12.163853645324707,207.27999877929688,485.0226135253906,91.75601959228516
2022-10-21,144.5723876953125,119.31999969482422,100.24113464355469,111.9312744140625,128.8782501220703,234.75636291503906,12.435179710388184,214.44000244140625,496.9880065917969,93.45995330810547
2022-10-24,146.7124481201172,119.81999969482422,101.61891174316406,112.06861114501953,128.59075927734375,239.73037719726562,12.567852020263672,211.25,504.31622314453125,94.11328125
2022-10-25,149.54953002929688,120.5999984741211,103.56170654296875,112.36164093017578,136.31295776367188,243.03663635253906,13.228214263916016,222.4199981689453,503.0311279296875,93.47762298583984
2022-10-26,146.6143035888672,115.66000366210938,94.09562683105469,113.65287017822266,128.68992614746094,224.28488159179688,12.864117622375488,224.63999938964844,505.77825927734375,94.59001922607422
2022-10-27,142.14761352539062,110.95999908447266,91.40945434570312,114.10155487060547,97.0874252319336,219.8538360595703,13.143424987792969,225.08999633789062,504.5024108886719,94.95201110839844
2022-10-28,152.8872528076172,103.41000366210938,95.44367218017578,115.4568862915039,98.33644104003906,228.69644165039062,13.799798965454102,228.52000427246094,513.2926025390625,97.73301696777344
2022-10-31,150.53118896484375,102.44000244140625,93.67932891845703,115.27371215820312,92.34902954101562,225.0701904296875,13.463632583618164,227.5399932861328,516.9334716796875,97.83013916015625
2022-11-01,147.89048767089844,96.79000091552734,89.67483520507812,117.35245513916016,94.37126159667969,221.23062133789062,13.50951862335205,227.82000732421875,509.63299560546875,98.80128479003906
2022-11-02,142.37339782714844,92.12000274658203,86.20559692382812,116.27189636230469,89.75183868408203,213.4060821533203,13.186318397521973,214.97999572753906,506.0202941894531,96.77069091796875
2022-11-03,136.33607482910156,89.30000305175781,82.69671630859375,116.48247528076172,88.13603210449219,207.73399353027344,13.38782024383545,215.30999755859375,506.1877746582031,98.08617401123047
2022-11-04,136.0706024169922,90.9800033569336,85.81903076171875,119.66928100585938,89.99966430664062,214.65684509277344,14.121002197265625,207.47000122070312,501.1224060058594,99.1544189453125
2022-11-07,136.60154724121094,90.52999877929688,87.71224212646484,120.30113220214844,95.87803649902344,220.9397430419922,14.265646934509277,197.0800018310547,507.5008850097656,100.3286361694336
2022-11-08,137.171875,89.9800033569336,88.11864471435547,120.37439727783203,95.63021087646484,221.9093475341797,14.565902709960938,191.3000030517578,514.9779663085938,100.64647674560547
2022-11-09,132.61917114257812,86.13999938964844,86.5525131225586,118.8084945678711,100.58668518066406,217.6819305419922,13.741945266723633,177.58999633789062,503.44085693359375,96.14386749267578
2022-11-10,144.41888427734375,96.62999725341797,93.11433410644531,123.69857788085938,110.89616394042969,235.5902099609375,15.71106243133545,190.72000122070312,506.7093200683594,97.55644989013672
2022-11-11,147.20167541503906,100.79000091552734,95.56261444091797,123.90000915527344,112.0361557006836,239.5946044921875,16.28663444519043,195.97000122070312,486.1400146484375,100.60232543945312
2022-11-14,145.8053741455078,98.48999786376953,94.85887145996094,122.62711334228516,113.22569274902344,234.20370483398438,16.25471305847168,190.9499969482422,478.3834228515625,100.8960189819336
2022-11-15,147.53598022460938,98.94000244140625,97.57479095458984,121.73888397216797,116.06079864501953,234.61094665527344,16.624797821044922,194.4199981689453,468.38275146484375,101.5723876953125
2022-11-16,146.30682373046875,97.12000274658203,97.98117065429688,121.90367889404297,112.24432373046875,235.03871154785156,15.87066650390625,186.9199981689453,476.306884765625,100.48662567138672
2022-11-17,148.2046356201172,94.8499984741211,97.49549102783203,121.37256622314453,110.47981262207031,234.9901123046875,15.638240814208984,183.1699981689453,479.8360595703125,100.62012481689453
2022-11-18,148.7650909423828,94.13999938964844,96.57366180419922,122.56302642822266,111.07460021972656,234.54287719726562,15.370905876159668,180.19000244140625,493.5148010253906,99.7479476928711
2022-11-21,145.53988647460938,92.45999908447266,94.75975036621094,121.839599609375,108.90364837646484,235.3498992919922,15.279132843017578,167.8699951171875,481.586669921875,98.76009368896484
2022-11-22,147.67364501953125,93.19999694824219,96.1969985961914,123.66192626953125,110.46990203857422,238.24742126464844,15.998350143432617,169.91000366210938,487.08050537109375,101.61688995361328
2022-11-23,148.548828125,94.12999725341797,97.59461975097656,124.98060607910156,111.26292419433594,240.72679138183594,16.478160858154297,183.1999969482422,493.2447814941406,101.1095962524414
2022-11-25,145.63818359375,93.41000366210938,96.60340881347656,125.21868896484375,110.4401626586914,240.63929748535156,16.229780197143555,182.86000061035156,500.6102294921875,100.75362396240234
2022-11-28,141.81314086914062,93.94999694824219,95.2057876586914,123.03008270263672,107.83306121826172,235.0679168701172,15.787870407104492,182.9199981689453,495.6285400390625,97.72772216796875
2022-11-29,138.81405639648438,92.41999816894531,94.35334777832031,125.0538558959961,108.50713348388672,233.67750549316406,15.600336074829102,180.8300018310547,491.6524658203125,98.37739562988281
2022-11-30,145.5595245361328,96.54000091552734,100.10237121582031,126.53733825683594,117.07191467285156,248.07754516601562,16.88548469543457,194.6999969482422,510.0522766113281,99.08938598632812
2022-12-01,145.83485412597656,95.5,100.10237121582031,124.7608413696289,119.39155578613281,247.64002990722656,17.097009658813477,194.6999969482422,499.9490966796875,98.60880279541016
2022-12-02,145.34323120117188,94.12999725341797,99.55720520019531,123.77180480957031,122.41500854492188,247.9608917236328,16.838586807250977,194.86000061035156,500.7896728515625,97.772216796875
2022-12-05,144.18292236328125,91.01000213623047,98.60565185546875,120.30113220214844,121.36422729492188,243.2742919921875,16.57317352294922,182.4499969482422,499.7435302734375,95.09339904785156
2022-12-06,140.52499389648438,88.25,96.12761688232422,120.50261688232422,113.1265869140625,238.33489990234375,15.951557159423828,179.82000732421875,503.7413635253906,92.45018768310547
2022-12-07,138.587890625,88.45999908447266,94.10554504394531,120.42019653320312,112.938232421875,237.6056671142578,16.084260940551758,174.0399932861328,507.094482421875,92.24549865722656
2022-12-08,140.26931762695312,90.3499984741211,92.88634490966797,121.68392181396484,114.32604217529297,240.55178833007812,17.130937576293945,173.44000244140625,511.7738952636719,92.93077850341797
2022-12-09,139.7875213623047,89.08999633789062,92.01408386230469,121.02461242675781,114.89107513427734,238.6266326904297,16.963308334350586,179.0500030517578,503.62921142578125,92.1476058959961
2022-12-12,142.07861328125,90.55000305175781,92.4898681640625,122.90187072753906,113.71144104003906,245.52032470703125,17.496124267578125,167.82000732421875,509.8498229980469,94.41702270507812
2022-12-13,143.0422821044922,92.48999786376953,94.78947448730469,122.78280639648438,119.10408020019531,249.80828857421875,18.031930923461914,160.9499969482422,502.71380615234375,95.44940185546875
2022-12-14,140.8199920654297,91.58000183105469,94.2343978881836,122.16928100585938,120.53154754638672,250.1000213623047,17.634817123413086,156.8000030517578,502.8446044921875,94.74630737304688
2022-12-15,134.2220001220703,88.44999694824219,90.0614013671875,119.1381607055664,115.13890838623047,242.11724853515625,16.91441535949707,157.6699981689453,492.8691101074219,93.83853912353516
2022-12-16,132.26516723632812,87.86000061035156,89.46669006347656,118.39640045166016,118.39035034179688,237.91677856445312,16.534259796142578,150.22999572753906,489.1517639160156,93.1799545288086
2022-12-19,130.160888671875,84.91999816894531,87.66266632080078,119.10153198242188,113.48345184326172,233.794189453125,16.21796417236328,149.8699951171875,489.05828857421875,93.59825134277344
2022-12-20,130.092041015625,85.19000244140625,88.23757934570312,119.67845153808594,116.07070922851562,235.10679626464844,16.049341201782227,137.8000030517578,485.8919982910156,94.95101928710938
2022-12-21,133.18948364257812,86.7699966430664,88.79264831542969,121.02461242675781,118.71746826171875,237.66400146484375,16.46441650390625,137.57000732421875,492.73828125,96.17025756835938
2022-12-22,130.02320861816406,83.79000091552734,86.9886703491211,119.65099334716797,116.1004638671875,231.59674072265625,15.30499267578125,125.3499984741211,492.318115234375,94.23011779785156
2022-12-23,129.65939331054688,85.25,88.44573974609375,120.21873474121094,117.01244354248047,232.1217803955078,15.172286987304688,123.1500015258789,496.2596130371094,96.7220458984375
2022-12-27,127.85995483398438,83.04000091552734,86.62191009521484,120.6399917602539,115.862548828125,230.4008026123047,14.089694023132324,109.0999984741211,496.89483642578125,98.06592559814453
2022-12-28,123.93653106689453,81.81999969482422,85.26394653320312,121.29932403564453,114.61351013183594,228.03807067871094,14.00487995147705,112.70999908447266,493.5882873535156,96.4550552368164
2022-12-29,127.44695281982422,84.18000030517578,87.67257690429688,121.99527740478516,119.21311950683594,234.3386688232422,14.570625305175781,121.81999969482422,494.92401123046875,97.18482971191406
2022-12-30,127.7615966796875,84.0,87.45452880859375,122.80113983154297,119.29242706298828,233.181640625,14.5816011428833,123.18000030517578,495.2042236328125,98.16381072998047
2023-01-03,122.98271942138672,85.81999969482422,88.33670806884766,123.73519897460938,123.65412139892578,232.94822692871094,14.2832612991333,108.0999984741211,484.425537109375,94.79082489013672
2023-01-04,124.25118255615234,85.13999938964844,87.30584716796875,124.8890380859375,126.26123809814453,222.75836181640625,14.716300010681152,113.63999938964844,471.21832275390625,95.06671905517578
2023-01-05,122.93354797363281,83.12000274658203,85.4423599243164,124.86135864257812,125.83497619628906,216.15628051757812,14.23337459564209,110.33999633789062,457.6376037597656,97.19374084472656
2023-01-06,127.45677185058594,86.08000183105469,86.57232666015625,127.25064849853516,128.88816833496094,218.70376586914062,14.826058387756348,113.05999755859375,457.6749572753906,98.36849212646484
2023-01-09,127.97793579101562,87.36000061035156,87.24637603759766,126.72481536865234,128.3429412841797,220.83316040039062,15.593354225158691,119.7699966430664,457.7309265136719,96.53516387939453
2023-01-10,128.54824829101562,89.87000274658203,87.64286041259766,127.85945892333984,131.8323211669922,222.51527404785156,15.873729705810547,118.8499984741211,453.9387512207031,97.97689819335938
2023-01-11,131.26220703125,95.08999633789062,90.71560668945312,128.80966186523438,131.73316955566406,229.2437286376953,15.965523719787598,123.22000122070312,460.8506164550781,99.1160888671875
2023-01-12,131.1835174560547,95.2699966430664,90.32901763916016,128.6805419921875,135.51992797851562,231.90786743164062,16.474390029907227,123.55999755859375,462.9708557128906,100.76251220703125
2023-01-13,132.51101684570312,98.12000274658203,91.31033325195312,131.92774963378906,135.78758239746094,232.60797119140625,16.861534118652344,122.4000015258789,457.2732238769531,100.7002182006836
2023-01-17,133.6713104248047,96.05000305175781,90.48762512207031,129.88905334472656,134.18167114257812,233.6969451904297,17.662755966186523,131.49000549316406,453.07940673828125,100.50443267822266
2023-01-18,132.95350646972656,95.45999908447266,90.31912994384766,125.98681640625,131.86204528808594,229.28262329101562,17.33847427368164,128.77999877929688,444.8226318359375,98.439697265625
2023-01-19,133.012451171875,93.68000030517578,92.23216247558594,124.30783081054688,134.9647674560547,225.51002502441406,16.727828979492188,127.16999816894531,452.4068908691406,99.07158660888672
2023-01-20,135.569091796875,97.25,97.1584701538086,124.61228942871094,138.1567840576172,233.57057189941406,17.799448013305664,133.4199981689453,454.61126708984375,100.87821197509766
2023-01-23,138.75503540039062,97.5199966430664,98.91291809082031,126.63257598876953,142.0228271484375,235.865234375,19.150453567504883,143.75,453.76129150390625,100.35314178466797
2023-01-24,140.15135192871094,96.31999969482422,96.8412857055664,127.72112274169922,141.89395141601562,235.3401336669922,19.222288131713867,143.88999938964844,459.16937255859375,101.2876205444336
2023-01-25,139.49252319335938,97.18000030517578,94.38308715820312,128.3391876220703,140.2682342529297,233.94973754882812,19.280160903930664,144.42999267578125,460.00994873046875,100.75362396240234
2023-01-26,141.5574951171875,99.22000122070312,96.6628646850586,129.1325225830078,146.0177459716797,241.1352081298828,19.758100509643555,160.27000427246094,459.9913024902344,104.8030014038086
2023-01-27,143.49456787109375,102.23999786376953,98.49661254882812,129.44619750976562,150.41909790039062,241.290771484375,20.319849014282227,177.89999389648438,453.9854431152344,102.8895492553711
2023-01-30,140.61351013183594,100.55000305175781,96.08796691894531,128.3484344482422,145.7798309326172,235.99163818359375,19.119518280029297,166.66000366210938,453.7425842285156,101.06510162353516
2023-01-31,141.88194274902344,103.12999725341797,97.97126770019531,129.11412048339844,147.67320251464844,240.950439453125,19.493682861328125,173.22000122070312,466.2586669921875,103.24555206298828
2023-02-01,143.00291442871094,105.1500015258789,99.54728698730469,128.77276611328125,151.78704833984375,245.75372314453125,20.89656639099121,181.41000366210938,464.2131042480469,102.11527252197266
2023-02-02,148.30296325683594,112.91000366210938,106.79303741455078,128.1731414794922,187.12673950195312,257.2757263183594,21.660865783691406,188.27000427246094,439.7695617675781,98.92028045654297
2023-02-03,151.9215545654297,103.38999938964844,103.85904693603516,130.15655517578125,184.90621948242188,251.19869995117188,21.053220748901367,189.97999572753906,440.88104248046875,99.60556030273438
2023-02-06,149.19781494140625,102.18000030517578,101.99559020996094,130.92222595214844,184.44032287597656,249.6624298095703,21.042247772216797,194.75999450683594,443.8885803222656,99.43647766113281
2023-02-07,152.0690460205078,102.11000061035156,106.69392395019531,132.51815795898438,189.95191955566406,260.15374755859375,22.123842239379883,196.80999755859375,445.4204406738281,102.27545928955078
2023-02-08,149.38462829589844,100.05000305175781,98.49661254882812,131.58642578125,181.8332061767578,259.3467712402344,22.155771255493164,201.2899932861328,451.3421325683594,101.38549041748047
2023-02-09,148.35211181640625,98.23999786376953,94.17494201660156,129.5384521484375,176.3712158203125,256.32281494140625,22.287477493286133,207.32000732421875,453.6866149902344,101.76818084716797
2023-02-10,148.71653747558594,97.61000061035156,93.73878479003906,130.11041259765625,172.6339874267578,255.81719970703125,21.217853546142578,196.88999938964844,461.64453125,106.057861328125
2023-02-13,151.51336669921875,99.54000091552734,93.77845001220703,131.52186584472656,177.86801147460938,263.8097229003906,21.73969268798828,194.63999938964844,462.6719665527344,105.64530944824219
2023-02-14,150.87326049804688,99.69999694824219,93.84783935546875,132.10305786132812,177.91763305664062,264.6361389160156,22.920076370239258,209.25,460.3181457519531,104.40770721435547
2023-02-15,152.97093200683594,101.16000366210938,96.08796691894531,132.6565399169922,175.6177978515625,262.5209655761719,22.713529586791992,214.24000549316406,458.8424072265625,104.09379577636719
2023-02-16,151.37550354003906,98.1500015258789,94.6705322265625,130.82998657226562,170.93887329101562,255.53195190429688,21.95322036743164,202.0399932861328,455.1997375488281,103.78889465332031
2023-02-17,150.2331085205078,97.19999694824219,93.5207290649414,131.21742248535156,171.3750762939453,251.54519653320312,21.340585708618164,208.30999755859375,466.1558837890625,99.79805755615234
2023-02-21,146.2249298095703,94.58000183105469,90.98323059082031,128.80966186523438,170.58204650878906,246.29127502441406,20.60920524597168,197.3699951171875,458.8984375,99.69939422607422
2023-02-22,146.64842224121094,95.79000091552734,90.8444595336914,127.82260131835938,169.63037109375,245.16058349609375,20.707988739013672,200.86000061035156,456.6381530761719,98.40797424316406
2023-02-23,147.1309814453125,95.81999969482422,90.09114074707031,128.84654235839844,170.54238891601562,248.33824157714844,23.61153221130371,202.07000732421875,459.25335693359375,99.31377410888672
2023-02-24,144.48182678222656,93.5,88.34661102294922,130.00894165039062,168.90672302246094,242.92835998535156,23.234373092651367,196.8800048828125,452.3789367675781,99.3227310180664
2023-02-27,145.67343139648438,93.76000213623047,89.08011627197266,131.1436309814453,168.06414794921875,243.8446502685547,23.448896408081055,207.6300048828125,451.4356384277344,99.14337158203125
2023-02-28,145.1712188720703,94.2300033569336,89.26844024658203,132.24139404296875,173.41712951660156,243.12332153320312,23.164527893066406,205.7100067138672,444.54241943359375,98.56941986083984
2023-03-01,143.10308837890625,92.16999816894531,89.5657958984375,131.50341796875,171.9103546142578,240.0528564453125,22.647676467895508,202.77000427246094,443.8699035644531,99.44828796386719
2023-03-02,143.69400024414062,92.12999725341797,91.1913833618164,130.13809204101562,173.01068115234375,244.7706298828125,23.262310028076172,190.89999389648438,446.18634033203125,99.9056625366211
2023-03-03,148.7362060546875,94.9000015258789,92.8268814086914,132.52737426757812,183.63735961914062,248.8450927734375,23.8370361328125,197.7899932861328,446.9895935058594,101.17018127441406
2023-03-06,151.49371337890625,93.75,94.29386901855469,131.7524871826172,183.2904052734375,250.38522338867188,23.501781463623047,193.80999755859375,449.0630798339844,102.0670166015625
2023-03-07,149.29757690429688,93.55000305175781,93.03504943847656,127.8779296875,182.90380859375,247.73388671875,23.240314483642578,187.7100067138672,442.6183166503906,100.093994140625
2023-03-08,150.54824829101562,93.91999816894531,93.4216079711914,127.12149047851562,183.3598175048828,247.2952880859375,24.131481170654297,182.0,439.5547180175781,98.6321792602539
2023-03-09,148.30291748046875,92.25,91.50857543945312,120.23957824707031,180.10836791992188,245.9501190185547,23.388011932373047,172.9199981689453,434.2401123046875,97.869873046875
2023-03-10,146.24464416503906,90.7300033569336,89.83341979980469,123.29307556152344,177.9473419189453,242.3142547607422,22.91797637939453,173.44000244140625,431.49359130859375,96.65918731689453
2023-03-13,148.18472290039062,92.43000030517578,90.30921173095703,121.07907104492188,179.32522583007812,247.50970458984375,22.918975830078125,174.47999572753906,434.6337585449219,95.547119140625
2023-03-14,150.27252197265625,94.87999725341797,93.14407348632812,124.18791961669922,192.33103942871094,254.20626831054688,24.013731002807617,183.25999450683594,435.4774169921875,95.9058609008789
2023-03-15,150.66647338867188,96.19999694824219,95.26526641845703,118.32076263427734,196.02853393554688,258.7388000488281,24.17839241027832,180.4499969482422,436.2741394042969,91.1347885131836
2023-03-16,153.48301696777344,100.04000091552734,99.43826293945312,120.61782836914062,203.1460418701172,269.22723388671875,25.488704681396484,184.1300048828125,442.4512939453125,90.60564422607422
2023-03-17,152.6459197998047,98.94999694824219,100.72685241699219,116.06063079833984,193.9071807861328,272.3756408691406,25.672327041625977,180.1300048828125,440.08917236328125,89.53843688964844
2023-03-20,155.00946044921875,97.70999908447266,100.33036041259766,117.28756713867188,196.08804321289062,265.3574523925781,25.846965789794922,183.25,447.0818786621094,91.87911987304688
2023-03-21,156.86093139648438,100.61000061035156,103.9978256225586,120.4333267211914,200.4001922607422,266.8683776855469,26.145357131958008,197.5800018310547,450.025146484375,95.99554443359375
2023-03-22,155.43296813964844,98.69999694824219,102.46145629882812,117.32447052001953,198.07061767578125,265.4159851074219,26.41380500793457,191.14999389648438,445.73211669921875,93.7983169555664
2023-03-23,156.51620483398438,98.70999908447266,104.67184448242188,117.01081085205078,202.50169372558594,270.650390625,27.135324478149414,192.22000122070312,440.4735107421875,92.74008178710938
2023-03-24,157.81617736816406,98.12999725341797,104.51325988769531,115.2303695678711,204.2166748046875,273.4869079589844,26.72416877746582,190.41000366210938,446.172607421875,92.84769439697266
2023-03-27,155.87611389160156,98.04000091552734,101.5594482421875,118.53294372558594,201.0742645263672,269.4027099609375,26.4766788482666,191.80999755859375,451.71240234375,94.88346099853516
2023-03-28,155.2556915283203,97.23999786376953,100.14201354980469,118.89273834228516,198.93304443359375,268.2817077636719,26.35592269897461,189.19000244140625,442.9762878417969,96.0672836303711
2023-03-29,158.3282928466797,100.25,100.49884796142578,119.13258361816406,203.5624237060547,273.42840576171875,26.928747177124023,193.8800048828125,437.3614501953125,97.7174301147461
2023-03-30,159.8941650390625,102.0,100.00324249267578,118.77281188964844,206.0307159423828,276.8790588378906,27.326934814453125,195.27999877929688,440.6141052246094,98.19273376464844
2023-03-31,162.3955841064453,103.29000091552734,102.81829071044922,120.2119140625,210.09503173828125,281.021728515625,27.720123291015625,207.4600067138672,442.985595703125,98.3451919555664
2023-04-03,163.6462860107422,102.41000366210938,103.4427490234375,120.07353973388672,211.21524047851562,279.97882080078125,27.907743453979492,194.77000427246094,463.2325439453125,104.14761352539062
2023-04-04,163.11451721191406,103.94999694824219,103.7995834350586,118.4683837890625,212.85086059570312,279.9300842285156,27.396787643432617,192.5800018310547,462.3514404296875,103.15213775634766
2023-04-05,161.2728729248047,101.0999984741211,103.5517807006836,118.64502716064453,209.6390380859375,277.1617736816406,26.825958251953125,185.52000427246094,477.3303527832031,104.91888427734375
2023-04-06,162.1592254638672,102.05999755859375,107.4670639038086,118.51486206054688,214.2188262939453,284.2384033203125,26.98164176940918,185.05999755859375,480.6861267089844,103.17904663085938
2023-04-10,159.56915283203125,102.16999816894531,105.50447082519531,118.90534973144531,212.88058471679688,282.0843200683594,27.522531509399414,184.50999450683594,482.9075927734375,102.7216796875
2023-04-11,158.3578338623047,99.91999816894531,104.4240493774414,119.49110412597656,211.9884033203125,275.6898498535156,27.11336898803711,186.7899932861328,488.3349914550781,103.44808959960938
2023-04-12,157.66847229003906,97.83000183105469,103.72028350830078,119.47250366210938,212.13711547851562,276.3332214355469,26.44075584411621,180.5399932861328,488.5411376953125,103.34048461914062
2023-04-13,163.04556274414062,102.4000015258789,106.48576354980469,119.92805480957031,218.4318389892578,282.5229187011719,26.4088134765625,185.89999389648438,493.2654113769531,103.82476043701172
2023-04-14,162.70091247558594,102.51000213623047,107.9131088256836,128.98379516601562,219.56190490722656,278.91632080078125,26.703208923339844,185.0,479.7301025390625,104.07586669921875
2023-04-17,162.7205352783203,102.73999786376953,105.0385971069336,130.0065460205078,216.95480346679688,281.5091552734375,26.94671058654785,187.0399932861328,473.6934814453125,102.86517333984375
2023-04-18,163.94175720214844,102.30000305175781,103.58151245117188,131.4662628173828,215.99325561523438,281.0899963378906,27.610347747802734,184.30999755859375,472.87786865234375,104.87405395507812
2023-04-19,165.08409118652344,104.30000305175781,103.26432800292969,131.29885864257812,213.82229614257812,281.1679992675781,27.87380599975586,180.58999633789062,455.7430725097656,104.5422134399414
2023-04-20,164.1189727783203,103.80999755859375,104.36458587646484,130.91769409179688,211.21524047851562,278.8870544433594,27.04850196838379,162.99000549316406,456.9240417480469,103.70816802978516
2023-04-21,162.5137481689453,106.95999908447266,104.48353576660156,130.6666717529297,211.03675842285156,278.54595947265625,27.0634708404541,165.0800018310547,453.51214599609375,104.0400161743164
2023-04-24,162.81903076171875,106.20999908447266,105.0385971069336,130.8433074951172,210.93763732910156,274.6566467285156,26.98662567138672,162.5500030517578,458.3113708496094,106.0040283203125
2023-04-25,161.28273010253906,102.56999969482422,102.9372329711914,127.99828338623047,205.74327087402344,268.4669189453125,26.18726921081543,160.6699981689453,461.1047058105469,104.49736022949219
2023-04-26,161.2728729248047,104.9800033569336,102.79846954345703,125.72967529296875,207.5771484375,287.91326904296875,26.900802612304688,153.75,452.6966552734375,103.53777313232422
2023-04-27,165.85227966308594,109.81999969482422,106.64437103271484,127.42183685302734,236.48330688476562,297.1344299316406,27.170251846313477,160.19000244140625,459.74554443359375,104.77539825439453
2023-04-28,167.1029510498047,105.44999694824219,106.39655303955078,128.52822875976562,238.22799682617188,299.5031433105469,27.692182540893555,164.30999755859375,461.2640380859375,106.12959289550781
2023-05-01,167.0143585205078,102.05000305175781,106.2577896118164,131.28030395507812,241.06309509277344,297.8460998535156,28.850801467895508,161.8300018310547,464.64794921875,102.83827209472656
2023-05-02,165.9802703857422,103.62999725341797,104.39430236816406,129.16049194335938,237.1573944091797,297.6998596191406,28.152238845825195,160.30999755859375,462.4826354980469,98.73980712890625
2023-05-03,164.90684509277344,103.6500015258789,104.48353576660156,126.427001953125,234.9666290283203,296.7153015136719,27.745075225830078,160.61000061035156,458.7801208496094,96.79369354248047
2023-05-04,163.27200317382812,104.0,103.76985168457031,124.6976547241211,231.48719787597656,297.6998596191406,27.50555992126465,161.1999969482422,456.7554016113281,95.09870147705078
2023-05-05,170.9339141845703,105.66000366210938,104.64212036132812,127.13360595703125,230.75363159179688,302.8075256347656,28.62127685546875,170.05999755859375,463.31689453125,97.46630859375
2023-05-08,170.86495971679688,105.83000183105469,106.82276916503906,127.4404525756836,231.23934936523438,300.85797119140625,29.09130859375,171.7899932861328,461.7608337402344,97.85194396972656
2023-05-09,169.16122436523438,106.62000274658203,106.40646362304688,126.82678985595703,231.3385009765625,299.2496643066406,28.512500762939453,169.14999389648438,459.6611633300781,97.87885284423828
2023-05-10,170.92401123046875,110.19000244140625,110.76778411865234,126.89188385009766,231.05101013183594,304.4256591796875,28.825857162475586,168.5399932861328,459.37060546875,96.62330627441406
2023-05-11,171.11114501953125,112.18000030517578,115.5454330444336,126.49210357666016,233.73739624023438,302.2811584472656,28.519481658935547,172.0800018310547,458.1427001953125,94.87451171875
2023-05-12,170.18414306640625,110.26000213623047,116.47718811035156,124.67909240722656,231.77467346191406,301.1699523925781,28.281970977783203,167.97999572753906,460.4579772949219,94.86553955078125
2023-05-15,169.6910400390625,111.19999694824219,115.48597717285156,125.72967529296875,236.78070068359375,301.6475524902344,28.893714904785156,166.35000610351562,456.3617248535156,95.04645538330078
2023-05-16,169.6910400390625,113.4000015258789,118.4595947265625,124.88365173339844,236.74102783203125,303.8699951171875,29.153181076049805,166.52000427246094,449.6689758300781,92.7397232055664
2023-05-17,170.30252075195312,115.5,119.77790832519531,128.72348022460938,240.3791046142578,306.7420654296875,30.1162052154541,173.86000061035156,454.44012451171875,94.82030487060547
2023-05-18,172.62989807128906,118.1500015258789,121.75041961669922,129.69970703125,244.70115661621094,311.1575622558594,31.613140106201172,176.88999938964844,449.2096252441406,95.67967224121094
2023-05-19,172.73834228515625,116.25,121.68103790283203,129.4022216796875,243.50167846679688,310.9818115234375,31.199987411499023,180.13999938964844,448.8253173828125,96.12294006347656
2023-05-22,171.7916259765625,115.01000213623047,123.9509048461914,128.3330078125,246.15834045410156,313.7560729980469,31.112163543701172,188.8699951171875,450.51263427734375,94.95598602294922
2023-05-23,169.18809509277344,114.98999786376953,121.48278045654297,126.99414825439453,244.59210205078125,307.97296142578125,30.625164031982422,185.77000427246094,449.4064636230469,96.24958038330078
2023-05-24,169.4642333984375,116.75,119.83737182617188,125.83196258544922,247.0406036376953,306.59552001953125,30.47547149658203,182.89999389648438,450.7093811035156,97.32605743408203
2023-05-25,170.59832763671875,115.0,122.39469909667969,126.1387939453125,250.49029541015625,318.3865661621094,37.90223693847656,184.47000122070312,447.7756042480469,95.58018493652344
2023-05-26,173.00460815429688,120.11000061035156,123.51476287841797,127.31956481933594,259.75897216796875,325.1954345703125,38.86626052856445,193.1699981689453,451.3561706542969,94.95598602294922
2023-05-30,174.8487548828125,121.66000366210938,122.58302307128906,127.80304718017578,260.2347412109375,323.55426025390625,40.028873443603516,201.16000366210938,449.7908630371094,94.1147232055664
2023-05-31,174.79945373535156,120.58000183105469,121.7900619506836,126.17597961425781,262.41558837890625,320.79949951171875,37.75653076171875,203.92999267578125,456.7178649902344,92.43215942382812
2023-06-01,177.60018920898438,122.7699966430664,122.63259887695312,127.91462707519531,270.2369079589844,324.8925476074219,39.68857192993164,207.52000427246094,462.7076416015625,93.49959564208984
2023-06-02,178.44827270507812,124.25,123.57423400878906,130.6015625,270.2369079589844,327.6474304199219,39.24647521972656,213.97000122070312,468.284912109375,95.67063903808594
2023-06-05,177.09725952148438,125.30000305175781,124.9024658203125,129.3185577392578,269.02752685546875,328.1748962402344,39.09079360961914,217.61000061035156,466.9819641113281,95.24546813964844
2023-06-06,176.7323455810547,126.61000061035156,126.19104766845703,129.5509490966797,268.75982666015625,325.9671936035156,38.574859619140625,221.30999755859375,457.0272521972656,96.0234375
2023-06-07,175.36160278320312,121.2300033569336,121.4233169555664,130.8061065673828,261.3053283691406,315.9052429199219,37.402130126953125,224.57000732421875,451.92803955078125,98.1763687133789
2023-06-08,178.07354736328125,124.25,121.06647491455078,130.8433074951172,262.2768249511719,317.7417297363281,38.435123443603516,234.86000061035156,459.5206298828125,97.86880493164062
2023-06-09,178.4581756591797,123.43000030517578,121.15568542480469,131.1035919189453,262.6435852050781,319.2364501953125,38.69462203979492,244.39999389648438,462.6982421875,97.14512634277344
2023-06-12,181.24903869628906,126.56999969482422,122.55329895019531,131.09434509277344,268.6904296875,324.1794738769531,39.40522766113281,249.8300018310547,461.7327575683594,96.26766967773438
2023-06-13,180.77566528320312,126.66000366210938,122.74162292480469,132.0426788330078,268.95819091796875,326.5631103515625,40.94224166870117,258.7099914550781,460.5329284667969,96.28575134277344
2023-06-14,181.40682983398438,126.41999816894531,122.58302307128906,131.54991149902344,270.9704895019531,329.5426330566406,42.91339874267578,256.7900085449219,431.0530090332031,95.12788391113281
2023-06-15,183.43832397460938,127.11000061035156,123.99053955078125,133.03750610351562,279.3766174316406,340.0538330078125,42.570072174072266,255.89999389648438,438.4980163574219,95.7882308959961
2023-06-16,182.36338806152344,125.48999786376953,122.44425201416016,133.19554138183594,278.55377197265625,334.4172668457031,42.60898971557617,260.5400085449219,431.53302001953125,95.1007308959961
2023-06-20,182.4521942138672,125.77999877929688,122.0180435180664,132.5168914794922,281.8548889160156,330.23614501953125,43.72282791137695,274.45001220703125,441.792236328125,92.92064666748047
2023-06-21,181.41673278808594,124.83000183105469,119.49044799804688,132.3216094970703,279.1882629394531,325.8499755859375,42.9613037109375,259.4599914550781,448.71954345703125,93.96092987060547
2023-06-22,184.4146728515625,130.14999389648438,122.06758880615234,129.7740936279297,282.40008544921875,331.8578186035156,42.941349029541016,264.6099853515625,450.8842468261719,93.44530487060547
2023-06-23,184.0990753173828,129.3300018310547,121.26471710205078,129.09536743164062,286.2165832519531,327.2762145996094,42.12693405151367,256.6000061035156,448.9547424316406,92.63117218017578
2023-06-26,182.7085418701172,127.33000183105469,117.29987335205078,129.41152954101562,276.0458984375,321.0045471191406,40.55299758911133,241.0500030517578,450.8936767578125,94.34086608886719
2023-06-27,185.45997619628906,129.17999267578125,117.28997039794922,129.42079162597656,284.5511779785156,326.8365783691406,41.794578552246094,250.2100067138672,454.18792724609375,94.57606506347656
2023-06-28,186.63356018066406,129.0399932861328,119.12371063232422,128.85365295410156,282.8065185546875,328.0870666503906,41.03705596923828,256.239990234375,446.55474853515625,95.344970703125
2023-06-29,186.96884155273438,127.9000015258789,118.05319213867188,133.3536376953125,279.0792541503906,327.30548095703125,40.74262619018555,257.5,448.4277648925781,96.52096557617188
2023-06-30,191.28829956054688,130.36000061035156,118.6479263305664,135.222412109375,284.4818420410156,332.66864013671875,42.21975326538086,261.7699890136719,452.3807678222656,97.01850128173828
2023-07-03,189.7991943359375,130.22000122070312,118.84617614746094,136.31024169921875,283.5301208496094,330.17755126953125,42.330528259277344,279.82000732421875,449.7830810546875,97.20846557617188
2023-07-05,188.68479919433594,130.3800048828125,120.6799087524414,135.40216064453125,291.8074951171875,330.3338928222656,42.2347297668457,282.4800109863281,443.51458740234375,96.71092987060547
2023-07-06,189.15814208984375,128.36000061035156,119.0543212890625,134.0635223388672,289.4482116699219,333.3817443847656,42.021148681640625,276.5400085449219,441.763916015625,93.1015625
2023-07-07,188.04379272460938,129.77999877929688,118.42985534667969,135.12132263183594,288.00091552734375,329.42535400390625,42.42035675048828,274.42999267578125,434.44140625,93.31867218017578
2023-07-10,186.0023956298828,127.12999725341797,115.4264907836914,135.87960815429688,291.53985595703125,324.15997314453125,42.097991943359375,269.6099853515625,435.8249816894531,94.70269775390625
2023-07-11,185.479736328125,128.77999877929688,116.11042785644531,138.00460815429688,295.6933898925781,324.7851867675781,42.32254409790039,269.7900085449219,435.6744079589844,95.86060333251953
2023-07-12,187.1463623046875,130.8000030517578,117.88468170166016,138.68798828125,306.6471252441406,329.40582275390625,43.8166389465332,271.989990234375,425.142333984375,96.33098602294922
2023-07-13,187.90570068359375,134.3000030517578,123.44537353515625,139.3619842529297,310.6817626953125,334.7395935058594,45.887611389160156,277.8999938964844,421.424560546875,94.56700897216797
2023-07-14,188.05364990234375,134.67999267578125,124.3176498413086,140.2045135498047,306.1812744140625,337.25994873046875,45.3806037902832,281.3800048828125,451.9383850097656,91.31046295166016
2023-07-17,191.3080291748047,133.55999755859375,123.55441284179688,143.58396911621094,307.916015625,337.7386474609375,46.370670318603516,290.3800048828125,455.61846923828125,91.7084732055664
2023-07-18,191.0515899658203,132.8300018310547,122.67223358154297,143.84609985351562,309.33355712890625,351.18060302734375,47.40165710449219,293.3399963378906,470.6025390625,91.29236602783203
2023-07-19,192.4026641845703,135.36000061035156,120.95744323730469,144.3984375,313.25909423828125,346.87249755859375,46.9854621887207,291.260009765625,474.0849609375,91.92559051513672
2023-07-20,190.45993041992188,129.9600067138672,118.15231323242188,146.1770477294922,299.8865966796875,338.852294921875,45.43149185180664,262.8999938964844,474.59320068359375,93.54481506347656
2023-07-21,189.286376953125,130.0,118.9651107788086,145.05369567871094,291.69842529296875,335.8239440917969,44.22285079956055,260.0199890136719,476.74859619140625,93.9790267944336
2023-07-24,190.0851593017578,128.8000030517578,120.46184539794922,147.9088897705078,289.07147216796875,337.1329650878906,44.52525329589844,269.05999755859375,478.77215576171875,95.4535140991211
2023-07-25,190.94313049316406,129.1300048828125,121.1358642578125,146.8042755126953,291.90655517578125,342.8673400878906,45.590187072753906,265.2799987792969,480.889892578125,95.59827423095703
2023-07-26,191.8109588623047,128.14999389648438,128.13381958007812,147.68421936035156,295.97088623046875,329.96258544921875,45.363624572753906,264.3500061035156,478.1321716308594,95.06454467773438
2023-07-27,190.54864501953125,128.25,128.2626495361328,146.05535888671875,308.9964904785156,323.0755615234375,45.810760498046875,255.7100067138672,475.5249938964844,95.36306762695312
2023-07-28,193.12258911132812,132.2100067138672,131.4147186279297,146.8885040283203,322.6466979980469,330.54876708984375,46.65910339355469,266.44000244140625,473.3414306640625,94.2232894897461
2023-07-31,193.7340087890625,133.67999267578125,131.55349731445312,147.87149047851562,315.8265075683594,328.15545654296875,46.63813781738281,267.42999267578125,476.5979919433594,97.00946044921875
2023-08-01,192.90562438964844,131.69000244140625,130.39376831054688,147.14125061035156,319.9007568359375,328.5656433105469,46.41658020019531,261.07000732421875,475.06378173828125,96.4485855102539
2023-08-02,189.91749572753906,128.2100067138672,127.25163269042969,145.47496032714844,311.5739440917969,319.9299621582031,44.182926177978516,254.11000061035156,475.12030029296875,95.24546813964844
2023-08-03,188.52703857421875,128.91000366210938,127.32101440429688,146.36428833007812,310.4635925292969,319.10943603515625,44.42845153808594,259.32000732421875,475.1767272949219,96.90089416503906
2023-08-04,179.47393798828125,139.57000732421875,126.98399353027344,146.05535888671875,308.02508544921875,320.2035827636719,44.593135833740234,253.86000061035156,473.1719970703125,97.17227172851562
2023-08-07,176.37734985351562,142.22000122070312,130.37393188476562,146.74806213378906,313.80426025390625,322.4797058105469,45.32870101928711,251.4499969482422,480.7110595703125,96.97327423095703
2023-08-08,177.314208984375,139.94000244140625,130.24505615234375,145.92430114746094,309.9184265136719,318.5134582519531,44.57715606689453,249.6999969482422,476.11798095703125,97.45270538330078
2023-08-09,175.72647094726562,137.85000610351562,128.52040100097656,143.96775817871094,302.5531311035156,314.7818298339844,42.47126388549805,242.19000244140625,472.5884094238281,99.10810852050781
2023-08-10,175.50949096679688,138.55999755859375,128.55010986328125,143.75247192382812,303.07855224609375,315.46563720703125,42.30558395385742,245.33999633789062,473.8778991699219,99.61470794677734
2023-08-11,175.56874084472656,138.41000366210938,128.4212646484375,144.58560180664062,299.0141906738281,313.59002685546875,40.77555847167969,242.64999389648438,478.1415710449219,101.16156005859375
2023-08-14,177.21788024902344,140.57000732421875,130.1757049560547,144.88519287109375,303.5245361328125,316.5500183105469,43.66792678833008,239.75999450683594,480.889892578125,101.24296569824219
2023-08-15,175.2329864501953,137.6699981689453,128.63931274414062,141.1968231201172,299.321533203125,314.4203796386719,43.85456466674805,232.9600067138672,476.899169921875,98.64373779296875
2023-08-16,174.364013671875,135.07000732421875,127.5688247680664,140.5977020263672,291.7281799316406,313.6567687988281,43.40144729614258,225.60000610351562,473.9532165527344,96.98385620117188
2023-08-17,171.8260955810547,133.97999572753906,128.77809143066406,139.1373291015625,282.60821533203125,310.2109069824219,43.259727478027344,219.22000122070312,464.9176330566406,98.86260986328125
2023-08-18,172.3099822998047,133.22000122070312,126.3397216796875,139.4556121826172,280.7842712402344,309.8193054199219,43.214813232421875,215.49000549316406,469.1342468261719,100.35832214355469
2023-08-21,173.6431121826172,134.67999267578125,127.24171447753906,139.9330291748047,287.3763732910156,315.1056823730469,46.87568283081055,231.27999877929688,468.41888427734375,99.14533996582031
2023-08-22,175.01571655273438,134.25,127.94549560546875,137.0310516357422,285.09637451171875,315.6734313964844,45.57920837402344,233.19000244140625,463.39288330078125,98.58900451660156
2023-08-23,178.8571319580078,135.52000427246094,131.20657348632812,137.95779418945312,291.6785888671875,320.117919921875,47.02439498901367,236.86000061035156,460.663330078125,97.72259521484375
2023-08-24,174.1763916015625,131.83999633789062,128.63931274414062,137.82672119140625,284.25384521484375,313.2358093261719,47.0713005065918,230.0399932861328,459.4022216796875,96.99296569824219
2023-08-25,176.3784942626953,133.25999450683594,128.73843383789062,137.6582794189453,283.0146789550781,316.18255615234375,45.928531646728516,238.58999633789062,460.3621520996094,98.7258071899414
2023-08-28,177.93878173828125,133.13999938964844,129.85850524902344,138.1356658935547,287.7332763671875,316.88739013671875,46.74394226074219,238.82000732421875,462.3952331542969,99.5557632446289
2023-08-29,181.81967163085938,134.91000366210938,133.38722229003906,139.25901794433594,295.39593505859375,321.4981689453125,48.68914794921875,257.17999267578125,463.85406494140625,100.14855194091797
2023-08-30,185.3055419921875,135.07000732421875,134.68569946289062,138.6973419189453,292.5310974121094,321.8702087402344,49.168212890625,256.8999938964844,462.6304931640625,101.1244125366211
2023-08-31,185.52281188964844,138.00999450683594,134.9731903076172,136.9842071533203,293.3142395019531,320.8619079589844,49.25904083251953,258.0799865722656,448.5594787597656,101.40713500976562
2023-09-01,187.0929718017578,138.1199951171875,134.4676513671875,137.4429473876953,293.7999572753906,321.74298095703125,48.41468048095703,245.00999450683594,448.2395324707031,103.5321273803711
2023-09-05,187.32994079589844,137.27000427246094,134.57666015625,135.92640686035156,297.53717041015625,326.53009033203125,48.45360565185547,256.489990234375,452.540771484375,103.54124450683594
2023-09-06,180.62477111816406,135.36000061035156,133.27821350097656,135.7017364501953,296.565673828125,325.8741455078125,46.973365783691406,251.9199981689453,448.8983459472656,104.4350357055664
2023-09-07,175.3415985107422,137.85000610351562,134.07115173339844,134.54092407226562,296.070068359375,322.9666442871094,46.15489959716797,251.49000549316406,456.3056335449219,103.9242935180664
2023-09-08,175.95387268066406,138.22999572753906,135.18130493164062,134.6439208984375,295.29681396484375,327.2348937988281,45.48714065551758,248.5,454.2646484375,105.43824768066406
2023-09-11,177.11915588378906,143.10000610351562,135.71656799316406,135.233642578125,304.8826904296875,330.82769775390625,45.0938720703125,273.5799865722656,452.9513244628906,104.11582946777344
2023-09-12,174.0973663330078,141.22999572753906,134.1504364013672,136.9935760498047,299.0340576171875,324.7874755859375,44.786441802978516,267.4800109863281,453.4426574707031,107.15283203125
2023-09-13,172.03347778320312,144.85000610351562,135.5084228515625,137.0591278076172,302.4044494628906,328.9872131347656,45.40030288696289,271.29998779296875,453.385986328125,106.19523620605469
2023-09-14,173.5443572998047,144.72000122070312,136.88621520996094,139.7177276611328,309.0064697265625,331.5716857910156,45.49612045288086,276.0400085449219,456.9386901855469,108.09221649169922
2023-09-15,172.82347106933594,140.38999938964844,136.19236755371094,139.3058624267578,297.69573974609375,323.2701416015625,43.8182487487793,274.3900146484375,459.8677978515625,106.4323501586914
2023-09-18,175.7465057373047,139.97999572753906,136.9952392578125,139.5960693359375,299.9162902832031,322.1346130371094,43.88412857055664,265.2799987792969,459.2630615234375,107.28965759277344
2023-09-19,176.832763671875,137.6300048828125,136.8267364501953,139.4181671142578,302.41436767578125,321.733154296875,43.43896484375,266.5,454.1607360839844,107.0069351196289
2023-09-20,173.29745483398438,135.2899932861328,132.56454467773438,138.82846069335938,297.06134033203125,314.01898193359375,42.16034698486328,262.5899963378906,464.9984130859375,106.15874481201172
2023-09-21,171.75697326660156,129.3300018310547,129.29351806640625,137.7425079345703,293.1556396484375,312.80511474609375,40.94062042236328,255.6999969482422,473.51171875,104.66304016113281
2023-09-22,172.60623168945312,129.1199951171875,129.1051788330078,136.4225311279297,296.47650146484375,310.33819580078125,41.53251647949219,244.8800048828125,478.1982116699219,104.82720184326172
2023-09-25,173.880126953125,131.27000427246094,129.95765686035156,137.0965576171875,298.2112121582031,310.85699462890625,42.14337921142578,246.99000549316406,482.1477966308594,106.00372314453125
2023-09-26,169.8115997314453,125.9800033569336,127.43997192382812,135.6736602783203,296.35748291015625,305.5706787109375,41.83295440673828,244.1199951171875,477.5840759277344,106.1678695678711
2023-09-27,168.30067443847656,125.9800033569336,129.39263916015625,136.4693603515625,295.14813232421875,306.20703125,42.388919830322266,240.5,475.95892333984375,109.62440490722656
2023-09-28,168.5574493408203,125.9800033569336,131.1470947265625,138.1637420654297,301.31396484375,307.03912353515625,43.008766174316406,246.3800048828125,481.9776916503906,108.95862579345703
2023-09-29,169.07098388671875,127.12000274658203,129.70982360839844,135.7578887939453,297.59661865234375,309.104736328125,43.417999267578125,250.22000122070312,476.39349365234375,107.23492431640625
2023-10-02,171.57920837402344,129.4600067138672,132.99075317382812,134.58770751953125,304.1490783691406,315.02734375,44.6986083984375,251.60000610351562,486.2012634277344,105.45648956298828
2023-10-03,170.24607849121094,124.72000122070312,131.26602172851562,133.59542846679688,298.3202819824219,306.79437255859375,43.435970306396484,246.52999877929688,481.3824462890625,105.6388931274414
2023-10-04,171.4903564453125,127.0,134.05136108398438,134.19454956054688,302.91986083984375,312.24713134765625,43.958988189697266,261.1600036621094,482.4690246582031,101.68984985351562
2023-10-05,172.72476196289062,125.95999908447266,133.88282775878906,134.76039123535156,302.13677978515625,312.638671875,44.60478210449219,260.04998779296875,487.7697448730469,99.40069580078125
2023-10-06,175.2725067138672,127.95999908447266,136.3707733154297,136.83506774902344,312.68414306640625,320.3724670410156,45.67678451538086,260.5299987792969,495.87677001953125,97.74083709716797
2023-10-09,176.75376892089844,128.25999450683594,137.20338439941406,136.5238800048828,315.5886535644531,322.8785400390625,45.188690185546875,259.6700134277344,497.4830627441406,101.16089630126953
2023-10-10,176.1612548828125,129.47999572753906,136.84654235839844,137.353759765625,319.0382995605469,321.4786682128906,45.71272277832031,263.6199951171875,495.33807373046875,100.73223114013672
2023-10-11,177.5536346435547,131.8300018310547,139.3146514892578,137.8252410888672,324.9663391113281,325.4238586425781,46.718841552734375,262.989990234375,495.2342224121094,97.12065124511719
2023-10-12,178.45228576660156,132.3300018310547,137.74855041503906,137.504638671875,321.3381652832031,324.19036865234375,46.85758590698242,258.8699951171875,496.56646728515625,97.10242462158203
2023-10-13,176.61553955078125,129.7899932861328,136.15272521972656,139.5698699951172,311.9505920410156,320.8325500488281,45.37635040283203,251.1199951171875,509.662353515625,100.20327758789062
2023-10-16,176.48715209960938,132.5500030517578,137.8773956298828,139.42843627929688,318.3542785644531,325.6392517089844,46.0091667175293,253.9199981689453,508.3678894042969,100.27622985839844
2023-10-17,174.93673706054688,131.47000122070312,138.4919891357422,139.1266632080078,321.1795654296875,325.0714111328125,43.85618209838867,254.85000610351562,507.0640869140625,101.58953857421875
2023-10-18,173.6431121826172,128.1300048828125,136.74746704101562,137.5989532470703,314.2107849121094,323.1624450683594,42.1174201965332,242.67999267578125,506.5065002441406,103.01229095458984
2023-10-19,173.26785278320312,128.39999389648438,136.53927612304688,137.01425170898438,310.0869445800781,324.3470153808594,42.02260971069336,220.11000061035156,502.32073974609375,103.07612609863281
2023-10-20,170.72010803222656,125.16999816894531,134.40818786621094,134.8075408935547,305.9631652832031,319.7948913574219,41.30992889404297,211.99000549316406,497.974365234375,101.30683135986328
2023-10-23,170.8385772705078,126.55999755859375,135.30027770996094,132.96859741210938,311.2764892578125,322.38909912109375,42.89497756958008,212.0800018310547,492.8153076171875,99.82022094726562
2023-10-24,171.27310180664062,128.55999755859375,137.58995056152344,133.12890625,309.8291931152344,323.5735778808594,43.58169174194336,216.52000427246094,496.05621337890625,98.85348510742188
2023-10-25,168.9623565673828,121.38999938964844,124.50597381591797,132.4027862548828,296.92254638671875,333.500244140625,41.70119857788086,212.4199981689453,500.97900390625,99.03589630126953
2023-10-26,164.804931640625,119.56999969482422,121.20524597167969,132.7422637939453,285.8398742675781,320.9891662597656,40.250911712646484,205.75999450683594,499.23101806640625,98.13298797607422
2023-10-27,166.11830139160156,127.73999786376953,121.0962142944336,127.96104431152344,294.1468811035156,322.8687438964844,40.42457962036133,207.3000030517578,495.73492431640625,96.26336669921875
2023-10-30,168.1624298095703,132.7100067138672,123.36609649658203,129.59254455566406,300.0252990722656,330.2109680175781,41.084354400634766,197.36000061035156,500.7711181640625,96.56432342529297
2023-10-31,168.63645935058594,133.08999633789062,122.98942565917969,131.1390838623047,298.6473693847656,330.9941101074219,40.70405197143555,200.83999633789062,506.0340881347656,96.5369644165039
2023-11-01,171.79647827148438,137.0,125.3386001586914,131.02597045898438,309.13531494140625,338.78656005859375,42.246185302734375,205.66000366210938,502.29241943359375,96.3454360961914
2023-11-02,175.3515167236328,138.07000732421875,126.36945343017578,133.36468505859375,308.16387939453125,340.9891662597656,43.424991607666016,218.50999450683594,506.5726318359375,99.51014709472656
2023-11-03,174.44297790527344,138.60000610351562,127.9653091430664,134.85472106933594,311.8614196777344,345.3748779296875,44.921199798583984,219.9600067138672,501.6310119628906,98.29715728759766
2023-11-06,176.9907684326172,139.74000549316406,129.1051788330078,135.8731689453125,313.0509033203125,349.02642822265625,45.66580581665039,219.27000427246094,504.0498046875,96.55520629882812
2023-11-07,179.54840087890625,142.7100067138672,129.81887817382812,135.80712890625,316.0446472167969,352.94219970703125,45.86942672729492,222.17999267578125,508.17889404296875,95.04126739501953
2023-11-08,180.6050262451172,142.0800018310547,130.6812286376953,136.47669982910156,316.99627685546875,355.55609130859375,46.48727035522461,222.11000061035156,507.1395568847656,93.87388610839844
2023-11-09,180.13101196289062,140.60000610351562,129.09530639648438,136.07122802734375,317.75958251953125,353.098876953125,46.862579345703125,209.97999572753906,509.28436279296875,93.90125274658203
2023-11-10,184.31369018554688,143.55999755859375,131.42462158203125,138.0893096923828,325.9079895019531,361.889892578125,48.244998931884766,214.64999389648438,511.37255859375,94.62174224853516
2023-11-13,182.73159790039062,142.58999633789062,130.92901611328125,137.47634887695312,326.3243713378906,358.9627990722656,48.52946090698242,223.7100067138672,512.6575927734375,95.6158218383789
2023-11-14,185.342041015625,145.8000030517578,132.44557189941406,139.98483276367188,333.38232421875,362.47723388671875,49.56352996826172,237.41000366210938,510.6639099121094,95.98397827148438
2023-11-15,185.90565490722656,143.1999969482422,133.436767578125,141.2107696533203,329.8137512207031,362.6243896484375,48.79696273803711,242.83999633789062,508.7268981933594,95.40415954589844
2023-11-16,187.586669921875,142.8300018310547,135.72650146484375,142.82339477539062,331.28082275390625,369.00054931640625,49.38786315917969,233.58999633789062,510.0592041015625,94.29972839355469
2023-11-17,187.5668487548828,145.17999267578125,134.1207275390625,144.1153564453125,332.1233825683594,362.8009338378906,49.206199645996094,234.3000030517578,506.7237243652344,96.6006088256836
2023-11-20,189.30714416503906,146.1300048828125,135.05247497558594,144.55856323242188,337.0105285644531,370.24627685546875,50.315128326416016,235.60000610351562,505.5993957519531,96.17724609375
2023-11-21,188.50621032714844,143.89999389648438,135.76612854003906,144.25677490234375,334.04656982421875,365.9595642089844,49.85099792480469,241.1999969482422,509.8418884277344,96.14043426513672
2023-11-22,189.168701171875,146.7100067138672,137.2727813720703,144.59629821777344,338.5173034667969,370.64849853515625,48.62528610229492,234.2100067138672,513.7821044921875,95.72628784179688
2023-11-24,187.84373474121094,146.74000549316406,135.4886016845703,144.79434204101562,335.28564453125,370.2364807128906,47.68703842163086,235.4499969482422,516.9378051757812,96.24166870117188
2023-11-27,187.66575622558594,147.72999572753906,135.21107482910156,144.4642791748047,331.7864074707031,371.39398193359375,48.15217590332031,236.0800018310547,513.6213989257812,95.6802749633789
2023-11-28,188.26890563964844,147.02999877929688,135.99411010742188,144.79434204101562,336.0390625,375.40606689453125,47.73194885253906,246.72000122070312,510.7301330566406,95.62503814697266
2023-11-29,187.25045776367188,146.32000732421875,133.8035430908203,145.5299072265625,329.3081359863281,371.62945556640625,48.05035400390625,244.13999938964844,505.48602294921875,94.18927001953125
2023-11-30,187.82391357421875,146.08999633789062,131.3651580810547,147.18963623046875,324.3021240234375,371.6882629394531,46.682918548583984,240.0800018310547,522.4841918945312,94.55743408203125
2023-12-01,189.09951782226562,147.02999877929688,130.7010498046875,147.90635681152344,321.99237060546875,367.3721618652344,46.677921295166016,238.8300018310547,518.7582397460938,94.78751373291016
2023-12-04,187.3097686767578,144.83999633789062,128.13381958007812,148.99085998535156,317.234130859375,362.1045227050781,45.425254821777344,235.5800018310547,519.8201293945312,94.2721176147461
2023-12-05,191.25511169433594,146.8800048828125,129.83871459960938,148.9720001220703,315.519287109375,365.4200439453125,46.48337936401367,238.72000122070312,521.6973876953125,92.44059753417969
2023-12-06,190.1674346923828,144.52000427246094,128.87722778320312,147.40652465820312,314.68658447265625,361.77099609375,45.42226028442383,239.3699951171875,521.0051879882812,91.2165298461914
2023-12-07,192.09561157226562,146.8800048828125,135.72650146484375,147.8592071533203,323.7469787597656,363.8799743652344,46.51332092285156,242.63999938964844,519.8106079101562,90.58148193359375
2023-12-08,193.51950073242188,147.4199981689453,133.8035430908203,149.4906768798828,329.8533935546875,367.09747314453125,47.42170715332031,243.83999633789062,521.2328491210938,91.62149810791016
2023-12-11,191.01779174804688,145.88999938964844,132.1184539794922,150.03765869140625,322.44842529296875,364.2232971191406,46.544273376464844,239.74000549316406,515.4589233398438,91.6859130859375
2023-12-12,192.53067016601562,147.47999572753906,131.3552703857422,151.37677001953125,331.310546875,367.24462890625,47.572444915771484,237.00999450683594,517.3930053710938,90.2409439086914
2023-12-13,195.74427795410156,148.83999633789062,131.40480041503906,151.88597106933594,331.8260498046875,367.23480224609375,48.0026741027832,239.2899932861328,520.5122680664062,91.04166412353516
2023-12-14,195.89260864257812,147.4199981689453,130.78033447265625,154.64910888671875,330.2696533203125,358.9556579589844,48.26420593261719,251.0500030517578,506.5089111328125,93.48981475830078
2023-12-15,195.35867309570312,149.97000122070312,131.4345703125,155.81846618652344,332.00457763671875,363.6641845703125,48.803253173828125,253.5,503.55084228515625,92.86396789550781
2023-12-18,193.69744873046875,154.07000732421875,134.60641479492188,156.76148986816406,341.6200256347656,365.5475769042969,49.9881477355957,252.0800018310547,499.21807861328125,93.55422973632812
2023-12-19,194.73570251464844,153.7899932861328,135.44895935058594,158.8550567626953,347.3100280761719,366.14599609375,49.51598358154297,257.2200012207031,496.8384094238281,94.78751373291016
2023-12-20,192.6493682861328,152.1199951171875,137.1240692138672,157.0632781982422,346.2394714355469,363.5562438964844,48.025638580322266,247.13999938964844,489.1493225097656,93.2044906616211
2023-12-21,192.5009765625,153.83999633789062,139.18582153320312,157.95916748046875,351.0075988769531,366.4206237792969,48.903079986572266,254.5,492.8942565917969,93.62786865234375
2023-12-22,191.43309020996094,153.4199981689453,140.2464141845703,157.86483764648438,350.31365966796875,367.4407653808594,48.74335861206055,252.5399932861328,493.302001953125,93.79353332519531
2023-12-26,190.8892822265625,153.41000366210938,140.27615356445312,158.79849243164062,351.7411804199219,367.519287109375,49.191566467285156,256.6099853515625,493.0365905761719,94.00521087646484
2023-12-27,190.9881134033203,153.33999633789062,139.13624572753906,159.75091552734375,354.71502685546875,366.9405517578125,49.329315185546875,261.44000244140625,495.65325927734375,93.56344604492188
2023-12-28,191.41329956054688,153.3800048828125,138.9974822998047,160.5996856689453,355.2007751464844,368.1274719238281,49.43413162231445,253.17999267578125,497.6537170410156,92.21051025390625
2023-12-29,190.37506103515625,151.94000244140625,138.46221923828125,160.41107177734375,350.87872314453125,368.87298583984375,49.43413162231445,248.47999572753906,499.1422119140625,92.01725006103516
2024-01-02,183.5621795654297,149.92999267578125,136.95558166503906,162.27828979492188,343.2755432128906,363.801513671875,48.0825309753418,248.4199981689453,511.3441162109375,94.20770263671875
2024-01-03,182.18775939941406,148.47000122070312,137.69898986816406,161.5709991455078,341.47137451171875,363.53668212890625,47.484596252441406,238.4499969482422,513.8944702148438,94.99919891357422
2024-01-04,179.8739471435547,144.57000732421875,135.19122314453125,162.64321899414062,344.0982360839844,360.9273376464844,47.912841796875,237.92999267578125,517.1085205078125,94.17086791992188
2024-01-05,179.152099609375,145.24000549316406,134.53700256347656,163.45924377441406,348.8861999511719,360.7409973144531,49.0098876953125,237.49000549316406,509.4859619140625,94.45619201660156
2024-01-08,183.48306274414062,149.10000610351562,137.6197052001953,163.2220001220703,355.5378723144531,367.5487060546875,52.1602897644043,240.4499969482422,508.67059326171875,92.88236999511719
2024-01-09,183.06777954101562,151.3699951171875,139.7111358642578,161.93157958984375,354.3185119628906,368.6277160644531,53.04571533203125,234.9600067138672,510.42449951171875,91.73194122314453
2024-01-10,184.1060333251953,153.72999572753906,141.02944946289062,162.27317810058594,367.2449645996094,375.4747009277344,54.25356674194336,233.94000244140625,509.7323913574219,90.82998657226562
2024-01-11,183.51275634765625,155.17999267578125,140.8312225341797,161.58999633789062,366.4519958496094,377.2992858886719,54.72472381591797,227.22000122070312,511.6664733886719,90.81157684326172
2024-01-12,183.83905029296875,154.6199951171875,141.39622497558594,160.40391540527344,371.2300109863281,381.0660400390625,54.6129264831543,218.88999938964844,494.439697265625,91.9896240234375
2024-01-16,181.57467651367188,153.16000366210938,141.23760986328125,159.3981475830078,364.26116943359375,382.8317565917969,56.28196334838867,219.91000366210938,492.2022399902344,89.90962219238281
2024-01-17,180.63531494140625,151.7100067138672,140.2265625,158.54415893554688,365.16326904296875,382.0469970703125,55.953548431396484,215.5500030517578,497.6916198730469,89.25617218017578
2024-01-18,186.51873779296875,153.5,142.2189178466797,158.8572998046875,372.85577392578125,386.3631286621094,57.005672454833984,211.8800048828125,489.5380554199219,89.09052276611328
2024-01-19,189.41590881347656,155.33999633789062,145.09344482421875,161.59947204589844,380.1120300292969,391.0716857910156,59.38544464111328,212.19000244140625,477.4214172363281,89.22856140136719
2024-01-22,191.7198486328125,154.77999877929688,144.70684814453125,161.40969848632812,378.45654296875,388.95281982421875,59.54815673828125,208.8000030517578,486.3619689941406,89.10892486572266
2024-01-23,192.99542236328125,156.02000427246094,145.7476043701172,160.34695434570312,381.8467712402344,391.2972717285156,59.76676940917969,209.13999938964844,488.7606201171875,90.11210632324219
2024-01-24,192.32302856445312,156.8699951171875,147.39305114746094,161.77975463867188,387.29888916015625,394.8874816894531,61.25312805175781,207.8300018310547,486.5894775390625,91.66751098632812
2024-01-25,191.99671936035156,157.75,150.53515625,164.094970703125,389.75732421875,397.15350341796875,61.50767135620117,182.6300048828125,467.7887878417969,93.9959945678711
2024-01-26,190.2662811279297,159.1199951171875,150.8523406982422,163.46875,390.7089538574219,396.2314147949219,60.92271041870117,183.25,477.0801086425781,94.7967300415039
2024-01-29,189.58401489257812,161.25999450683594,152.16075134277344,163.89569091796875,397.5290832519531,401.91107177734375,62.35416793823242,190.92999267578125,478.35052490234375,94.91635131835938
2024-01-30,185.93531799316406,159.0,150.1287841796875,167.25462341308594,396.5774230957031,400.8026428222656,62.66261291503906,191.58999633789062,477.46881103515625,96.4993667602539
2024-01-31,182.33604431152344,155.1999969482422,138.86862182617188,165.4423370361328,386.7437744140625,390.0024719238281,61.4178352355957,187.2899932861328,485.17681884765625,94.6218490600586
2024-02-01,184.76852416992188,159.27999877929688,139.91929626464844,164.8445587158203,391.3433837890625,396.0842590332031,62.915164947509766,188.86000061035156,480.8155822753906,94.23529815673828
2024-02-02,183.76983642578125,171.80999755859375,141.1285858154297,165.79339599609375,470.85516357421875,403.3824462890625,66.04261016845703,187.91000366210938,483.74517822265625,93.84874725341797
2024-02-05,185.57936096191406,170.30999755859375,142.41717529296875,165.57518005371094,455.4107666015625,397.9186096191406,69.20899200439453,181.05999755859375,476.8525085449219,93.46219635009766
2024-02-06,187.1812286376953,169.14999389648438,142.83346557617188,166.14450073242188,450.7615966796875,397.7616882324219,68.1019515991211,185.10000610351562,484.1623229980469,94.10645294189453
2024-02-07,187.29000854492188,170.52999877929688,144.26080322265625,166.45761108398438,465.50213623046875,406.15850830078125,69.97462463378906,187.5800018310547,492.42974853515625,94.0788345336914
2024-02-08,186.2122039794922,169.83999633789062,144.6275634765625,165.85984802246094,465.9085998535156,406.2174072265625,69.5174331665039,189.55999755859375,493.0933837890625,95.6894760131836
2024-02-09,186.9745635986328,174.4499969482422,147.6903839111328,166.05909729003906,464.0350341796875,412.53460693359375,72.00502014160156,193.57000732421875,491.3204040527344,93.66468048095703
2024-02-12,185.2914276123047,172.33999633789062,146.23333740234375,166.79920959472656,464.818115234375,407.345458984375,72.11980438232422,188.1300048828125,490.7706298828125,94.95318603515625
2024-02-13,183.20236206054688,168.63999938964844,143.86428833007812,165.34742736816406,456.1145324707031,398.5758972167969,72.00001525878906,184.02000427246094,490.02154541015625,94.13572692871094
2024-02-14,182.32119750976562,170.97999572753906,144.65728759765625,167.0269012451172,469.1600036621094,402.42822265625,73.76889038085938,188.7100067138672,490.10687255859375,93.67127227783203
2024-02-15,182.0341033935547,169.8000030517578,141.51516723632812,170.67050170898438,479.81646728515625,399.54876708984375,72.52908325195312,200.4499969482422,493.84234619140625,96.3558349609375
2024-02-16,180.49949645996094,169.50999450683594,139.28494262695312,169.8734893798828,469.1996765136719,397.0919189453125,72.48414611816406,199.9499969482422,494.4775695800781,96.3558349609375
2024-02-20,179.75694274902344,167.0800018310547,139.87966918945312,170.5376739501953,467.6434020996094,395.8438415527344,69.32877349853516,193.75999450683594,494.0130310058594,95.44550323486328
2024-02-21,180.5093994140625,168.58999633789062,141.29708862304688,171.6478271484375,464.4480285644531,395.2442626953125,67.352294921875,194.77000427246094,494.875732421875,97.39620971679688
2024-02-22,182.5390167236328,174.5800018310547,142.82354736328125,173.70687866210938,482.40948486328125,404.551025390625,78.3986587524414,197.41000366210938,499.1706848144531,97.31260681152344
2024-02-23,180.70742797851562,174.99000549316406,142.6947021484375,174.579833984375,480.3255310058594,403.2635803222656,78.67716217041016,191.97000122070312,499.8721923828125,96.4580078125
2024-02-26,179.3609161376953,174.72999572753906,136.36087036132812,173.9820098876953,478.05303955078125,400.51190185546875,78.95167541503906,199.39999389648438,498.0518798828125,96.8388671875
2024-02-27,180.81631469726562,173.5399932861328,137.65936279296875,174.06741333007812,483.3224182128906,400.45294189453125,78.56136322021484,199.72999572753906,486.76959228515625,96.6344985961914
2024-02-28,179.6183319091797,173.16000366210938,135.18130493164062,174.9498748779297,480.3156433105469,400.6887512207031,77.52519226074219,202.0399932861328,472.4154968261719,96.90387725830078
2024-02-29,178.95497131347656,176.75999450683594,137.2430419921875,176.5439453125,486.37884521484375,406.5067443847656,78.97163391113281,201.8800048828125,467.97845458984375,97.08966827392578
2024-03-01,177.8758087158203,178.22000122070312,135.9346466064453,175.81332397460938,498.4556884765625,408.33465576171875,82.13301849365234,202.63999938964844,464.1196594238281,98.31582641601562
2024-03-04,173.361083984375,177.5800018310547,132.17796325683594,177.1322021484375,494.3771667480469,407.76458740234375,85.08575439453125,188.13999938964844,456.8572692871094,96.9410400390625
2024-03-05,168.43057250976562,174.1199951171875,131.50390625,178.90660095214844,486.46820068359375,395.70623779296875,85.81549835205078,180.74000549316406,448.5899658203125,98.13005065917969
2024-03-06,167.44046020507812,173.50999450683594,130.24505615234375,179.83645629882812,492.29327392578125,395.1558532714844,88.54676818847656,176.5399932861328,448.0685119628906,99.17971801757812
2024-03-07,167.32167053222656,176.82000732421875,133.19888305664062,178.26136779785156,508.2700500488281,402.0843200683594,92.50891876220703,178.64999389648438,453.9277038574219,99.73707580566406
2024-03-08,169.0344696044922,175.35000610351562,134.21983337402344,178.59347534179688,502.07781982421875,399.2146301269531,87.37679290771484,175.33999633789062,453.61358642578125,100.67524719238281
2024-03-11,171.03443908691406,171.9600067138672,136.45997619628906,178.65988159179688,479.888916015625,397.5439758300781,85.62582397460938,177.77000427246094,465.5875549316406,101.26976013183594
2024-03-12,171.50965881347656,175.38999938964844,137.28269958496094,180.13059997558594,495.92523193359375,408.118408203125,91.75422668457031,177.5399932861328,465.7779846191406,100.61951446533203
2024-03-13,169.43052673339844,176.55999755859375,138.5613555908203,181.5918426513672,491.7772521972656,407.9415283203125,90.7309799194336,169.47999572753906,464.49298095703125,101.74351501464844
2024-03-14,171.2819366455078,178.75,141.84225463867188,178.35626220703125,488.0658264160156,417.8869934082031,87.79207611083984,162.5,465.4448547363281,103.54559326171875
2024-03-15,170.9057159423828,174.4199981689453,139.9391326904297,180.56710815429688,480.3949890136719,409.2387390136719,87.68527221679688,163.57000732421875,467.1771545410156,103.35980987548828
2024-03-18,171.9947967529297,174.47999572753906,146.38198852539062,182.80641174316406,493.176513671875,410.12322998046875,88.30219268798828,173.8000030517578,463.5887451171875,104.31658172607422
2024-03-19,174.33135986328125,175.89999389648438,145.7377166748047,183.8785858154297,492.44207763671875,414.1427001953125,89.24357604980469,171.32000732421875,469.5567321777344,105.0504150390625
2024-03-20,176.89566040039062,178.14999389648438,147.43267822265625,186.28868103027344,501.6510925292969,417.8968505859375,90.21588897705078,175.66000366210938,470.42291259765625,104.9575424194336
2024-03-21,169.6681365966797,178.14999389648438,146.30270385742188,188.87904357910156,503.87396240234375,421.96539306640625,91.27703857421875,172.82000732421875,468.0052490234375,105.42198181152344
2024-03-22,170.569091796875,178.8699951171875,149.44485473632812,186.5638427734375,505.67999267578125,421.3463134765625,94.1260986328125,170.8300018310547,466.46331787109375,105.42198181152344
2024-03-25,169.15330505371094,179.7100067138672,148.75100708007812,184.85592651367188,499.17022705078125,415.567626953125,94.837890625,172.6300048828125,462.4751281738281,106.49952697753906
2024-03-26,168.0246124267578,178.3000030517578,149.34571838378906,185.7193603515625,492.09478759765625,414.3785095214844,92.4011001586914,177.6699981689453,468.5953674316406,105.70066833496094
2024-03-27,171.5888671875,179.8300018310547,149.54396057128906,189.31552124023438,490.0802917480469,414.1623229980469,90.09410858154297,179.8300018310547,469.3473815917969,106.79676818847656
2024-03-28,169.7770538330078,180.3800048828125,149.60342407226562,190.0556182861328,481.8636779785156,413.4645690917969,90.19991302490234,175.7899932861328,470.8702697753906,107.97649383544922
2024-04-01,168.3414306640625,180.97000122070312,154.1233673095703,188.7651824951172,487.5895080566406,417.24822998046875,90.20689392089844,175.22000122070312,466.111083984375,108.67317962646484
2024-04-02,167.1632537841797,180.69000244140625,153.2015380859375,188.6892852783203,493.5634460449219,414.17218017578125,89.29747009277344,166.6300048828125,436.0713806152344,110.80036926269531
2024-04-03,167.96522521972656,182.41000366210938,153.558349609375,188.1579132080078,502.8617248535156,413.1992492675781,88.81031799316406,168.3800048828125,437.59423828125,110.81896209716797
2024-04-04,167.1434783935547,180.0,149.2069549560547,186.72633361816406,507.0097961425781,410.673583984375,85.756591796875,171.11000061035156,433.44427490234375,111.2091064453125
2024-04-05,167.8959197998047,185.07000732421875,151.1596221923828,188.44422912597656,523.3040771484375,418.1818542480469,87.8559799194336,164.89999389648438,433.7869567871094,112.74181365966797
2024-04-08,166.77713012695312,185.19000244140625,153.48898315429688,189.42727661132812,515.2760009765625,417.2678527832031,86.98246765136719,172.97999572753906,434.034423828125,111.9801025390625
2024-04-09,167.9850311279297,185.6699981689453,155.22360229492188,188.1579132080078,512.944091796875,418.9287109375,85.20654296875,176.8800048828125,437.57525634765625,112.5653076171875
2024-04-10,166.11376953125,185.9499969482422,154.76763916015625,186.55455017089844,515.8515625,415.9607849121094,86.88864135742188,171.75999450683594,428.37103271484375,113.51278686523438
2024-04-11,173.3016815185547,189.0500030517578,158.00889587402344,186.516357421875,519.156005859375,420.55029296875,90.4594497680664,174.60000610351562,420.44232177734375,113.13194274902344
2024-04-12,174.7967071533203,186.1300048828125,156.3437042236328,174.45286560058594,507.98223876953125,414.624267578125,88.03366088867188,171.0500030517578,418.0437316894531,111.8128890991211
2024-04-15,170.97503662109375,183.6199951171875,153.4989013671875,174.54830932617188,496.4015808105469,406.5067443847656,85.85243225097656,161.47999572753906,424.1639709472656,111.17194366455078
2024-04-16,167.69789123535156,183.32000732421875,153.04293823242188,172.55368041992188,495.9351806640625,407.430419921875,87.26399230957031,157.11000061035156,446.3034973144531,110.25232696533203
2024-04-17,166.33160400390625,181.27999877929688,154.103515625,171.86648559570312,490.3879699707031,404.7377624511719,83.88983917236328,155.4499969482422,455.91693115234375,110.19658660888672
2024-04-18,165.381103515625,179.22000122070312,154.6387939453125,172.98312377929688,497.95953369140625,397.2983093261719,84.52471923828125,149.92999267578125,469.4234313964844,110.09439849853516
2024-04-19,163.36138916015625,174.6300048828125,152.73565673828125,177.3256072998047,477.38824462890625,392.23712158203125,76.068359375,147.0500030517578,476.99053955078125,111.35771179199219
2024-04-22,164.1930389404297,177.22999572753906,154.90640258789062,180.77096557617188,478.04315185546875,394.0453186035156,79.38063049316406,142.0500030517578,467.5674133300781,111.9893798828125
2024-04-23,165.2425079345703,179.5399932861328,156.86900329589844,183.37643432617188,492.30316162109375,400.5413513183594,82.2806167602539,144.67999267578125,462.76068115234375,112.42597198486328
2024-04-24,167.3414764404297,176.58999633789062,157.7313690185547,184.27357482910156,489.72308349609375,402.00567626953125,79.53936767578125,162.1300048828125,463.82672119140625,112.44454956054688
2024-04-25,168.2028350830078,173.6699981689453,154.6288604736328,184.55032348632812,438.0019226074219,392.15850830078125,82.4892578125,170.17999267578125,470.0706481933594,112.70464324951172
2024-04-26,167.61871337890625,179.6199951171875,170.43869018554688,184.6648712158203,439.89739990234375,399.31298828125,87.58345031738281,168.2899932861328,471.4889221191406,109.57421875
2024-04-29,171.7769775390625,180.9600067138672,164.6896514892578,184.4644317626953,429.30902099609375,395.3131103515625,87.60540008544922,194.0500030517578,465.473388671875,111.1347885131836
2024-04-30,168.63845825195312,175.0,161.34927368164062,182.99468994140625,426.8777770996094,382.6159362792969,86.25274658203125,183.27999877929688,460.400146484375,109.86219787597656
2024-05-01,167.61871337890625,179.0,162.4197998046875,183.1092071533203,435.82867431640625,388.129150390625,82.89753723144531,179.99000549316406,460.79034423828125,107.78142547607422
2024-05-02,171.31166076660156,184.72000122070312,165.155517578125,182.91831970214844,438.2997131347656,390.97918701171875,85.66875457763672,180.00999450683594,469.2236022949219,107.97649383544922
2024-05-03,181.55886840820312,186.2100067138672,165.77008056640625,181.8207550048828,448.5009460449219,399.6470642089844,88.63561248779297,181.19000244140625,468.7286682128906,107.75355529785156
2024-05-06,179.90545654296875,188.6999969482422,166.62255859375,183.24281311035156,462.1159973144531,406.40838623046875,91.98082733154297,184.75999450683594,470.5656433105469,108.45023345947266
2024-05-07,180.5885772705078,188.75999450683594,169.7448272705078,183.00424194335938,464.6564025878906,402.28082275390625,90.39756774902344,177.80999755859375,476.8287048339844,107.9114761352539
2024-05-08,180.9252166748047,188.0,167.89129638671875,186.72633361816406,468.9830017089844,403.46014404296875,90.25581359863281,174.72000122070312,478.9703369140625,107.89289093017578
2024-05-09,182.737060546875,189.5,168.4661865234375,188.49195861816406,471.7814636230469,405.20947265625,88.59369659423828,171.97000122070312,482.60626220703125,110.02009582519531
2024-05-10,181.4779815673828,187.47999572753906,167.16766357421875,189.70404052734375,472.5555114746094,407.5877380371094,89.72272491455078,168.47000122070312,488.1078796386719,109.57421875
2024-05-13,184.6802215576172,186.57000732421875,167.6533966064453,189.66586303710938,464.4281311035156,406.5852966308594,90.24283599853516,171.88999938964844,487.0894470214844,109.52777099609375
2024-05-14,185.82032775878906,187.07000732421875,168.84283447265625,192.31907653808594,468.2388000488281,409.3763427734375,91.19818115234375,177.5500030517578,489.1263732910156,110.19265747070312
2024-05-15,188.09066772460938,185.99000549316406,170.99375915527344,192.89170837402344,477.8546142578125,416.5338439941406,94.4665298461914,173.99000549316406,492.61956787109375,111.04483032226562
2024-05-16,188.2096405029297,183.6300048828125,172.64907836914062,193.2352752685547,469.6081848144531,414.4762268066406,94.19600677490234,174.83999633789062,496.1604919433594,110.37995147705078
2024-05-17,188.23936462402344,184.6999969482422,174.51254272460938,195.44943237304688,468.2983093261719,413.708251953125,92.31925201416016,177.4600067138672,499.3584899902344,112.0374755859375
2024-05-20,189.3993377685547,183.5399932861328,175.364990234375,186.65953063964844,465.2518310546875,418.75885009765625,94.61627197265625,174.9499969482422,492.3149108886719,111.12910461425781
2024-05-21,190.69808959960938,183.14999389648438,176.28683471679688,190.41983032226562,461.07403564453125,422.4016418457031,95.22122192382812,186.60000610351562,498.3305358886719,110.36121368408203
2024-05-22,189.2605438232422,183.1300048828125,174.8297576904297,189.26499938964844,464.199951171875,423.85870361328125,94.78596496582031,180.11000061035156,496.2365417480469,108.1418228149414
2024-05-23,185.2750701904297,181.0500030517578,172.0246124267578,187.93841552734375,462.2152099609375,420.3931884765625,103.61970520019531,173.74000549316406,491.93426513671875,106.29701232910156
2024-05-24,188.3484344482422,180.75,173.45196533203125,191.55555725097656,474.5600280761719,423.50433349609375,106.28507232666016,179.24000549316406,483.6914367675781,106.21271514892578
2024-05-28,188.35838317871094,182.14999389648438,174.8495635986328,190.4007110595703,476.24700927734375,423.6618347167969,113.70423126220703,176.75,479.4176940917969,107.56121826171875
2024-05-29,188.65576171875,182.02000427246094,174.35397338867188,189.07412719726562,470.72955322265625,422.52960205078125,114.62662506103516,176.19000244140625,461.3709716796875,106.40937805175781
2024-05-30,189.64720153808594,179.32000732421875,170.59727478027344,190.23849487304688,463.4754638671875,408.25396728515625,110.3091049194336,178.7899932861328,458.4488525390625,106.74650573730469
2024-05-31,190.59896850585938,176.44000244140625,170.98387145996094,193.38800048828125,463.2571716308594,408.7068786621094,109.4436264038086,178.0800018310547,471.5079650878906,109.80870819091797
2024-06-03,192.3636474609375,178.33999633789062,171.64794921875,192.61492919921875,473.83563232421875,407.1217956542969,114.80133819580078,176.2899932861328,473.478271484375,107.17727661132812
2024-06-04,192.680908203125,179.33999633789062,172.2624969482422,190.0762481689453,473.3394470214844,409.63232421875,116.23584747314453,174.77000427246094,481.1404724121094,105.51038360595703
2024-06-05,194.18783569335938,181.27999877929688,173.86830139160156,188.26292419433594,491.2711181640625,417.449462890625,122.22848510742188,175.0,478.8846740722656,105.9317855834961
2024-06-06,192.80978393554688,185.0,175.1766357421875,187.9288787841797,489.9810791015625,417.9515380859375,120.78897094726562,177.94000244140625,477.7424621582031,106.727783203125
2024-06-07,195.19911193847656,184.3000030517578,172.9266357421875,190.83021545410156,489.1871643066406,417.2919921875,120.6791763305664,177.47999572753906,467.05340576171875,105.58529663085938
2024-06-10,191.46145629882812,187.05999755859375,173.67088317871094,190.5057373046875,498.7533874511719,421.2497253417969,121.57959747314453,173.7899932861328,471.1557922363281,105.89433288574219
2024-06-11,205.37098693847656,187.22999572753906,175.26856994628906,185.49517822265625,503.5861511230469,425.9853210449219,120.71104431152344,170.66000366210938,472.3170166015625,105.04215240478516
2024-06-12,211.24014282226562,186.88999938964844,176.42959594726562,182.7942657470703,504.9456787109375,434.2356872558594,124.99398040771484,177.2899932861328,469.3187561035156,103.88095092773438
2024-06-13,212.4001007080078,183.8300018310547,173.81973266601562,184.82711791992188,500.241943359375,434.7475891113281,129.39671325683594,182.47000122070312,473.3450012207031,103.0475082397461
2024-06-14,210.66514587402344,183.66000366210938,175.43724060058594,184.941650390625,500.7981872558594,435.7223205566406,131.66299438476562,178.00999450683594,473.17364501953125,102.17660522460938
2024-06-17,214.80921936035156,184.05999755859375,175.88380432128906,186.0869140625,503.251708984375,441.4324951171875,130.7644805908203,187.44000244140625,467.6391906738281,101.47425842285156
2024-06-18,212.44964599609375,182.80999755859375,173.75025939941406,188.0147705078125,496.15936279296875,439.4339599609375,135.35690307617188,184.86000061035156,459.82025146484375,102.42945098876953
2024-06-20,207.8792266845703,186.10000610351562,174.95098876953125,189.6085968017578,498.35467529296875,438.8038635253906,130.56480407714844,181.57000732421875,463.1370849609375,104.63947296142578
2024-06-21,205.70806884765625,189.0800018310547,178.2555389404297,187.34671020507812,491.4807434082031,442.82073974609375,126.36174774169922,183.00999450683594,461.292236328125,103.72174835205078
2024-06-24,206.3524627685547,185.57000732421875,177.84864807128906,189.8090362548828,495.5832824707031,440.743408203125,117.91564178466797,182.5800018310547,468.35614013671875,106.80269622802734
2024-06-25,207.2744903564453,186.33999633789062,182.6218719482422,189.03598022460938,507.1952819824219,443.97259521484375,125.88250732421875,187.35000610351562,463.11798095703125,107.10236358642578
2024-06-26,211.41859436035156,193.61000061035156,182.47300720214844,188.4251708984375,509.698486328125,445.1639404296875,126.1920166015625,196.3699951171875,462.67828369140625,107.13982391357422
2024-06-27,212.26129150390625,197.85000610351562,183.99131774902344,190.08580017089844,516.0955200195312,445.84326171875,123.78597259521484,197.4199981689453,464.9723205566406,107.59868621826172
2024-06-28,208.81117248535156,193.25,180.75624084472656,193.03485107421875,500.8577880859375,440.0345153808594,123.33671569824219,197.8800048828125,486.7853088378906,107.8046875
2024-07-01,214.8885498046875,197.1999969482422,181.58981323242188,196.079345703125,501.31475830078125,449.6631774902344,124.095458984375,209.86000061035156,472.8200378417969,107.65486145019531
2024-07-02,218.37828063964844,200.0,183.82261657714844,199.30520629882812,506.10260009765625,452.1737365722656,122.4681396484375,231.25999450683594,476.2515563964844,106.9244384765625
2024-07-03,219.64732360839844,197.58999633789062,184.39816284179688,199.1715850830078,506.5595397949219,453.640625,128.0689239501953,246.38999938964844,468.2701110839844,107.46758270263672
2024-07-05,224.3961944580078,200.0,189.14158630371094,196.532470703125,536.3097534179688,460.3256530761719,125.6229476928711,251.52000427246094,466.4730529785156,106.16590881347656
2024-07-08,225.86346435546875,199.2899932861328,187.5836181640625,196.89715576171875,525.7904052734375,459.0260314941406,127.98902130126953,252.94000244140625,467.744384765625,105.05152130126953
2024-07-09,226.71609497070312,199.33999633789062,187.53399658203125,199.25794982910156,526.4659423828125,452.4297180175781,131.16383361816406,262.3299865722656,470.3921203613281,103.89031982421875
2024-07-10,230.97914123535156,199.7899932861328,189.7171630859375,199.42111206054688,531.1246948242188,459.03594970703125,134.68800354003906,263.260009765625,478.8228759765625,104.80803680419922
2024-07-11,225.6156463623047,195.0500030517578,184.1501007080078,199.08522033691406,509.2812805175781,447.6646423339844,127.19036102294922,241.02999877929688,482.1014709472656,106.05352783203125
2024-07-12,228.5601043701172,194.49000549316406,183.65391540527344,196.6764373779297,495.5434875488281,446.5323791503906,129.02734375,248.22999572753906,488.955078125,106.07225036621094
2024-07-15,232.386962890625,192.72000122070312,185.1027069091797,201.5803680419922,492.8515319824219,446.9360656738281,128.2286376953125,252.63999938964844,492.6255798339844,107.88897705078125
2024-07-16,232.80335998535156,193.02000427246094,182.51271057128906,205.0064239501953,486.5240173339844,442.5647888183594,126.1520767211914,256.55999755859375,524.6470947265625,108.66622161865234
2024-07-17,226.91436767578125,187.92999267578125,179.63490295410156,208.1253662109375,458.90936279296875,436.65753173828125,117.79584503173828,248.5,547.9799194335938,110.1645736694336
2024-07-18,222.25473022460938,183.75,176.33038330078125,201.51319885253906,472.677001953125,433.5563659667969,120.89073181152344,249.22999572753906,539.4344482421875,111.2508544921875
2024-07-19,222.3836212158203,183.1300048828125,176.3006134033203,201.32125854492188,473.6107482910156,430.34674072265625,117.73595428466797,239.1999969482422,540.3807373046875,108.6943359375
2024-07-22,222.03663635253906,182.5500030517578,180.27992248535156,201.8011016845703,484.1499938964844,436.0865478515625,123.33671569824219,251.50999450683594,533.880859375,107.94515991210938
2024-07-23,223.0775909423828,186.41000366210938,180.39901733398438,201.84906005859375,485.43133544921875,437.96697998046875,122.38827514648438,246.3800048828125,530.2199096679688,106.203369140625
2024-07-24,216.66314697265625,180.8300018310547,171.30908203125,200.1792449951172,458.1941833496094,422.2637939453125,114.06200408935547,215.99000549316406,535.0469360351562,107.7016830444336
2024-07-25,215.6221923828125,179.85000610351562,166.00003051757812,200.25601196289062,450.38665771484375,411.92626953125,112.09525299072266,220.25,534.9801025390625,109.96790313720703
2024-07-26,216.08816528320312,182.5,165.72218322753906,203.6820831298828,462.59466552734375,418.6899719238281,112.87394714355469,219.8000030517578,544.576904296875,109.87425994873047
2024-07-29,216.36573791503906,183.1999969482422,168.23281860351562,202.3480987548828,462.6046142578125,420.12738037109375,111.40637969970703,232.10000610351562,541.7381591796875,108.722412109375
2024-07-30,216.9209442138672,181.7100067138672,168.9869842529297,206.5131072998047,460.1014099121094,416.3763122558594,103.5593032836914,222.6199951171875,550.8953247070312,110.66088104248047
2024-07-31,220.1727752685547,186.97999572753906,170.22743225097656,204.21949768066406,471.6637878417969,411.8770446777344,116.82743072509766,232.07000732421875,550.7327270507812,111.05419158935547
2024-08-01,216.4846954345703,184.07000732421875,169.45339965820312,199.5746612548828,494.4209899902344,410.65618896484375,109.03028869628906,216.86000061035156,547.4924926757812,109.51841735839844
2024-08-02,217.97183227539062,167.89999389648438,165.38478088378906,191.11029052734375,484.885009765625,402.1695861816406,107.09347534179688,207.6699981689453,563.7994995117188,109.45285034179688
2024-08-05,207.47279357910156,161.02000427246094,158.03147888183594,187.04122924804688,472.5578308105469,389.0360412597656,100.28471374511719,198.8800048828125,544.8064575195312,107.47694396972656
2024-08-06,205.45030212402344,161.92999267578125,157.07879638671875,192.2618865966797,490.79534912109375,393.427001953125,104.07846069335938,200.63999938964844,543.2673950195312,106.90570831298828
2024-08-07,208.01806640625,162.77000427246094,157.72384643554688,192.31947326660156,485.6598205566406,392.2652282714844,98.74723815917969,191.75999450683594,541.0977172851562,108.32910919189453
2024-08-08,211.4780731201172,165.8000030517578,160.79019165039062,195.83189392089844,506.2317199707031,396.4593811035156,104.79727935791016,198.83999633789062,541.2505493164062,110.398681640625
2024-08-09,214.38291931152344,166.94000244140625,162.4176483154297,197.50173950195312,514.3175048828125,399.73779296875,104.57763671875,200.0,534.1007080078125,111.29766845703125
2024-08-12,215.91146850585938,166.8000030517578,161.04820251464844,197.8760223388672,512.5096435546875,400.515625,108.8405990600586,197.49000549316406,540.3425903320312,111.43814086914062
2024-08-13,219.62362670898438,170.22999572753906,162.9038848876953,199.5554656982422,525.015625,407.6042175292969,115.94889068603516,207.8300018310547,548.8975830078125,110.3705825805664
2024-08-14,220.07029724121094,170.10000610351562,159.1428985595703,201.76272583007812,523.2474975585938,410.4100646972656,117.88570404052734,201.3800048828125,554.087890625,111.39131164550781
2024-08-15,223.04798889160156,177.58999633789062,160.06578063964844,203.01991271972656,533.7471313476562,415.2626647949219,122.65782928466797,214.13999938964844,554.030517578125,112.08043670654297
2024-08-16,224.3680877685547,177.05999755859375,161.71310424804688,205.34231567382812,523.903076171875,412.73773193359375,124.375,216.1199951171875,552.1856689453125,111.55179595947266
2024-08-19,224.20925903320312,178.22000122070312,165.3946990966797,206.7626190185547,525.750732421875,415.755859375,129.78610229492188,222.72000122070312,553.2372436523438,111.89163208007812
2024-08-20,224.82464599609375,178.8800048828125,165.90078735351562,205.87014770507812,523.2177124023438,418.9810791015625,127.04061126708984,221.10000610351562,555.024658203125,108.16287231445312
2024-08-21,224.7154541015625,180.11000061035156,164.58096313476562,205.9468994140625,531.5914916992188,418.330078125,128.28855895996094,223.27000427246094,552.5585327148438,107.47374725341797
2024-08-22,222.85939025878906,176.1300048828125,162.54666137695312,207.89505004882812,528.383056640625,409.85772705078125,123.53638458251953,210.66000366210938,553.1798095703125,108.30445861816406
2024-08-23,225.15220642089844,177.0399932861328,164.3527374267578,209.50732421875,524.479248046875,411.080810546875,129.15711975097656,220.32000732421875,558.71435546875,109.80540466308594
2024-08-26,225.48963928222656,175.5,164.8885955810547,210.33262634277344,517.6451416015625,407.8259582519531,126.25189971923828,213.2100067138672,561.2186889648438,112.15595245361328
2024-08-27,226.3333282470703,173.1199951171875,163.41989135742188,211.30189514160156,515.638427734375,408.1712341308594,128.08889770507812,209.2100067138672,561.4288940429688,111.08924102783203
2024-08-28,224.8048095703125,170.8000030517578,161.60394287109375,212.3671417236328,513.3341064453125,404.9755554199219,125.40331268310547,205.75,562.5662841796875,109.99419403076172
2024-08-29,228.0802459716797,172.1199951171875,160.54212951660156,213.2500457763672,514.764404296875,407.4610290527344,117.39649963378906,206.27999877929688,565.4627685546875,111.5140380859375
2024-08-30,227.29612731933594,178.5,162.12986755371094,215.73562622070312,517.8338623046875,411.42596435546875,119.173583984375,214.11000061035156,564.1531982421875,111.33468627929688
2024-09-03,221.11248779296875,176.25,156.15594482421875,211.4170684814453,508.34759521484375,403.8314514160156,107.8222885131836,210.60000610351562,572.259033203125,109.00300598144531
2024-09-04,219.20677185058594,173.3300018310547,155.25289916992188,210.48619079589844,509.3210144042969,403.2988586425781,106.03524017333984,219.41000366210938,577.5162353515625,107.67198181152344
2024-09-05,220.72537231445312,177.88999938964844,156.036865234375,208.85475158691406,513.4135131835938,402.7958984375,107.03359985351562,230.1699981689453,569.209716796875,106.83182525634766
2024-09-06,219.17701721191406,171.38999938964844,149.7652130126953,203.89320373535156,496.9341735839844,396.197509765625,102.6607894897461,210.72999572753906,570.5382690429688,106.3315200805664
2024-09-09,219.2663116455078,175.39999389648438,147.7679443359375,208.0677947998047,501.424072265625,400.1623840332031,106.29479217529297,216.27000427246094,567.881103515625,108.56877899169922
2024-09-10,218.47227478027344,179.5500030517578,147.71826171875,197.2714080810547,501.424072265625,408.5262451171875,107.922119140625,226.1699981689453,572.5935668945312,104.61344146728516
2024-09-11,221.00331115722656,184.52000427246094,150.20242309570312,198.8740692138672,508.4171142578125,417.2452087402344,116.71762084960938,228.1300048828125,563.7230834960938,103.5750503540039
2024-09-12,221.11248779296875,187.0,153.71006774902344,198.2694854736328,522.09521484375,421.1509094238281,118.95413208007812,229.80999755859375,562.4517822265625,105.00048828125
2024-09-13,220.844482421875,186.49000549316406,156.4625244140625,196.0814208984375,521.121826171875,424.6917419433594,118.91417694091797,230.2899932861328,568.09130859375,104.92495727539062
2024-09-16,214.71047973632812,184.88999938964844,157.0587158203125,199.47866821289062,530.2294311523438,425.4314270019531,116.59780883789062,226.77999877929688,565.1368408203125,106.3975830078125
2024-09-17,215.17697143554688,186.8800048828125,158.3107452392578,200.81260681152344,533.2520141601562,429.18927001953125,115.40966796875,227.8699951171875,554.412353515625,107.78526306152344
2024-09-18,219.0479736328125,186.42999267578125,158.797607421875,199.1619873046875,534.8726806640625,424.9087829589844,113.19313049316406,227.1999969482422,556.9927978515625,108.16287231445312
2024-09-19,227.16708374023438,189.8699951171875,161.11288452148438,201.99305725097656,555.901611328125,432.6807861328125,117.68611145019531,243.9199981689453,553.55859375,109.50332641601562
2024-09-20,226.50205993652344,191.60000610351562,162.55368041992188,202.57843017578125,558.1387939453125,429.3076171875,115.81903076171875,238.25,551.5729370117188,108.81421661376953
2024-09-23,224.78492736816406,193.8800048828125,160.82472229003906,202.91433715820312,561.1812744140625,427.5717468261719,116.0786361694336,250.0,550.0476684570312,110.78717041015625
2024-09-24,225.67825317382812,193.9600067138672,161.26190185546875,203.0582733154297,560.1075439453125,423.2911682128906,120.68142700195312,254.27000427246094,551.7552490234375,110.49452209472656
2024-09-25,224.68568420410156,192.52999877929688,160.46697998046875,201.7147216796875,565.0589599609375,426.19091796875,123.31731414794922,257.0199890136719,552.8295288085938,108.34222412109375
2024-09-26,225.82713317871094,191.16000366210938,161.69911193847656,201.32125854492188,564.5917358398438,425.40185546875,123.84648895263672,254.22000122070312,551.3906860351562,106.4825439453125
2024-09-27,226.09510803222656,187.97000122070312,162.91140747070312,202.01223754882812,564.1144409179688,422.15692138671875,121.21060943603516,260.4599914550781,558.1438598632812,109.33341217041016
2024-09-30,231.26637268066406,186.3300018310547,164.79934692382812,202.3577117919922,569.1653442382812,424.4056701660156,121.25054168701172,261.6300048828125,560.8584594726562,110.65501403808594
2024-10-01,224.52688598632812,185.1300048828125,165.93214416503906,198.6917266845703,573.1723022460938,414.9273376464844,116.81746673583984,258.0199890136719,559.5347900390625,113.21322631835938
2024-10-02,225.0926513671875,184.75999450683594,164.80931091308594,198.93165588378906,569.5332641601562,411.4161376953125,118.66458129882812,249.02000427246094,568.1776733398438,114.71417999267578
2024-10-03,223.99090576171875,181.9600067138672,164.80931091308594,196.95472717285156,579.436279296875,410.8341979980469,122.65834045410156,240.66000366210938,568.5997314453125,115.71480560302734
2024-10-04,225.1125030517578,186.50999450683594,166.001708984375,203.94537353515625,592.5308837890625,410.3608093261719,124.72511291503906,250.0800018310547,567.1128540039062,117.83880615234375
2024-10-07,220.04052734375,180.8000030517578,161.94754028320312,203.6653594970703,581.434814453125,403.93011474609375,127.52074432373047,240.8300018310547,559.7841796875,118.34856414794922
2024-10-08,224.0901641845703,182.72000122070312,163.33868408203125,203.49156188964844,589.4984130859375,409.0292663574219,132.6826629638672,244.5,557.8848876953125,115.20506286621094
2024-10-09,227.83209228515625,185.1699981689453,160.83465576171875,206.06959533691406,587.1321411132812,411.7415466308594,132.44305419921875,241.0500030517578,567.132080078125,115.25225067138672
2024-10-10,227.3358154296875,186.64999389648438,161.05323791503906,205.5095672607422,580.4902954101562,410.143798828125,134.5996856689453,238.77000427246094,573.34814453125,116.24344635009766
2024-10-11,225.85691833496094,188.82000732421875,162.20591735839844,214.63409423828125,586.5752563476562,410.6172180175781,134.58970642089844,217.8000030517578,573.6838989257812,116.68712615966797
2024-10-14,229.5790252685547,187.5399932861328,163.9149932861328,213.85198974609375,587.0425415039062,413.3986511230469,137.8546142578125,219.16000366210938,580.734375,117.13080596923828
2024-10-15,232.11004638671875,187.69000244140625,164.41183471679688,214.73065185546875,582.916259765625,413.0040588378906,131.39471435546875,219.57000732421875,533.6253051757812,113.60970306396484
2024-10-16,230.05545043945312,186.88999938964844,164.11373901367188,215.9376220703125,573.4904174804688,410.4199523925781,135.5082550048828,221.3300018310547,548.0620727539062,113.90233612060547
2024-10-17,230.4226837158203,187.52999877929688,161.89784240722656,216.69076538085938,573.6296997070312,411.0117492675781,136.71636962890625,220.88999938964844,542.968505859375,113.60970306396484
2024-10-18,233.25149536132812,188.99000549316406,162.384765625,217.60801696777344,573.1723022460938,412.4320068359375,137.78469848632812,220.6999969482422,546.4025268554688,113.28874206542969
2024-10-21,234.720458984375,189.07000732421875,163.0306396484375,215.3196563720703,571.8698120117188,413.04351806640625,143.48580932617188,218.85000610351562,548.1867065429688,113.35482025146484
2024-10-22,234.10507202148438,189.6999969482422,164.09385681152344,216.40109252929688,578.6806030273438,421.6539306640625,143.365966796875,217.97000122070312,546.6422729492188,113.94010925292969
2024-10-23,229.04302978515625,184.7100067138672,161.74880981445312,215.71554565429688,560.4653930664062,418.7838134765625,139.34226989746094,213.64999389648438,541.635009765625,113.53418731689453
2024-10-24,228.8544464111328,186.3800048828125,161.689208984375,217.23147583007812,564.5320434570312,418.9119873046875,140.1909637451172,260.4800109863281,537.9611206054688,112.89226531982422
2024-10-25,229.68820190429688,187.8300018310547,164.2230224609375,214.65342712402344,569.970703125,422.2851257324219,141.31918334960938,269.19000244140625,541.5582885742188,112.79786682128906
2024-10-28,231.66336059570312,188.38999938964844,165.66384887695312,217.73355102539062,574.8526611328125,420.7465515136719,140.30075073242188,262.510009765625,542.2105712890625,112.24090576171875
2024-10-29,231.9313507080078,190.8300018310547,168.6051025390625,215.2230987548828,589.88623046875,426.03314208984375,141.02964782714844,259.5199890136719,539.2272338867188,110.7116470336914
2024-10-30,228.387939453125,192.72999572753906,173.35482788085938,216.6811065673828,588.4146728515625,426.6051940917969,139.12261962890625,257.54998779296875,540.0234985351562,110.15469360351562
2024-10-31,224.2291259765625,186.39999389648438,170.0260467529297,214.27682495117188,564.3331909179688,400.7838134765625,132.55288696289062,249.85000610351562,541.500732421875,110.2396469116211
2024-11-01,221.25144958496094,197.92999267578125,170.2048797607422,215.26171875,563.91552734375,404.7486877441406,135.1887664794922,248.97999572753906,544.4359741210938,108.51213836669922
2024-11-04,220.35812377929688,195.77999877929688,168.16786193847656,212.21054077148438,557.4725952148438,402.8648376464844,135.83775329589844,242.83999633789062,535.0449829101562,111.96714782714844
2024-11-05,221.7874298095703,199.5,168.66473388671875,213.8616485595703,569.1553344726562,405.8237609863281,139.69174194335938,251.44000244140625,543.9276733398438,112.29755401611328
2024-11-06,221.06283569335938,207.08999633789062,175.39183044433594,238.55101013183594,568.777587890625,414.4243469238281,145.38282775878906,288.5299987792969,572.3792114257812,114.22330474853516
2024-11-07,225.7874298095703,210.0500030517578,179.60496520996094,228.23883056640625,588.3152465820312,419.6024475097656,148.6477508544922,296.9100036621094,580.7824096679688,114.36490631103516
2024-11-08,225.5191650390625,208.17999267578125,177.2201690673828,228.81814575195312,585.9686889648438,416.75201416015625,147.399658203125,321.2200012207031,590.72021484375,114.3271484375
2024-11-11,222.8064727783203,206.83999633789062,179.20750427246094,231.04861450195312,579.833984375,412.2840576171875,145.03338623046875,350.0,599.775634765625,113.72299194335938
2024-11-12,222.8064727783203,208.91000366210938,180.46946716308594,231.30931091308594,581.4745483398438,417.23529052734375,148.0586395263672,328.489990234375,589.6266479492188,113.60970306396484
2024-11-13,223.69082641601562,214.10000610351562,177.74681091308594,232.8542022705078,576.6821899414062,419.3756103515625,146.04180908203125,330.239990234375,581.1851806640625,114.66697692871094
2024-11-14,226.77114868164062,211.47999572753906,174.46774291992188,233.53973388671875,573.8583984375,421.0424499511719,146.53103637695312,311.17999267578125,568.9835205078125,114.74311065673828
2024-11-15,223.5715789794922,202.61000061035156,171.39730834960938,236.8612823486328,550.910400390625,409.3153381347656,141.75848388671875,320.7200012207031,568.1009521484375,113.55342864990234
2024-11-18,226.57241821289062,201.6999969482422,174.1894989013672,236.59091186523438,551.2285766601562,410.0649108886719,139.93133544921875,338.739990234375,565.6260375976562,114.50518035888672
2024-11-19,226.83074951171875,204.61000061035156,176.9916229248047,234.71771240234375,557.88037109375,412.067138671875,146.7806396484375,346.0,553.4913940429688,112.90623474121094
2024-11-20,227.54620361328125,202.8800048828125,174.86520385742188,232.4873046875,562.2849731445312,409.798583984375,145.6623992919922,342.0299987792969,576.033935546875,114.51468658447266
2024-11-21,227.06924438476562,198.3800048828125,166.56809997558594,236.33021545410156,559.8689575195312,408.0295715332031,146.44117736816406,339.6400146484375,573.1465454101562,116.0470199584961
2024-11-22,228.41065979003906,197.1199951171875,163.7162628173828,239.98968505859375,555.9414672851562,412.1111145019531,141.72853088378906,352.55999755859375,566.79638671875,115.91377258300781
2024-11-25,231.39161682128906,201.4499969482422,166.5879364013672,241.6697540283203,561.8773193359375,413.8801574707031,135.80780029296875,338.5899963378906,581.1468505859375,114.18158721923828
2024-11-26,233.56771850585938,207.86000061035156,168.04864501953125,241.3607940673828,570.2590942382812,422.9723205566406,136.70640563964844,338.2300109863281,582.0677490234375,112.27808380126953
2024-11-27,233.4385528564453,205.74000549316406,168.15792846679688,241.18698120117188,565.9439086914062,418.0308837890625,135.12884521484375,332.8900146484375,583.593017578125,111.98304748535156
2024-11-29,235.8233184814453,207.88999938964844,167.8797149658203,241.11936950683594,571.0346069335938,418.4953918457031,138.03431701660156,345.1600036621094,585.3388671875,112.26856994628906
2024-12-02,238.06895446777344,210.7100067138672,170.40362548828125,237.76889038085938,589.438720703125,425.9272766113281,138.41372680664062,357.0899963378906,583.7272338867188,112.16387176513672
2024-12-03,241.10952758789062,213.44000244140625,170.2545928955078,236.38815307617188,610.1397094726562,426.1446838378906,140.0411834716797,351.4200134277344,580.5712890625,111.9925537109375
2024-12-04,241.46726989746094,218.16000366210938,173.26536560058594,235.01705932617188,610.2689819335938,432.2917785644531,144.91357421875,357.92999267578125,585.9047241210938,108.76612854003906
2024-12-05,241.49705505371094,220.5500030517578,171.5463409423828,237.02542114257812,605.4466552734375,437.4307861328125,144.8436737060547,369.489990234375,555.3812255859375,109.24198913574219
2024-12-06,241.29832458496094,227.02999877929688,173.60325622558594,238.84068298339844,620.2018432617188,438.3696594238281,142.22760009765625,389.2200012207031,527.22705078125,108.09038543701172
2024-12-09,245.18350219726562,226.08999633789062,174.45875549316406,235.41293334960938,610.0601196289062,440.7909240722656,138.6029815673828,389.7900085449219,539.8414306640625,107.45270538330078
2024-12-10,246.19703674316406,225.0399932861328,184.20782470703125,234.4956512451172,615.7771606445312,438.1324768066406,134.8685760498047,400.989990234375,544.2421264648438,107.23379516601562
2024-12-11,244.9251708984375,230.25999450683594,194.3846893310547,235.14254760742188,629.0608520507812,443.72613525390625,139.1022491455078,424.7699890136719,513.7555541992188,106.51998138427734
2024-12-12,246.38583374023438,228.97000122070312,190.9625701904297,233.21145629882812,627.1815795898438,444.2894592285156,137.1351776123047,418.1000061035156,496.6441650390625,106.4248046875
2024-12-13,246.55474853515625,227.4600067138672,188.8336944580078,231.6762237548828,616.8013305664062,442.0262451171875,134.0498046875,436.2300109863281,501.189208984375,105.49209594726562
2024-12-16,249.44627380371094,232.92999267578125,195.6381378173828,231.32861328125,621.1697387695312,446.2956237792969,131.80311584472656,463.0199890136719,480.02386474609375,103.23644256591797
2024-12-17,251.87078857421875,231.14999389648438,194.4045867919922,230.150634765625,616.393310546875,449.1319580078125,130.19552612304688,479.8599853515625,467.5249328613281,102.79863739013672
2024-12-18,246.4752655029297,220.52000427246094,187.42105102539062,222.4358367919922,594.2528076171875,432.26214599609375,128.71775817871094,440.1300048828125,481.19866943359375,101.28535461425781
2024-12-19,248.2042236328125,223.2899932861328,187.53048706054688,224.93661499023438,592.6406860351562,431.90631103515625,130.48509216308594,436.1700134277344,471.11669921875,100.41925811767578
2024-12-20,252.87437438964844,224.9199981689453,190.4154510498047,229.4168243408203,582.3714599609375,431.48138427734375,134.49911499023438,421.05999755859375,481.59344482421875,100.76190185546875
2024-12-23,253.6494140625,225.05999755859375,193.6186981201172,230.17958068847656,596.8995971679688,430.1471862792969,139.46168518066406,430.6000061035156,487.57330322265625,101.17115020751953
2024-12-24,256.56085205078125,229.0500030517578,195.0909881591797,233.96458435058594,604.7608032226562,434.1793518066406,140.01087951660156,462.2799987792969,487.3421630859375,101.26632690429688
2024-12-26,257.3755798339844,227.0500030517578,194.58364868164062,234.7660369873047,600.3823852539062,432.9736633300781,139.72132873535156,454.1300048828125,492.20501708984375,101.35197448730469
2024-12-27,253.96739196777344,223.75,191.75840759277344,232.86386108398438,596.8599853515625,425.4825134277344,136.8056640625,431.6600036621094,491.0879821777344,101.34246063232422
2024-12-30,250.59889221191406,221.3000030517578,190.24632263183594,231.0775604248047,588.33203125,419.8493347167969,137.2849578857422,417.4100036621094,488.97918701171875,100.65721130371094
2024-12-31,248.83021545410156,219.38999938964844,188.31637573242188,231.45416259765625,582.6302490234375,416.5583801269531,134.08973693847656,403.8399963378906,487.111083984375,102.37987518310547
2025-01-02,242.30191040039062,220.22000122070312,188.44570922851562,231.73416137695312,596.2926635742188,413.6726379394531,138.1037139892578,379.2799987792969,485.81109619140625,102.13241577148438
2025-01-03,241.8150177001953,224.19000244140625,190.79342651367188,234.90118408203125,601.6561889648438,418.38671875,144.25453186035156,410.44000244140625,493.9864196777344,102.65587615966797
2025-01-06,243.4446258544922,227.61000061035156,195.84706115722656,233.75596618652344,627.100341796875,422.8339538574219,149.20716857910156,411.04998779296875,494.631591796875,102.54167175292969
2025-01-07,240.67234802246094,222.11000061035156,194.4742431640625,236.00762939453125,614.8509521484375,417.4181823730469,139.93101501464844,394.3599853515625,495.1901550292969,103.50293731689453
2025-01-08,241.1592254638672,222.1300048828125,192.9422149658203,235.9687957763672,607.7161254882812,419.58251953125,139.90106201171875,394.94000244140625,505.0794982910156,101.770751953125
2025-01-10,235.3463592529297,218.94000244140625,191.0421600341797,232.8048095703125,612.8309326171875,414.0382995605469,135.7073211669922,394.739990234375,501.39141845703125,101.39956665039062
2025-01-13,232.9119110107422,218.4600067138672,190.01748657226562,237.01699829101562,605.3380126953125,412.2989196777344,133.03131103515625,403.30999755859375,521.0834350585938,104.01688385009766
2025-01-14,231.7990264892578,217.75999450683594,188.6745147705078,240.18093872070312,591.3272094726562,410.7967834472656,131.56349182128906,396.3599853515625,523.587158203125,104.42613220214844
2025-01-15,236.35987854003906,223.35000610351562,194.53390502929688,244.91722106933594,614.084716796875,421.3120422363281,136.03683471679688,428.2200012207031,523.2789306640625,106.1297607421875
2025-01-16,226.81088256835938,220.66000366210938,191.9076385498047,246.78067016601562,608.2933349609375,419.6022644042969,133.37081909179688,413.82000732421875,491.66571044921875,105.94894409179688
2025-01-17,228.5199737548828,225.94000244140625,194.98158264160156,251.52664184570312,609.756103515625,424.0001525878906,137.504638671875,426.5,490.86651611328125,106.90069580078125
2025-01-21,221.22654724121094,230.7100067138672,197.02090454101562,255.28265380859375,613.4280395507812,423.4762878417969,140.61997985839844,424.07000732421875,505.5320129394531,106.0916976928711
2025-01-22,222.40902709960938,235.00999450683594,197.3392333984375,255.0982666015625,620.4332885742188,440.9688415527344,146.85069274902344,415.1099853515625,500.4573669433594,104.24530029296875
2025-01-23,222.24009704589844,235.4199981689453,196.95127868652344,258.1166687011719,633.3196411132812,441.47283935546875,147.00045776367188,412.3800048828125,510.13494873046875,104.83539581298828
2025-01-24,221.36569213867188,234.85000610351562,199.16970825195312,257.0393371582031,644.3053588867188,438.8538818359375,142.40731811523438,406.5799865722656,512.7733154296875,103.41728210449219
2025-01-27,228.40074157714844,235.4199981689453,190.81333923339844,258.01959228515625,656.6344604492188,429.46527099609375,118.24340057373047,397.1499938964844,523.3753051757812,104.85441589355469
2025-01-28,236.7473907470703,238.14999389648438,194.28521728515625,259.2716064453125,671.013427734375,441.95709228515625,128.79763793945312,398.0899963378906,522.373779296875,102.82719421386719
2025-01-29,237.84042358398438,237.07000732421875,194.39463806152344,258.7280578613281,673.1627197265625,437.1441650390625,123.5155258178711,389.1000061035156,518.1561889648438,103.42680358886719
2025-01-30,236.08164978027344,234.63999938964844,199.82627868652344,260.3294677734375,683.6209716796875,410.12469482421875,124.46410369873047,400.2799987792969,525.3493041992188,104.28337097167969
2025-01-31,234.50173950195312,237.67999267578125,202.95989990234375,259.4268493652344,685.7902221679688,410.19390869140625,119.89094543457031,404.6000061035156,522.3834228515625,101.67559051513672
2025-02-03,226.56246948242188,237.4199981689453,200.1844024658203,258.9512939453125,694.0296020507812,406.1024475097656,116.48603820800781,383.67999267578125,527.862548828125,101.92302703857422
2025-02-04,231.32208251953125,242.05999755859375,205.30764770507812,260.0480041503906,700.7265014648438,407.5354309082031,118.47306060791016,392.2099914550781,525.2337646484375,104.65454864501953
2025-02-05,230.99417114257812,236.1699981689453,190.33584594726562,262.46466064453125,701.403076171875,408.44464111328125,124.64383697509766,378.1700134277344,519.8028564453125,104.57841491699219
2025-02-06,231.7394256591797,238.8300018310547,190.60443115234375,268.744140625,708.4881591796875,410.9449768066406,128.4880828857422,374.32000732421875,510.394775390625,103.19837188720703
2025-02-07,226.1848907470703,229.14999389648438,184.376953125,267.6764831542969,711.0057373046875,404.9461669921875,129.64634704589844,361.6199951171875,507.4964599609375,103.63618469238281
2025-02-10,226.45347595214844,233.13999938964844,185.5010986328125,263.05670166015625,713.87158203125,407.38720703125,133.37081909179688,350.7300109863281,513.6014404296875,105.61583709716797
2025-02-11,231.3973388671875,232.75999450683594,184.35707092285156,266.890380859375,716.2596435546875,406.6163330078125,132.60195922851562,328.5,514.1310424804688,106.28205108642578
2025-02-12,235.62501525878906,228.92999267578125,182.65594482421875,267.3368225097656,721.812255859375,404.2444763183594,130.94444274902344,336.510009765625,507.852783203125,103.0843734741211
2025-02-13,240.26051330566406,230.3699951171875,185.1728057861328,268.18121337890625,724.9766235351562,405.7268981933594,135.08822631835938,355.94000244140625,511.4926452636719,103.8333740234375
2025-02-14,243.31439208984375,228.67999267578125,184.26751708984375,268.4432067871094,733.0466918945312,403.6416320800781,138.64292907714844,355.8399963378906,504.1069030761719,103.93900299072266
2025-02-18,243.18505859375,226.64999389648438,182.8151397705078,271.70428466796875,712.8464965820312,404.83746337890625,139.1920928955078,354.1099853515625,482.1712341308594,105.76351165771484
2025-02-19,243.5829620361328,226.6300048828125,184.3073272705078,271.02490234375,700.30859375,409.9073181152344,139.02236938476562,360.55999755859375,492.0990905761719,105.91716003417969
2025-02-20,244.53790283203125,222.8800048828125,183.6009979248047,258.94158935546875,691.4224243164062,412.0759582519531,139.90106201171875,354.3999938964844,483.7985534667969,107.54959869384766
2025-02-21,244.25938415527344,216.5800018310547,178.72650146484375,256.45703125,680.18798828125,404.2331237792969,134.22952270507812,337.79998779296875,449.13287353515625,106.29166412353516
2025-02-24,245.80123901367188,212.7100067138672,178.31861877441406,253.64239501953125,664.8438720703125,400.0641174316406,130.0857391357422,330.5299987792969,444.4143981933594,106.8486099243164
2025-02-25,245.74156188964844,212.8000030517578,174.50852966308594,249.81845092773438,654.26611328125,394.0235290527344,126.44115447998047,302.79998779296875,452.94610595703125,105.36979675292969
2025-02-26,239.09666442871094,214.35000610351562,171.83248901367188,251.16751098632812,670.3865356445312,395.83575439453125,131.08421325683594,290.79998779296875,446.40771484375,105.11052703857422
2025-02-27,236.05276489257812,208.74000549316406,167.62445068359375,251.4198455810547,655.0025024414062,388.7059020996094,119.9708251953125,281.95001220703125,451.19354248046875,105.77311706542969
2025-02-28,240.56887817382812,212.27999877929688,169.39520263671875,256.85491943359375,664.9135131835938,393.1224365234375,124.73370361328125,292.9800109863281,457.3563232421875,106.9062271118164
2025-03-03,236.77890014648438,205.02000427246094,166.14219665527344,252.94363403320312,651.828125,384.7052307128906,113.88990020751953,284.6499938964844,449.7394714355469,103.47808837890625
2025-03-04,234.68995666503906,203.8000030517578,170.03187561035156,242.87905883789062,636.8522338867188,384.8240661621094,115.81703186035156,272.0400085449219,457.019287109375,103.26683044433594
2025-03-05,234.50096130371094,208.36000061035156,172.12098693847656,244.12136840820312,653.2410888671875,397.1131286621094,117.12507629394531,279.1000061035156,458.3385314941406,101.2502670288086
2025-03-06,234.09310913085938,200.6999969482422,171.45448303222656,239.27835083007812,624.841552734375,393.0234375,110.40510559082031,263.45001220703125,469.6434326171875,103.3436508178711
2025-03-07,237.81346130371094,199.25,172.95660400390625,235.14381408691406,622.5826416015625,389.478271484375,112.5219497680664,262.6700134277344,475.18994140625,104.68801879882812
2025-03-10,226.2843475341797,194.5399932861328,165.1981658935547,225.380126953125,595.0487670898438,376.4563903808594,106.8204574584961,222.14999389648438,464.3975830078125,107.3575439453125
2025-03-11,219.6792755126953,196.58999633789062,163.3755645751953,222.39085388183594,602.7308349609375,376.74359130859375,108.59780883789062,230.5800018310547,470.02587890625,104.82245635986328
2025-03-12,215.83956909179688,198.88999938964844,166.43313598632812,221.1873779296875,616.5127563476562,379.53607177734375,115.57803344726562,248.08999633789062,465.25823974609375,104.79363250732422
2025-03-13,208.57791137695312,193.88999938964844,162.1007537841797,218.5572052001953,587.7350463867188,375.0799255371094,115.41825103759766,240.67999267578125,465.6547546386719,104.35192108154297
2025-03-14,212.36788940429688,197.9499969482422,164.81971740722656,225.59364318847656,605.1494140625,384.7745666503906,121.49972534179688,249.97999572753906,472.5498352050781,107.45356750488281
2025-03-17,212.87522888183594,195.74000549316406,163.62457275390625,227.0397491455078,602.4603881835938,384.9131774902344,119.36271667480469,238.00999450683594,482.57818603515625,109.23966217041016
2025-03-18,211.57211303710938,192.82000732421875,160.01922607421875,228.0491180419922,580.01123046875,379.7836608886719,115.26846313476562,225.30999755859375,487.2006530761719,109.12442779541016
2025-03-19,214.1087188720703,195.5399932861328,163.22618103027344,232.06719970703125,581.7044067382812,384.041748046875,117.35552978515625,235.86000061035156,486.6204528808594,110.82410430908203
2025-03-20,212.97470092773438,194.9499969482422,162.14060974121094,231.9701385498047,583.6365356445312,383.0712890625,118.36412048339844,236.25999450683594,494.45355224609375,111.29463195800781
2025-03-21,217.12277221679688,196.2100067138672,163.32579040527344,234.5129852294922,593.84521484375,387.44830322265625,117.5352783203125,248.7100067138672,499.8206787109375,110.9105224609375
2025-03-24,219.56985473632812,203.25999450683594,167.00082397460938,240.75357055664062,616.35400390625,389.25048828125,121.24009704589844,278.3900146484375,499.48223876953125,111.1986083984375
2025-03-25,222.57395935058594,205.7100067138672,169.86917114257812,243.73313903808594,623.7839965820312,391.3102722167969,120.5210952758789,288.1400146484375,496.5133972167969,111.95720672607422
2025-03-26,220.36561584472656,201.1300048828125,164.39144897460938,243.6361083984375,608.5158081054688,386.17083740234375,113.60079956054688,272.05999755859375,501.1262512207031,113.5704574584961
2025-03-27,222.67343139648438,201.36000061035156,161.5828857421875,240.81179809570312,600.1497802734375,386.77484130859375,111.27405548095703,273.1300048828125,498.7279052734375,113.20556640625
2025-03-28,216.75473022460938,192.72000122070312,153.7049102783203,235.69703674316406,574.4139404296875,375.109619140625,109.51651763916016,263.54998779296875,499.0373840332031,113.05191802978516
2025-03-31,220.96249389648438,190.25999450683594,154.01365661621094,238.0748748779297,574.0354614257812,371.73284912109375,108.22832489013672,259.1600036621094,506.4933776855469,114.20423126220703
2025-04-01,222.01690673828125,192.1699981689453,156.433837890625,236.48318481445312,583.6365356445312,378.4666442871094,109.99585723876953,268.4599914550781,505.8841552734375,114.30986022949219
2025-04-02,222.71322631835938,196.00999450683594,156.40391540527344,238.57955932617188,581.5748901367188,378.4171142578125,110.26546478271484,282.760009765625,505.9615173339844,113.95455169677734
2025-04-03,202.12203979492188,178.41000366210938,150.10952758789062,221.95411682128906,529.4759521484375,369.4750671386719,101.65753936767578,267.2799987792969,522.6334838867188,107.96250915527344
2025-04-04,187.38987731933594,171.0,145.01028442382812,205.3434295654297,502.6943664550781,356.3343505859375,94.17801666259766,239.42999267578125,507.75054931640625,100.1939697265625
2025-04-07,180.50625610351562,175.25999450683594,146.15562438964844,209.40579223632812,514.1678466796875,354.3736267089844,97.50334930419922,233.2899932861328,507.4120788574219,98.849609375
2025-04-08,171.51376342773438,170.66000366210938,144.11390686035156,211.77871704101562,508.39129638671875,351.1058044433594,96.16523742675781,221.86000061035156,534.8570556640625,96.76583862304688
2025-04-09,197.8048553466797,191.10000610351562,158.0671844482422,228.8385772705078,583.4075317382812,386.6857604980469,114.17000579833984,272.20001220703125,559.439453125,101.5959701538086
2025-04-10,189.4191436767578,181.22000122070312,152.20101928710938,221.7783203125,544.086669921875,377.6347961425781,107.4194564819336,252.39999389648438,574.8156127929688,95.95921325683594
2025-04-11,197.1085205078125,184.8699951171875,156.50350952148438,230.65493774414062,541.377685546875,384.6656799316406,110.77476501464844,252.30999755859375,579.718505859375,99.04166412353516
2025-04-14,201.45555114746094,182.1199951171875,158.4257354736328,229.2096710205078,529.3364868164062,384.0318908691406,110.55506896972656,252.35000610351562,567.7174072265625,99.28172302246094
2025-04-15,201.07754516601562,179.58999633789062,155.6768798828125,227.65699768066406,519.4166870117188,381.97216796875,112.04297637939453,254.11000061035156,564.3617553710938,99.00325775146484
2025-04-16,193.24893188476562,174.3300018310547,152.70896911621094,224.21963500976562,500.2840881347656,367.9896240234375,104.3437728881836,241.5500030517578,565.7639770507812,100.0499496459961
2025-04-17,195.94467163085938,172.61000061035156,150.54776000976562,226.5144805908203,499.45745849609375,364.1969909667969,101.34796142578125,241.3699951171875,439.14788818359375,102.67145538330078
2025-04-21,192.14476013183594,167.32000732421875,147.07186889648438,223.6142120361328,482.7052917480469,355.62139892578125,96.77438354492188,227.5,411.3161315917969,101.1638412475586
2025-04-22,198.69017028808594,173.17999267578125,150.85650634765625,230.0592498779297,498.2623291015625,363.2463073730469,98.75159454345703,237.97000122070312,413.1051330566406,103.99662780761719
2025-04-23,203.52464294433594,180.60000610351562,154.7207794189453,235.22508239746094,518.1717529296875,370.74261474609375,102.5662612915039,250.74000549316406,413.8594665527344,103.10359191894531
2025-04-24,207.27479553222656,186.5399932861328,158.63485717773438,238.89678955078125,530.999755859375,383.5268249511719,106.28105163574219,259.510009765625,410.271728515625,104.31350708007812
2025-04-25,208.18002319335938,188.99000549316406,161.30401611328125,237.8323974609375,545.0628662109375,388.0325012207031,110.85465240478516,284.95001220703125,404.8465576171875,104.25589752197266
2025-04-28,209.03549194335938,187.6999969482422,159.95947265625,237.51011657714844,547.5227661132812,387.3492431640625,108.57784271240234,285.8800048828125,406.1617431640625,104.31350708007812
2025-04-29,210.09988403320312,187.38999938964844,159.51129150390625,238.8772735595703,552.2039184570312,390.2012023925781,108.867431640625,292.0299987792969,395.7466125488281,104.05423736572266
2025-04-30,211.3831024169922,184.4199981689453,158.15679931640625,238.8772735595703,546.7858276367188,391.4092712402344,108.76756286621094,282.1600036621094,397.8837890625,101.4327163696289
2025-05-01,212.1988067626953,190.1999969482422,160.64666748046875,241.09397888183594,569.9022216796875,421.25567626953125,111.45380401611328,280.5199890136719,387.47833251953125,101.5767593383789
2025-05-02,204.27069091796875,189.97999572753906,163.36561584472656,246.58203125,594.6121826171875,431.0393981933594,114.33976745605469,287.2099914550781,386.7433776855469,101.98966979980469
2025-05-05,197.84463500976562,186.35000610351562,163.54489135742188,246.630859375,596.8530883789062,431.9207458496094,113.66072082519531,280.260009765625,391.47222900390625,99.16649627685547
2025-05-06,197.46661376953125,185.00999450683594,162.56886291503906,243.3985595703125,584.9412841796875,429.0885925292969,113.38111114501953,275.3500061035156,381.5115966796875,100.54927062988281
2025-05-07,195.21852111816406,188.7100067138672,150.76687622070312,243.5352783203125,594.4029541015625,429.12823486328125,116.89617919921875,276.2200012207031,378.17529296875,100.4532470703125
2025-05-08,196.45199584960938,192.0800018310547,153.6551055908203,247.51950073242188,595.5982055664062,433.9012451171875,117.20575714111328,284.82000732421875,372.8468322753906,101.85523223876953
2025-05-09,197.4865264892578,193.05999755859375,152.1313018798828,247.13864135742188,590.1004638671875,434.4557800292969,116.48676300048828,298.260009765625,368.0986022949219,103.04595947265625
2025-05-12,209.95704650878906,208.63999938964844,157.8181915283203,253.94500732421875,636.8511352539062,444.8832092285156,122.82787322998047,318.3800048828125,366.2708435058594,104.82245635986328
2025-05-13,212.08859252929688,211.3699951171875,158.88385009765625,256.8355712890625,653.3841552734375,444.764404296875,129.74815368652344,334.07000732421875,301.12054443359375,105.11052703857422
2025-05-14,211.490966796875,210.25,164.7001953125,259.40380859375,656.7007446289062,448.5273742675781,135.15060424804688,347.67999267578125,297.86163330078125,104.16947174072266
2025-05-15,210.61444091796875,205.1699981689453,163.2958984375,261.2103576660156,641.2831420898438,449.5392761230469,134.6413116455078,342.82000732421875,265.3106384277344,105.22579956054688
2025-05-16,210.42520141601562,205.58999633789062,165.51687622070312,261.2786865234375,637.7574462890625,450.67022705078125,135.21051025390625,349.9800109863281,282.2920837402344,104.84784698486328
2025-05-19,207.95501708984375,206.16000366210938,165.86546325683594,258.66162109375,637.8469848632812,455.23382568359375,135.38027954101562,342.0899963378906,305.48199462890625,103.18099212646484
2025-05-20,206.04257202148438,204.07000732421875,163.31582641601562,259.4428405761719,634.5304565429688,454.5393371582031,134.1919403076172,343.82000732421875,310.9844970703125,101.70793151855469
2025-05-21,201.2914276123047,201.1199951171875,167.8772735595703,254.9117889404297,632.9368896484375,448.9837341308594,131.6155548095703,334.6199951171875,292.99737548828125,100.45779418945312
2025-05-22,200.56431579589844,203.10000610351562,170.1779022216797,254.5504913330078,634.0026245117188,451.2555847167969,132.64410400390625,341.0400085449219,286.8952941894531,99.78910827636719
2025-05-23,194.49838256835938,200.99000549316406,167.78762817382812,254.58950805664062,624.531005859375,446.6126708984375,131.10626220703125,339.3399963378906,285.8315124511719,99.84725189208984
2025-05-27,199.41885375976562,206.02000427246094,172.19969177246094,259.06201171875,639.7294311523438,457.03936767578125,135.31036376953125,362.8900146484375,285.2802734375,100.32211303710938
2025-05-28,199.62803649902344,204.72000122070312,171.66188049316406,257.3042907714844,640.984375,453.73577880859375,134.62132263183594,356.8999938964844,288.28778076171875,98.95567321777344
2025-05-29,199.15988159179688,205.6999969482422,171.16390991210938,258.16357421875,642.448486328125,455.0452880859375,138.99520874023438,358.42999267578125,288.3458557128906,99.51775360107422
2025-05-30,200.05633544921875,205.00999450683594,171.0443878173828,257.8022766113281,644.8786010742188,456.71197509765625,134.94090270996094,346.4599914550781,291.96258544921875,99.13980102539062
2025-06-02,200.90298461914062,206.64999389648438,168.34535217285156,258.4468078613281,668.1941528320312,458.3092041015625,137.187744140625,342.69000244140625,294.6800231933594,99.86663818359375
2025-06-03,202.46676635742188,205.7100067138672,165.50689697265625,260.01898193359375,664.1605224609375,459.3013000488281,141.02236938476562,344.2699890136719,291.29534912109375,100.59346771240234
2025-06-04,202.01856994628906,207.22999572753906,167.36935424804688,258.0171203613281,685.1754150390625,460.19415283203125,141.7213897705078,332.04998779296875,290.4830322265625,99.13980102539062
2025-06-05,199.8372039794922,207.91000366210938,167.5286865234375,255.8004150390625,681.8588256835938,463.9739990234375,139.79409790039062,284.70001220703125,286.0926208496094,98.68431854248047
2025-06-06,203.11419677734375,213.57000732421875,172.97653198242188,259.49169921875,694.8960571289062,466.6525573730469,141.52166748046875,295.1400146484375,293.2294616699219,101.04894256591797
2025-06-09,200.65394592285156,216.97999572753906,175.58908081054688,260.47796630859375,691.2607421875,469.0038146972656,142.430419921875,308.5799865722656,293.2004699707031,101.7273178100586
2025-06-10,201.869140625,217.61000061035156,178.0919647216797,262.2943115234375,699.567138671875,467.1883239746094,143.758544921875,326.0899963378906,293.7806701660156,103.90782165527344
2025-06-11,197.9945068359375,213.1999969482422,176.8455047607422,261.8548278808594,691.3404541015625,468.8748474121094,142.6400146484375,326.42999267578125,300.3276062011719,105.93324279785156
2025-06-12,198.412841796875,213.24000549316406,175.20021057128906,261.9427490234375,690.5635986328125,475.0752868652344,144.80712890625,319.1099853515625,308.0060119628906,106.34027099609375
2025-06-13,195.6737060546875,212.10000610351562,174.17312622070312,258.7300109863281,680.1159057617188,471.1962890625,141.78115844726562,325.30999755859375,303.1997375488281,108.65644073486328
2025-06-16,197.63592529296875,216.10000610351562,176.2671661376953,264.0129699707031,699.8262939453125,475.3431701660156,144.49752807617188,329.1300048828125,299.6352233886719,109.00532531738281
2025-06-17,194.86691284179688,214.82000732421875,175.44949340820312,263.1927185058594,694.9522705078125,474.25189208984375,143.92828369140625,316.3500061035156,300.81365966796875,110.4783706665039
2025-06-18,195.80320739746094,212.52000427246094,172.8269805908203,267.5284729003906,693.4970092773438,476.4344482421875,145.28648376464844,322.04998779296875,299.1872253417969,109.69339752197266
2025-06-20,200.20574951171875,209.69000244140625,166.1659698486328,268.5440368652344,680.1209106445312,473.6169128417969,143.6586456298828,322.1600036621094,294.1325988769531,111.15675354003906
2025-06-23,200.70376586914062,208.47000122070312,164.7200927734375,271.73724365234375,696.2481079101562,482.1488037109375,143.9782257080078,348.67999267578125,292.8372497558594,108.28817749023438
2025-06-24,199.50851440429688,212.77000427246094,166.2956085205078,274.6571044921875,709.8733520507812,486.2261962890625,147.70326232910156,340.4700012207031,297.6484069824219,104.99320983886719
2025-06-25,200.76351928710938,211.99000549316406,170.19447326660156,277.391357421875,706.3648681640625,488.3691101074219,154.10475158691406,327.54998779296875,294.1423034667969,105.02229309082031
2025-06-26,200.20574951171875,217.1199951171875,173.04632568359375,281.97125244140625,723.7180786132812,493.508056640625,154.8137969970703,325.7799987792969,294.7266845703125,106.59224700927734
2025-06-27,200.28543090820312,223.3000030517578,178.02215576171875,280.3697204589844,731.2333984375,492.010009765625,157.5401611328125,323.6300048828125,301.0473937988281,106.00109100341797
2025-06-30,204.35926818847656,219.38999938964844,175.72869873046875,283.1040344238281,735.6788330078125,493.4683837890625,157.7798614501953,317.6600036621094,303.8327941894531,104.46990203857422
2025-07-01,206.998779296875,220.4600067138672,175.3397979736328,283.59228515625,716.8704223632812,488.1508483886719,153.0961151123047,300.7099914550781,317.6332092285156,105.86540222167969
2025-07-02,211.6005401611328,219.9199981689453,178.1318359375,285.1449890136719,711.2388916015625,487.198486328125,157.04083251953125,315.6499938964844,299.537841796875,107.6195068359375
2025-07-03,212.70616149902344,223.41000366210938,179.01930236816406,290.443603515625,716.6611328125,494.8870544433594,159.12806701660156,315.3500061035156,300.5019836425781,108.73397064208984
2025-07-07,209.12037658691406,223.47000122070312,176.28709411621094,286.4892272949219,716.0032348632812,493.77593994140625,158.02952575683594,293.94000244140625,295.7882385253906,107.67765045166016
2025-07-08,209.1801300048828,219.36000061035156,173.864013671875,277.4717712402344,718.3157348632812,492.68463134765625,159.78717041015625,297.80999755859375,299.6741943359375,110.6624984741211
2025-07-09,210.3056640625,222.5399932861328,176.11758422851562,277.8446350097656,730.3861694335938,499.5200500488281,162.66336059570312,295.8800048828125,295.00909423828125,110.28455352783203
2025-07-10,211.5706787109375,222.25999450683594,177.11473083496094,282.7801818847656,724.8641967773438,497.5061340332031,163.88174438476562,309.8699951171875,291.6977844238281,111.379638671875
2025-07-11,210.32559204101562,225.02000427246094,179.67742919921875,281.47515869140625,715.1660766601562,499.33154296875,164.7006378173828,313.510009765625,296.1680908203125,111.86418914794922
2025-07-14,207.79563903808594,225.69000244140625,181.04351806640625,283.2806701660156,718.5648803710938,499.033935546875,163.85177612304688,316.8999938964844,292.7398681640625,110.40084075927734
2025-07-15,208.28370666503906,226.35000610351562,181.48226928710938,281.17095947265625,708.0693359375,501.811767578125,170.47293090820312,310.7799987792969,284.1012268066406,109.42204284667969
2025-07-16,209.3295440673828,223.19000244140625,182.4495086669922,280.4546813964844,700.6136474609375,501.6133117675781,171.14205932617188,321.6700134277344,284.8608703613281,108.76304626464844
2025-07-17,209.1901092529297,223.8800048828125,183.0577850341797,284.4580993652344,699.1185913085938,507.6451416015625,172.7698974609375,319.4100036621094,280.55621337890625,108.21065521240234
2025-07-18,210.34552001953125,226.1300048828125,184.53355407714844,285.8023986816406,701.979248046875,506.0082092285156,172.18067932128906,329.6499938964844,275.2775573730469,104.44082641601562
2025-07-21,211.64036560058594,229.3000030517578,189.55923461914062,285.50799560546875,710.640869140625,506.01812744140625,171.1520538330078,328.489990234375,274.7809143066406,104.71217346191406
2025-07-22,213.5527801513672,227.47000122070312,190.7957000732422,285.9593811035156,702.507568359375,501.26611328125,166.80783081054688,332.1099853515625,277.6929016113281,105.1870346069336
2025-07-23,213.3037872314453,228.2899932861328,189.68885803222656,291.1893005371094,711.2489013671875,501.861328125,170.55284118652344,332.55999755859375,284.8804016113281,106.53410339355469
2025-07-24,212.91531372070312,232.22999572753906,191.62335205078125,290.9832458496094,712.46484375,506.8316345214844,173.5089111328125,305.29998779296875,271.3136901855469,107.36753845214844
2025-07-25,213.0348663330078,231.44000244140625,192.6304473876953,293.014404296875,710.3518676757812,509.6392517089844,173.26922607421875,316.05999755859375,273.7290344238281,106.98957824707031
2025-07-28,213.2041778564453,232.7899932861328,192.0321807861328,292.6807861328125,715.28564453125,508.4388427734375,176.51490783691406,325.5899963378906,274.7613830566406,107.99745178222656
2025-07-29,210.43515014648438,231.00999450683594,195.19314575195312,291.46405029296875,697.7132568359375,508.5082702636719,175.2765350341797,321.20001220703125,254.26043701171875,109.39295959472656
2025-07-30,208.2239227294922,230.19000244140625,195.97093200683594,294.0054626464844,692.9389038085938,509.1729736328125,179.03155517578125,319.0400085449219,259.100830078125,108.4432373046875
2025-07-31,206.7498016357422,234.11000061035156,191.35409545898438,290.6791076660156,770.913330078125,529.2723388671875,177.63340759277344,308.2699890136719,243.05064392089844,108.1912612915039
2025-08-01,201.58029174804688,214.75,188.5919952392578,283.93804931640625,747.559814453125,519.956787109375,173.4889373779297,302.6300048828125,231.56817626953125,106.25305938720703
2025-08-04,202.5464630126953,211.64999389648438,194.4851837158203,288.73626708984375,773.833740234375,531.3954467773438,179.7605743408203,309.260009765625,234.69444274902344,104.05319213867188
2025-08-05,202.11813354492188,213.75,194.11624145507812,285.9004821777344,760.9659423828125,523.5679931640625,178.0229034423828,308.7200012207031,244.45310974121094,103.92720031738281
2025-08-06,212.40733337402344,222.30999755859375,195.5321807861328,285.880859375,769.4680786132812,520.7802124023438,179.18133544921875,319.9100036621094,239.36924743652344,103.21975708007812
2025-08-07,219.16055297851562,223.1300048828125,195.9609832763672,281.55364990234375,759.3412475585938,516.7127075195312,180.52957153320312,322.2699890136719,238.2882080078125,102.67704010009766
2025-08-08,228.44374084472656,222.69000244140625,200.84701538085938,283.33953857421875,766.7869262695312,517.9031982421875,182.4569854736328,329.6499938964844,244.34596252441406,103.50078582763672
2025-08-11,226.53909301757812,221.3000030517578,200.42822265625,284.12451171875,763.3680419921875,517.6353759765625,181.81784057617188,339.0299987792969,245.787353515625,102.56074523925781
2025-08-12,229.0021209716797,221.47000122070312,202.76156616210938,287.3527526855469,787.4192504882812,525.0462036132812,182.9163818359375,340.8399963378906,254.74737548828125,102.85147857666016
2025-08-13,232.6717529296875,224.55999755859375,201.385498046875,285.0762634277344,777.5316772460938,516.454833984375,181.34848022460938,339.3800048828125,264.72027587890625,104.27607727050781
2025-08-14,232.12330627441406,230.97999572753906,202.36270141601562,288.6381530761719,779.5748901367188,518.3396606445312,181.77789306640625,335.5799865722656,264.40863037109375,104.06287384033203
2025-08-15,230.93667602539062,231.02999877929688,203.31996154785156,285.0370178222656,782.664794921875,516.0480346679688,180.20997619628906,330.55999755859375,296.08038330078125,104.16068267822266
2025-08-18,230.23863220214844,231.49000549316406,202.92111206054688,286.0575256347656,764.8631591796875,513.0023193359375,181.76788330078125,335.1600036621094,300.44354248046875,104.38565063476562
2025-08-19,229.90957641601562,228.00999450683594,200.99661254882812,285.203857421875,749.0250854492188,505.7304382324219,175.4063720703125,329.30999755859375,296.3044128417969,105.0703353881836
2025-08-20,225.3723907470703,223.80999755859375,198.7530059814453,286.754150390625,745.27734375,501.7125549316406,175.1667022705078,323.8999938964844,292.0191650390625,106.15605926513672
2025-08-21,224.26551818847656,221.9499969482422,199.18179321289062,285.9986267089844,736.6854858398438,501.0666198730469,174.74725341796875,320.1099853515625,295.4376220703125,106.84075164794922
2025-08-22,227.11746215820312,228.83999633789062,205.5037384033203,290.6791076660156,752.32421875,504.037841796875,177.7532501220703,340.010009765625,299.4014892578125,108.84590911865234
2025-08-25,226.5191650390625,227.94000244140625,207.8969268798828,289.3642578125,750.8390502929688,501.0865173339844,179.57083129882812,346.6000061035156,296.9082336425781,109.29584503173828
2025-08-26,228.6630859375,228.7100067138672,206.55076599121094,292.9653625488281,751.636474609375,498.8804626464844,181.52822875976562,351.6700134277344,292.59375,109.05131530761719
2025-08-27,229.8397674560547,229.1199951171875,206.8897705078125,293.66204833984375,744.9384155273438,503.5509033203125,181.35845947265625,349.6000061035156,295.9538269042969,110.28375244140625
2025-08-28,231.90391540527344,231.60000610351562,211.0379638671875,295.4184265136719,748.65625,506.4326477050781,179.93035888671875,345.9800109863281,294.4053039550781,110.8706283569336
2025-08-29,231.485107421875,229.0,212.30433654785156,295.7618713378906,736.2868041992188,503.501220703125,173.9483184814453,333.8699951171875,301.7875671386719,111.79006958007812
2025-09-02,229.07192993164062,225.33999633789062,210.74879455566406,294.0741271972656,732.7085571289062,501.9410705566406,170.55284118652344,329.3599853515625,300.7454833984375,112.18131256103516
2025-09-03,237.7972412109375,225.99000549316406,230.00384521484375,293.8877258300781,734.6421508789062,502.1696472167969,170.39306640625,334.0899963378906,299.8494873046875,109.4621353149414
2025-09-04,239.10354614257812,235.67999267578125,231.63919067382812,298.1168518066406,746.2042846679688,504.7731628417969,171.4316864013672,338.5299987792969,302.2842712402344,109.94140625
2025-09-05,239.01380920410156,232.3300018310547,234.33151245117188,288.8540344238281,749.9918823242188,491.884765625,166.7978515625,350.8399963378906,307.1636047363281,106.84075164794922
2025-09-08,237.20892333984375,235.83999633789062,233.5829620361328,287.41162109375,749.8423461914062,495.06463623046875,168.0861358642578,346.3999938964844,311.8968200683594,107.44718170166016
2025-09-09,233.6888885498047,238.24000549316406,239.16204833984375,292.2588806152344,763.1986083984375,495.2732849121094,170.53286743164062,346.9700012207031,338.8451232910156,108.22969055175781
2025-09-10,226.1501922607422,230.3300018310547,238.7029266357422,294.8983459472656,749.5234375,497.22100830078125,177.09413146972656,347.7900085449219,337.7348327636719,110.03923034667969
2025-09-11,229.3810577392578,229.9499969482422,239.9005889892578,299.82415771484375,748.4468994140625,497.8569641113281,176.94432067871094,368.80999755859375,344.38665771484375,109.68710327148438
2025-09-12,233.40966796875,228.14999389648438,240.32977294921875,301.1488342285156,753.1216430664062,506.6910095214844,177.59349060058594,395.94000244140625,343.3153991699219,109.70665740966797
2025-09-15,236.03224182128906,231.42999267578125,251.11865234375,303.1014404296875,762.2018432617188,512.1166381835938,177.52357482910156,410.0400085449219,340.9534606933594,109.89250183105469
2025-09-16,237.4781494140625,234.0500030517578,250.66952514648438,303.385986328125,776.4552001953125,505.83642578125,174.65724182128906,421.6199951171875,333.005126953125,112.17153930664062
2025-09-17,238.3157958984375,231.6199951171875,249.04270935058594,305.89794921875,773.1858520507812,506.81024169921875,170.07308959960938,425.8599853515625,334.79864501953125,112.76819610595703
2025-09-18,237.20892333984375,231.22999572753906,251.53782653808594,307.3501892089844,777.7010498046875,505.2501220703125,176.01551818847656,416.8500061035156,328.14404296875,111.43794250488281
2025-09-19,244.80740356445312,231.47999572753906,254.2225799560547,308.8710632324219,775.8372192382812,514.6705322265625,176.4449462890625,426.07000732421875,329.97674560546875,110.35221862792969
2025-09-22,255.35755920410156,227.6300048828125,252.036865234375,306.57501220703125,763.175048828125,511.21240234375,183.37612915039062,434.2099914550781,334.49481201171875,109.56971740722656
2025-09-23,253.7122344970703,220.7100067138672,251.16856384277344,306.8693542480469,753.4404296875,506.0252380371094,178.2027130126953,425.8500061035156,340.7574462890625,111.45750427246094
2025-09-24,251.59820556640625,220.2100067138672,246.65737915039062,307.53662109375,758.686767578125,506.9394226074219,176.74456787109375,442.7900085449219,344.7952575683594,112.05416107177734
2025-09-25,256.1453552246094,218.14999389648438,245.30999755859375,307.5660705566406,746.96728515625,503.8390808105469,177.4636688232422,423.3900146484375,338.6698913574219,113.06163024902344
2025-09-26,254.73931884765625,219.77999877929688,246.0585479736328,310.12701416015625,741.8206787109375,508.2411804199219,177.96302795410156,440.3999938964844,337.2193603515625,114.6559829711914
2025-09-29,253.7122344970703,222.1699981689453,243.57342529296875,309.76397705078125,741.4715576171875,511.3613586425781,181.61837768554688,443.2099914550781,338.2974548339844,111.72160339355469
2025-09-30,253.9116668701172,219.57000732421875,242.62527465820312,309.50885009765625,732.4749755859375,514.6903686523438,186.3423309326172,444.7200012207031,338.4150695800781,110.28375244140625
2025-10-01,254.72933959960938,220.6300048828125,244.42173767089844,304.8774719238281,715.4791870117188,516.4392700195312,187.0015106201172,459.4599914550781,341.3552551269531,109.54037475585938
2025-10-02,256.40460205078125,222.41000366210938,245.210205078125,301.77679443359375,725.1640014648438,512.4942626953125,188.64939880371094,436.0,346.6672058105469,108.8556900024414
2025-10-03,257.2920837402344,219.50999450683594,244.8708953857422,304.2102355957031,708.7167358398438,514.0940551757812,187.38099670410156,429.8299865722656,353.01800537109375,110.78260040283203
2025-10-06,255.96585083007812,220.89999389648438,249.9409637451172,304.8511047363281,713.8035278320312,525.2435302734375,185.30364990234375,453.25,351.61651611328125,111.70203399658203
2025-10-07,255.7564697265625,221.77999877929688,245.2800750732422,303.3819885253906,711.230224609375,520.6823120117188,184.80429077148438,433.0899963378906,356.4090270996094,111.76072692871094
2025-10-08,257.33197021484375,225.22000122070312,244.1422882080078,299.77325439453125,715.9779663085938,521.546875,188.86911010742188,438.69000244140625,362.544189453125,111.52597045898438
2025-10-09,253.32330322265625,227.74000549316406,241.05833435058594,301.2522277832031,731.607177734375,519.1123657226562,192.32470703125,435.5400085449219,360.358642578125,110.44026184082031
2025-10-10,244.57806396484375,216.3699951171875,236.1080322265625,296.6772155761719,703.4703979492188,507.74432373046875,182.92669677734375,413.489990234375,347.431640625,108.30794525146484
2025-10-13,246.96131896972656,220.07000732421875,243.6732177734375,303.6580505371094,713.8433837890625,510.81488037109375,188.0801239013672,435.8999938964844,351.5086975097656,109.78490447998047
2025-10-14,247.07101440429688,216.38999938964844,244.97068786621094,297.85052490234375,706.8117065429688,510.3379211425781,179.80067443847656,429.239990234375,352.75335693359375,109.83381652832031
2025-10-15,248.63658142089844,215.57000732421875,250.53977966308594,301.40997314453125,715.6886596679688,510.19879150390625,179.60093688964844,435.1499938964844,353.94903564453125,109.16868591308594
2025-10-16,246.75192260742188,214.47000122070312,250.9689483642578,294.360107421875,710.2228393554688,508.3902587890625,181.5784149169922,428.75,349.5583801269531,108.21990203857422
2025-10-17,251.57826232910156,213.0399932861328,252.80535888671875,293.3938293457031,715.0602416992188,510.347900390625,182.9866180419922,439.30999755859375,349.4897766113281,109.78490447998047
2025-10-20,261.5001525878906,216.47999572753906,256.04901123046875,298.1265869140625,730.2706298828125,513.5376586914062,182.40736389160156,447.42999267578125,357.2126770019531,110.23484802246094
2025-10-21,262.0286865234375,222.02999877929688,249.9709014892578,292.9303894042969,731.367919921875,514.4021606445312,180.9292449951172,442.6000061035156,358.08489990234375,110.24462890625
2025-10-22,257.72088623046875,217.9499969482422,251.19851684570312,289.9920959472656,731.5075073242188,517.2639770507812,180.05035400390625,438.9700012207031,354.2822265625,112.20088195800781
2025-10-23,258.84771728515625,221.08999633789062,252.58578491210938,290.4161071777344,732.095947265625,517.283935546875,181.92796325683594,448.9800109863281,353.26300048828125,113.44309997558594
2025-10-24,262.07855224609375,224.2100067138672,259.4124450683594,296.2334899902344,736.4446411132812,520.314697265625,186.02272033691406,433.7200012207031,355.2721252441406,112.86600494384766
2025-10-27,268.0516357421875,226.97000122070312,268.7441711425781,299.89154052734375,748.872314453125,528.1749877929688,191.24607849121094,452.4200134277344,358.6827392578125,113.40397644042969
2025-10-28,268.2410888671875,229.25,266.9476623535156,301.0845947265625,749.4906616210938,538.6585693359375,200.77394104003906,460.54998779296875,360.5056457519531,112.51388549804688
2025-10-29,268.93914794921875,230.3000030517578,274.0338134765625,301.2325134277344,749.7200927734375,538.1417846679688,206.77627563476562,461.510009765625,348.1764831542969,113.90281677246094
2025-10-30,270.63433837890625,222.86000061035156,280.93035888671875,305.10748291015625,664.7410888671875,522.451171875,202.63156127929688,440.1000061035156,337.87603759765625,112.18131256103516
2025-10-31,269.60723876953125,244.22000122070312,280.6408996582031,306.7639465332031,646.6681518554688,514.5512084960938,202.23207092285156,456.55999755859375,334.7496337890625,111.85853576660156
2025-11-03,268.2909851074219,254.0,283.16595458984375,305.0187683105469,636.0557861328125,513.776123046875,206.61647033691406,468.3699951171875,327.1345520019531,111.27165985107422
2025-11-04,269.2781982421875,249.32000732421875,276.9980163574219,304.920166015625,625.6926879882812,511.0931701660156,198.43690490722656,444.260009765625,324.23358154296875,111.64334106445312
2025-11-05,269.3778991699219,250.1999969482422,283.7547912597656,307.3161315917969,634.30029296875,503.96826171875,194.9613494873047,462.07000732421875,321.2052001953125,111.19342041015625
2025-11-06,269.0089416503906,243.0399932861328,284.1939392089844,309.0317687988281,617.3344116210938,493.9715576171875,187.84043884277344,445.9100036621094,315.1484375,111.99547576904297
2025-11-07,267.7126159667969,244.41000366210938,278.2854919433594,309.8106994628906,620.0972900390625,493.6933288574219,187.9103240966797,429.5199890136719,317.7455749511719,114.6559829711914
2025-11-10,268.9303283691406,248.39999389648438,289.5334777832031,312.45318603515625,630.1211547851562,502.8155517578125,198.7964630126953,445.2300109863281,315.16802978515625,115.63410949707031
2025-11-11,274.73956298828125,249.10000610351562,290.7411193847656,311.200927734375,625.4533081054688,505.4786682128906,192.91395568847656,439.6199951171875,320.9209899902344,117.15998840332031
2025-11-12,272.962890625,244.1999969482422,286.1501159667969,315.92388916015625,607.43017578125,507.9232177734375,193.55313110351562,430.6000061035156,332.2994689941406,115.53629302978516
2025-11-13,272.4438171386719,237.5800018310547,278.0260314941406,305.14697265625,608.3079223632812,500.12261962890625,186.62197875976562,401.989990234375,325.8899230957031,116.19163513183594
2025-11-14,271.90484619140625,234.69000244140625,275.8702087402344,299.35906982421875,607.8790283203125,506.96923828125,189.92774963378906,404.3500061035156,315.4424133300781,117.70126342773438
2025-11-17,266.9639892578125,232.8699951171875,284.4634094238281,296.1644592285156,600.4483032226562,504.296142578125,186.36231994628906,408.9200134277344,314.1291809082031,116.11270141601562
2025-11-18,266.94403076171875,222.5500030517578,283.724853515625,295.2179260253906,596.1395874023438,490.6824035644531,181.1289825439453,401.25,307.3275146484375,117.44471740722656
2025-11-19,268.0619812011719,222.69000244140625,292.2381896972656,299.0238342285156,588.7886962890625,484.0543518066406,186.28240966796875,403.989990234375,302.92706298828125,115.78709411621094
2025-11-20,265.7562561035156,217.13999938964844,288.884765625,294.20233154296875,587.6217041015625,476.308837890625,180.40989685058594,395.2300109863281,305.3282470703125,115.46148681640625
2025-11-21,270.98651123046875,220.69000244140625,299.0748291015625,293.84735107421875,592.70849609375,470.0268249511719,178.65213012695312,391.0899963378906,313.5901184082031,115.52069091796875
2025-11-24,275.4083557128906,226.27999877929688,317.9578552246094,293.8276672363281,611.459716796875,471.89849853515625,182.3174591064453,417.7799987792969,312.6884765625,114.42547607421875
2025-11-25,276.45635986328125,229.6699981689453,322.8083801269531,298.7576599121094,634.5695190429688,474.8752136230469,177.59349060058594,419.3999938964844,319.7743225097656,112.98491668701172
2025-11-26,277.0353088378906,229.16000366210938,319.3252258300781,303.33270263671875,631.96630859375,483.3475341796875,180.03036499023438,426.5799865722656,323.13592529296875,113.241455078125
2025-11-28,278.3328857421875,233.22000122070312,319.55474853515625,308.6965026855469,646.2691650390625,489.82867431640625,176.7745361328125,430.1700134277344,323.1947326660156,114.37613677978516
2025-12-01,282.57501220703125,233.8800048828125,314.2751159667969,304.5947570800781,639.2074584960938,484.5820007324219,179.69082641601562,430.1400146484375,316.7655334472656,115.0766830444336
2025-12-02,285.6592712402344,234.4199981689453,315.19329833984375,303.5693359375,645.4213256835938,487.82757568359375,181.22886657714844,429.239990234375,318.06903076171875,113.84333038330078
2025-12-03,283.623046875,232.3800048828125,319.0058288574219,307.75982666015625,637.9407958984375,475.6119689941406,179.36123657226562,446.739990234375,332.9365234375,116.2311019897461
2025-12-04,280.179443359375,229.11000061035156,316.9997253417969,311.67425537109375,659.81396484375,478.70819091796875,183.15660095214844,454.5299987792969,326.8405456542969,115.57988739013672
2025-12-05,278.26300048828125,229.52999877929688,320.6426086425781,310.62908935546875,671.673095703125,481.01788330078125,182.1877899169922,455.0,324.31201171875,114.9878921508789
2025-12-08,277.3746643066406,226.88999938964844,313.3121643066406,310.79669189453125,665.0702514648438,488.8430480957031,185.323974609375,439.5799865722656,319.2998046875,114.43534088134766
2025-12-09,276.6659851074219,227.9199981689453,316.66778564453125,296.30255126953125,655.2557983398438,489.8385925292969,184.7446746826172,445.1700134277344,319.28009033203125,116.67510986328125
2025-12-10,278.26300048828125,231.77999877929688,319.7937316894531,305.76806640625,648.4435424804688,476.43829345703125,183.55612182617188,451.45001220703125,323.9864196777344,117.94792938232422
2025-12-11,277.514404296875,230.27999877929688,312.02386474609375,312.9363098144531,651.016845703125,481.3265075683594,180.70957946777344,446.8900146484375,332.23480224609375,117.94792938232422
2025-12-12,277.763916015625,226.19000244140625,308.887939453125,314.06036376953125,642.5587768554688,476.4084167480469,174.80679321289062,458.9599914550781,337.276611328125,117.23751831054688
2025-12-15,273.6016540527344,222.5399932861328,307.8193359375,315.53936767578125,646.3570556640625,472.7148742675781,176.07522583007812,475.30999755859375,336.5464782714844,116.19164276123047
2025-12-16,274.1007385253906,222.55999755859375,306.1714782714844,311.1319580078125,655.9798583984375,474.2779235839844,177.5034942626953,489.8800048828125,329.7386169433594,113.15265655517578
2025-12-17,271.33587646484375,221.27000427246094,296.3342590332031,310.5699157714844,648.343505859375,474.00909423828125,170.73175048828125,467.260009765625,327.2029113769531,115.84630584716797
2025-12-18,271.68524169921875,226.75999450683594,302.0668029785156,308.61767578125,663.2669067382812,481.8342590332031,173.9278564453125,483.3699951171875,323.759521484375,114.9878921508789
2025-12-19,273.1625061035156,227.35000610351562,306.7607116699219,312.7686767578125,657.5969848632812,483.7656555175781,180.76953125,481.20001220703125,323.0491027832031,115.1358871459961
2025-12-22,270.4674987792969,228.42999267578125,309.3773193359375,318.56634521484375,660.3220825195312,482.7701110839844,183.4662322998047,488.7300109863281,320.81927490234375,116.57644653320312
2025-12-23,271.85491943359375,232.13999938964844,313.94134521484375,321.3666076660156,663.7559814453125,484.6915283203125,188.97952270507812,485.55999755859375,320.46405029296875,117.82952880859375
2025-12-24,273.3022155761719,232.3800048828125,313.6816711425781,324.5612487792969,666.3613891601562,485.8563232421875,188.38023376464844,485.3999938964844,323.2069396972656,117.63218688964844
2025-12-26,272.89300537109375,232.52000427246094,313.10247802734375,323.3188781738281,662.10888671875,485.5476989746094,190.2978973388672,475.19000244140625,327.40020751953125,117.5236587524414
2025-12-29,273.2523498535156,232.07000732421875,313.15240478515625,319.2171325683594,657.5171508789062,484.9404296875,187.99070739746094,459.6400146484375,324.5487976074219,118.92474365234375
2025-12-30,272.57354736328125,232.52999877929688,313.4420166015625,318.89178466796875,664.7642211914062,485.3187255859375,187.31153869628906,454.42999267578125,327.725830078125,119.37861633300781
