,AAPL,AMZN,GOOGL,JPM,META,MSFT,NVDA,TSLA,UNH,XOM
2020-01-03,-0.009769910532202594,-0.012213314472679244,-0.005245009663106493,-0.013284329448726982,-0.005305254013304382,-0.012530158192081593,-0.01613555215016885,0.02920267893223429,-0.010171363908801787,-0.008072336028213448
2020-01-06,0.007936451926287044,0.014775871094842,0.026304916557037546,-0.0007956287027617207,0.018658451361239836,0.002581639342393731,0.004184680571632279,0.019071612174755247,0.006918321557605961,0.0076491120591326385
2020-01-07,-0.004713964223640624,0.002089436023074214,-0.0019332187566148981,-0.017146567696065044,0.0021611962812708345,-0.009159645169125657,0.012034501220160376,0.03806670586808656,-0.0060550730273271035,-0.00821783197155735
2020-01-08,0.01595796611949643,-0.007839287338238396,0.007092367115764219,0.007770474315171407,0.01008712585940158,0.01580280783219716,0.0018736757943375918,0.048032568493066904,0.020864716957468055,-0.015195243695106117
2020-01-09,0.021018871371554573,0.0047876954600311996,0.010443203315832901,0.003645080344406504,0.01420944950480883,0.012415314828089058,0.010922528739373874,-0.022189385476863444,-0.005693553182621489,0.007626373661551328
2020-01-10,0.002257963178577806,-0.009455156242405702,0.00643779267813993,-0.010018564835215432,-0.0011000996052911893,-0.004637498454803043,0.0053349649196168854,-0.006649355680979626,0.0030881275719071436,-0.00892724407099653
2020-01-13,0.02113956543943848,0.0043132627393767525,0.007717286102465712,0.008270520880857887,0.017501767719719934,0.011952806239825711,0.030871140337261776,0.09320702322102224,-0.0319485994235927,0.009500649558495005
2020-01-14,-0.013595494439649287,-0.011625527046359843,-0.006577190118971939,0.011594293717834048,-0.012926251401511565,-0.007068260317145494,-0.01882852005085218,0.024578286172624794,0.008326203731338853,-0.008633214616738001
2020-01-15,-0.00429485581859954,-0.003977024437111101,0.006000719749393622,-0.01509891185758314,0.009495546348569238,0.0064552256424024465,-0.006939428280847175,-0.03676981311758122,0.027950344660623138,-0.0015909219098453069
2020-01-16,0.012448727596625752,0.008513567549042408,0.007586368540888865,0.0038690129862191,0.002799700812450668,0.01815752657596123,0.013589870065004627,-0.00970946227670784,0.014502461505636846,-0.0039154104936706775
2020-01-17,0.011010448876388208,-0.007064556764163625,0.02004365622488878,0.006897538719093957,0.0016667805568980369,0.00558108741040917,0.0014050130915504854,-0.005839913304383257,-0.007576973688723852,-0.00378520502502401
2020-01-20,0.0,0.0,0.0,0.0,0.0,0.0,0.0,0.0,0.0,0.0
2020-01-21,-0.006800436537976757,0.014523546068980422,0.001843796577939768,-0.009889410766222026,-0.003156151992784885,-0.0035971655179590496,-0.005390138617005484,0.06942373110021945,0.006878649598384301,-0.014397356480981905
2020-01-22,0.0035635604752167266,-0.0024024329949913796,0.001092074792494295,-0.0011697365566176318,-0.0005419250863157011,-0.004816048207112425,0.008714149980360852,0.04004983514491321,0.00019916567239502056,-0.005787548516683743
2020-01-23,0.004804356460599905,-0.0015270766138826273,0.0005522782290888846,-0.0010246597223585248,-0.007073633412052735,0.00613670545283304,0.010935217741666347,0.004624413044606698,-0.003766344486382772,-0.00627067498222858
2020-01-24,-0.0028861927505002332,-0.012247117354347813,-0.012552136678435263,-0.025141901277296333,-0.008316160941519251,-0.010128097010321151,-0.009457027896073465,-0.012981499419033645,-0.022456876103124454,-0.006762498225178417
2020-01-27,-0.029846319223407834,-0.018049378179086813,-0.023770032795949508,-0.008446821720305048,-0.014186737706753142,-0.016864418849046853,-0.04190712258407234,-0.012112331857897394,-0.03023305940090298,-0.02411211841949184
2020-01-28,0.02789664520424916,0.013532388730052893,0.01302483129724534,0.018014489606214077,0.01349822559726209,0.019406246774089947,0.03183585277429434,0.01578809278786119,0.006246529319625482,-0.0013912333867852852
2020-01-29,0.020716179660004438,0.002559818728975466,0.0042650468538863095,-0.0014889250673455646,0.02467131094883249,0.01547235305888791,-0.009848146015389317,0.02455066473079113,-0.010443878207609295,-0.008387655746025928
2020-01-30,-0.0014500329909897887,0.00680130777131683,-0.0016830673508033635,0.012291092174393819,-0.0633358221296413,0.027817176204656718,0.0010990401215075641,0.09799952270077929,-0.006809903509363934,0.010551048649635396
2020-01-31,-0.04535165140751137,0.06131112770815112,-0.014873786959386792,-0.02632015313786234,-0.03704463991373198,-0.014868760033693298,-0.038906404976639636,0.015115867923964223,-0.030828523356556788,-0.04208336210320243
2020-02-03,-0.0027502204682761074,-0.002252704013802056,0.03418062228453144,0.007601647519358809,0.011228776744151795,0.02408657654035449,0.016360873575266402,0.11839534141276628,0.005746116672677541,-0.022629977155068287
2020-02-04,0.03248043960631884,0.022433811849720944,-0.025404372786171317,0.014293299545885133,0.027246860913291218,0.03238636353309242,0.027901452389758996,0.11839534141276628,0.024584086228386308,-0.012593669192191988
2020-02-05,0.008121193751077402,-0.004792703414039184,0.00044284917248168187,0.01685754121995822,0.0013334989170351002,-0.0012218088224960112,0.01458153291948172,-0.12113825810398889,0.051661691760190635,0.044995391487999185
2020-02-06,0.011629177316371876,0.005065879625856511,0.0204796699921221,0.0001455716839274308,0.003515742318453105,0.020521540243691395,0.013821739351140078,0.019223358515689473,-0.011119178638066904,-0.013642583340896847
2020-02-07,-0.013685790575398685,0.014069692433392624,0.0021250053708662345,-0.003202522229420132,0.006994546687316649,0.0014149043228648371,-0.010517084514723107,-0.0011890304222129079,-0.011140182774747091,-0.006647965225878496
2020-02-10,0.004738144670430997,0.02593435798738784,0.01978131174494711,0.004147036473807664,0.0034320892614106494,0.02582050099355302,0.0442393360953508,0.030554904345579816,-0.007600668848222207,-0.010617103922070863
2020-02-11,-0.00605164823128301,0.007883866478429244,0.0009278108873895252,0.0018854360399166723,-0.027937387819314402,-0.02283414588355082,0.018536292487786304,0.0040112052857509935,0.013014388242134868,0.00946142820527759
2020-02-12,0.02347010273740531,0.004268347229322045,0.005659256322988181,0.0,0.017083809391770424,0.0014627922923182298,0.017208868562080565,-0.009197828567077742,0.04271425447087692,0.012151056117447316
2020-02-13,-0.007146494246876688,-0.004700848772083054,-0.0034565428403333276,-0.0008696330118889658,0.011229043962622896,-0.005428571152315486,-0.00647853817198111,0.04673438827304504,-0.004226459722569309,-0.005564439455670908
2020-02-14,0.0002462902063944291,-0.007001620314183051,0.003522227321303488,-0.003050905880110184,0.0048675477906572175,0.008887510425074406,0.06784967310759682,-0.004949986662921484,-0.011381660455985895,-0.004606097307002285
2020-02-17,0.0,0.0,0.0,0.0,0.0,0.0,0.0,0.0,0.0,0.0
2020-02-18,-0.0184801839934035,0.00969583372641929,0.00046747182859119485,-0.013328551922944538,0.016760562043548432,0.010091813584397624,0.02312686368629003,0.0704209168261074,0.01118287864579704,-0.012777141190640537
2020-02-19,0.014378930581294356,0.006726973190216665,0.0035672867826458524,0.013546778012307288,-0.0014244578908643483,0.0029947938937619225,0.05933644987688601,0.06649517653196184,0.010437233163139045,0.007652859744257928
2020-02-20,-0.010312037314610226,-0.007919906743473367,-0.005181004224957066,0.0,-0.013470200423388238,-0.015389142128177909,-0.01924954102046761,-0.019826354777620056,-0.01047008506928911,-0.007986873795888102
2020-02-21,-0.02289523678256051,-0.02689219882130043,-0.022351029873706,-0.012294597444615116,-0.020718308108891734,-0.03212326202719016,-0.04855221265827403,0.0017662480443414094,-0.0023197455654471555,-0.012270161140055283
2020-02-24,-0.048665359849859494,-0.042235023870589,-0.04381908374720757,-0.027243053438546373,-0.04605335534109387,-0.044072443927882246,-0.07332129726941648,-0.07752369493467591,-0.06231561487066122,-0.047978597591928095
2020-02-25,-0.034459379366507836,-0.018357980231590378,-0.02390543691564338,-0.04567053080609252,-0.019875388303783284,-0.016639297191991993,-0.04196144657526297,-0.041482357972054684,-0.05322950393335629,-0.03907874686665507
2020-02-26,0.015739304403727793,0.0034663008478506324,0.002989021753138209,0.003005302107149583,0.0021828952190469657,0.012417287394542023,0.021144866871610688,-0.026744949535016983,-0.001481798734362447,-0.02220042877730223
2020-02-27,-0.051101920416750976,-0.049333390430740226,-0.05288224203411107,-0.04250465630098832,-0.038510945573566734,-0.0463604235227258,-0.05727469630498099,-0.12113825810398889,-0.035135024619387153,-0.05401567017134226
2020-02-28,-0.0005850683380367383,-0.0002918893180325476,0.01831125841788036,-0.04430578512840568,0.0142327868039978,0.02392443499150109,0.0668738292142272,-0.016347950327421108,0.004087613097273761,0.03199932933967779
2020-03-02,0.051285233012391296,0.03658851566405863,0.03454292642560981,0.04554093837737602,0.02041674065395775,0.04983155514747313,0.023276145085776648,0.1072570247859105,0.0620409329007912,0.0463438017293049
2020-03-03,-0.032274431734776086,-0.023278669366774255,-0.035686024033731,-0.038246909365568536,-0.05520202018723757,-0.0463604235227258,-0.0388748298988375,0.0025383850988232293,-0.04382285053877087,-0.04906887658866712
2020-03-04,0.045340752401659946,0.03441420829326915,0.03227552987301941,0.02440891977091839,0.03108961283294219,0.036056959777472974,0.0676858162155401,0.005337746224066965,0.0620409329007912,0.021597477815988343
2020-03-05,-0.03297482663582901,-0.02656658154602768,-0.04958816526211894,-0.0503057636906064,-0.03497029552992441,-0.025415407411678227,-0.040234929641394294,-0.033869376791647296,-0.022573195172256928,-0.04506734380306343
2020-03-06,-0.013368783162607768,-0.011994572145720599,-0.014572074733714665,-0.053063517334667375,-0.022280240713436955,-0.02867437337974765,-0.026886577265925003,-0.029497510135476336,0.003210577181911513,-0.04949895363853711
2020-03-09,-0.051101920416750976,-0.05430184971456644,-0.05288224203411107,-0.053063517334667375,-0.06614120756067372,-0.0463604235227258,-0.08059423138314777,-0.12113825810398889,-0.03743383822571734,-0.05401567017134226
2020-03-10,0.051285233012391296,0.04941384267449418,0.047685505418247016,0.05410271569291196,0.049997626949331395,0.04983155514747313,0.061774339074002996,0.059586929551683376,0.023706796346710263,0.0363587288552815
2020-03-11,-0.035347750792124204,-0.03823045590680999,-0.05171576403498115,-0.048214091376462605,-0.0456413900144013,-0.0463604235227258,-0.057586819818979326,-0.01735009892797303,-0.007959801776427121,-0.03349644117800603
2020-03-12,-0.051101920416750976,-0.057588983573757455,-0.05288224203411107,-0.053063517334667375,-0.06658748412953915,-0.0463604235227258,-0.08108337688670236,-0.12113825810398889,-0.06231561487066122,-0.05401567017134226
2020-03-13,0.051285233012391296,0.06131112770815112,0.056162422486998605,0.05410271569291196,0.07043323186987983,0.04983155514747313,0.08549725780967952,-0.02516454136147571,0.0620409329007912,0.024967882558421414
2020-03-16,-0.051101920416750976,-0.0551930111496119,-0.05288224203411107,-0.053063517334667375,-0.06658748412953915,-0.0463604235227258,-0.08108337688670236,-0.12113825810398889,-0.06231561487066122,-0.05401567017134226
2020-03-17,0.043030963482435416,0.06131112770815112,0.04113669035879224,0.05410271569291196,0.023085879616235795,0.04983155514747313,0.08549725780967952,-0.03398134500612111,0.0620409329007912,0.05145398976768439
2020-03-18,-0.024784595082564524,0.012183223280898315,-0.024326268702169654,-0.053063517334667375,-0.01660047028342995,-0.043008044478353616,-0.06882176898494026,-0.12113825810398889,-0.06231561487066122,-0.05401567017134226
2020-03-19,-0.007691506387114856,0.027450380856149387,0.018594608036224862,0.016668069536272128,0.04112667410215134,0.01631924353615797,0.04883243180975248,0.11839534141276628,0.012544270758172013,0.03879094471996645
2020-03-20,-0.051101920416750976,-0.018696493799985447,-0.03987902315224435,-0.021327410477651992,-0.022453592552812807,-0.038282146401798195,-0.03448941347359903,-0.00025720668994270134,-0.06198193594457259,-0.05033059097404924
2020-03-23,-0.021472896233997087,0.03027242280070844,-0.013268690232978933,-0.053063517334667375,-0.010945871721949841,-0.010024431278782435,0.03317378298153163,0.015688043665694176,-0.05845481724897523,-0.040198582707565315
2020-03-24,0.051285233012391296,0.019397213114498144,0.056162422486998605,0.05410271569291196,0.07043323186987983,0.04983155514747313,0.08549725780967952,0.11839534141276628,0.0620409329007912,0.05145398976768439
2020-03-25,-0.00552403142393174,-0.02836614678504326,-0.02544467383038841,0.03663827507062817,-0.030078736973901486,-0.009618898926629791,-0.014389657324006324,0.06562083944686455,0.0620409329007912,0.05088381207982934
2020-03-26,0.051285233012391296,0.036267437779002064,0.054152235041526504,0.05410271569291196,0.04463274955614125,0.04983155514747313,0.046223953856315954,-0.0207800386755252,0.0620409329007912,0.04021056232433618
2020-03-27,-0.04228377686589942,-0.028734293362178226,-0.046339826073575466,-0.053063517334667375,-0.04092687084784396,-0.041927824490017196,-0.017687983343274025,-0.026475805312348537,-0.05199640584140379,-0.049369946426044975
2020-03-30,0.028138413283436973,0.03305128565768252,0.031953901095670735,0.025674133163395053,0.05677930644143513,0.04983155514747313,0.049632092745013616,-0.024064387275638185,0.035772554183646735,0.014775341823932921
2020-03-31,-0.0020429523581986615,-0.0072719999659999635,0.013551617796422543,-0.037818533372945995,0.005108889337728677,-0.015852511161011256,-0.007520901427028027,0.04263263821287683,-0.007590206466601087,0.012455369878396329
2020-04-01,-0.051101920416750976,-0.02178742279295421,-0.05288224203411107,-0.053063517334667375,-0.04412474870657829,-0.03615388027261259,-0.08108337688670236,-0.08446087652228773,-0.04956822724914711,-0.011655658631190934
2020-04-02,0.016548998126200972,0.005817252037933856,0.013455959971357427,0.036659757710706405,-0.008873808089774317,0.020497459536780106,0.049755500214422675,-0.057898921000518445,0.013061240782760154,0.05145398976768439
2020-04-03,-0.014475766328343532,-0.006399314195321289,-0.022021729102837458,-0.030003347485805423,-0.02567612421836618,-0.009253084031832438,-0.0463057516189599,0.05467504939194526,-0.046611337136540275,-0.029897781544617506
2020-04-06,0.051285233012391296,0.04662517920980072,0.056162422486998605,0.05410271569291196,0.07043323186987983,0.04983155514747313,0.08549725780967952,0.07276481895829454,0.0620409329007912,0.03162885696487667
2020-04-07,-0.011650191782950648,0.006988976113008688,-0.0005325383039041268,0.0131040984614312,0.0196189500522529,-0.010828477887384816,-0.035534403632364896,0.05503939414254686,-0.0012088969131284562,0.01884798204906982
2020-04-08,0.02527271753166927,0.015488887252484295,0.02045627100247219,0.03958578336663291,0.03177100133100953,0.009981078182301225,0.030117423755765066,0.006195761068727163,0.0620409329007912,0.05145398976768439
2020-04-09,0.007189976908980337,-0.00011749136016937198,-0.00035634681181203736,0.05410271569291196,0.005207932401728509,6.083089150531456e-05,-0.015097403739246293,0.043078797207400474,-0.013911207301841306,-0.016555857833084144
2020-04-10,0.0,0.0,0.0,0.0,0.0,0.0,0.0,0.0,0.0,0.0
2020-04-13,0.019437936623944843,0.059904424788693025,0.003177568409890232,-0.04549166106737586,-0.0022859161401614435,0.0022377383038861783,0.025902177848524978,0.11839534141276628,-0.002349924722866284,-0.008615609654180114
2020-04-14,0.04926882475798323,0.05142426317898339,0.044294822962057306,-0.027778341894260372,0.019152863229283886,0.048298259786262496,0.05093207472880142,0.0866771798728856,0.026180767098806186,-0.0077475505696760405
2020-04-15,-0.009169124448200882,0.01061218674730437,-0.006287448585010438,-0.05057718613535284,-0.00675795888372434,-0.010533230517279762,-0.011013211290259447,0.02770162075738181,0.04049954214127904,-0.04704764251785861
2020-04-16,0.007914403726625385,0.042632714874196495,0.00010327087393132683,-0.03885504739485362,-0.00407677120721932,0.02957907529898745,0.04817274568513834,0.020854428493631318,0.057763580620819495,-0.033407595472195614
2020-04-17,-0.013661511398973857,-0.013877991515518532,0.01700878817192388,0.05410271569291196,0.01682234796106489,0.008773250356931212,-0.008108632865910693,0.011580411041559343,-0.02672513114071272,0.05145398976768439
2020-04-20,-0.02097549995396835,0.007805217491159297,-0.014054631889419952,-0.03713838181745354,-0.005594689623272924,-0.02002047674324188,-0.01819285599150401,-0.010038465581097953,-0.029406554677162387,-0.04835044691829691
2020-04-21,-0.03139803127193916,-0.027741595250859077,-0.03962005424603824,-0.029433275761012987,-0.04263773185207764,-0.04223650039182472,-0.06305090939884278,-0.08328137479063667,-0.028582212001203092,-0.005356888866642886
2020-04-22,0.028396637817978226,0.015078276370104332,0.03744525820497896,0.003251187858231134,0.06505051781078204,0.03340092115636233,0.05991083677853356,0.06400415510269586,0.01026843766118407,0.028164164436830053
2020-04-23,-0.003882692077113382,0.015100238852104056,0.010088541131880943,0.000559420508006672,0.015514592807254667,-0.012176187315121722,-0.007506811581684788,-0.036839791089286374,0.029556908530499814,0.030851207395847458
2020-04-24,0.028460311815518353,0.004478467862372162,0.004262645643632436,0.014658793842861315,0.02633401292592589,0.018094453281397874,0.01945662224749166,0.02728753098899391,0.02067281129317095,0.006423146532630165
2020-04-27,0.0007070695467399248,-0.014299615622890095,-0.004506574345475999,0.04220146209435225,-0.013613634084695963,-0.00286859462726329,0.025535420373216457,0.09666945779957149,0.009192460529117078,0.0047907157363938895
2020-04-28,-0.01634234091546943,-0.026406206272373736,-0.030576022351769035,0.007055698080851149,-0.02478464721267466,-0.024662488358248694,-0.01944166617488015,-0.037801017814305886,-0.019302418671461596,0.02317054825087864
2020-04-29,0.032317116393789855,0.025020524430829326,0.056162422486998605,0.026613429805281693,0.05984292754442621,0.043896070975603114,0.02407617049199154,0.040002020280935593,-0.002465023788220738,0.05145398976768439
2020-04-30,0.020877010856650738,0.041803503952607714,0.003361778769875969,-0.021692953784182893,0.0527573506477483,0.009982317667617965,-0.020923748879138157,-0.023547759980736722,0.01661764477845535,-0.02108021413329647
2020-05-01,-0.016230706557056628,-0.057588983573757455,-0.022057737830840512,-0.02656100794423554,-0.01199091722950232,-0.026232673837146097,-0.03304298341165082,-0.10873700220740792,-0.02759344872458729,-0.05401567017134226
2020-05-04,0.014049589715675288,0.013016157575809914,0.004226965355325369,-0.011975007788507977,0.014674039818534023,0.02416582028156463,0.029650111029439936,0.0819187203405193,0.01059343116131358,0.03954189757251967
2020-05-05,0.014897409508642349,0.0007812169559819208,0.019552052495021902,-0.0015205137178268679,0.008779389914220205,0.010678490675380247,0.008375821943756238,0.009180180665024101,0.018947092873845554,-0.0011148398333997638
2020-05-06,0.01026442915721807,0.014332930141282023,-0.0026646660123685047,-0.018983667425260073,0.006738119662848636,0.009799231750739906,0.013693314235878102,0.018533023597782732,-0.014678679803207806,-0.01891527776000399
2020-05-07,0.010291876915550675,0.006929629421755726,0.017571439198007667,0.010359473976478826,0.013294475745905785,0.005790094042964683,0.02349699577391635,-0.003250973870209664,-0.01314123941632652,0.005667146836789668
2020-05-08,0.023522727463858903,0.005055588339379235,0.010938466506139418,0.016203941055481657,0.005146370905410016,0.005865030745757675,0.024719102089283504,0.04925154604829151,0.00699320198897126,0.04291747639005457
2020-05-11,0.015612796656062546,0.012275095742505182,0.013809531547968832,-0.029892120188196657,0.0039009236377050235,0.011092835136010065,0.03187038962006546,-0.009971196406895207,0.005871265880385095,-0.009573584386134116
2020-05-12,-0.011493829400729346,-0.02184325689933136,-0.02044824064423722,-0.03322331323670193,-0.014553290765668364,-0.022912448325826812,-0.03315125256607601,-0.0023199593370761967,-0.0034348995561120977,-0.016856402202951676
2020-05-13,-0.012147994935334777,0.00464352271673132,-0.01971811662605625,-0.035079179429974044,-0.024085906229876625,-0.015237956530242113,-0.002887738623758243,-0.02305818093053759,-0.03429768675778475,-0.050911793879619305
2020-05-14,0.006124875957503148,0.008800091486279958,0.0063066595700689045,0.04069368574975711,0.0083028319451295,0.004330020998963357,0.03169046720248776,0.015518160889563192,0.04436094738721526,0.008785693434685979
2020-05-15,-0.005929521230037733,0.008723388257937528,0.011868597308887327,-0.018683625934657475,0.019488784320701776,0.014463053338982502,0.05573012089087714,-0.005191880165631997,0.0012036762511071892,-0.007117260889470792
2020-05-18,0.023288066590865044,0.006815562402388709,0.008788212291205943,0.05161319448944009,0.010894513255912407,0.009509530473959383,0.03010524611622902,0.01793204109959487,0.008214664802175297,0.05145398976768439
2020-05-19,-0.005795376299221496,0.009463506026665746,-0.007812837402238159,-0.019875592045888485,0.017160510867124817,-0.006946466239276969,0.0062941038066912395,-0.0069313094591098995,-0.014800599269401388,-0.03136455342548963
2020-05-20,0.019261193603284453,0.0196519053240098,0.02497662741576277,0.02955787125605287,0.058604628509730965,0.013775234990473428,0.01850914384094991,0.00930057241369536,-0.003674222641057649,0.03202602639726556
2020-05-21,-0.00748317164931561,-0.020709907813958355,-0.0017116635241156235,-0.012782474243575438,0.006155731919170792,-0.01208399570056186,-0.021950328155653242,0.014654934735012084,-0.0037570170654710644,-0.01801439166498122
2020-05-22,0.0064176541838136605,-0.0040379627094452065,0.004602639115674945,-0.0077932507466581796,0.01509782580496791,0.00043592284908500634,0.02820158254384499,-0.013037700356063059,0.010505459218561523,0.0008970379015743583
2020-05-25,0.0,0.0,0.0,0.0,0.0,0.0,0.0,0.0,0.0,0.0
2020-05-26,-0.006796530896512093,-0.006182687942356004,0.005736203861530092,0.05410271569291196,-0.01160335902281755,-0.01062759184880009,-0.03477569413581372,0.002433081947381517,0.016928545811429472,0.02894932884569032
2020-05-27,0.004347349614151504,-0.004747292931811086,-0.0007671991913605859,0.05410271569291196,-0.013265936292078078,0.001320668994470686,-0.022328774837050227,0.001659467041868106,0.029668003376684928,0.0071621008812515945
2020-05-28,0.00043982780064070825,-0.0038615979869802697,-0.0014371697458366705,-0.015007854541395303,-0.016190407756349338,-0.0022576896974308585,-0.004496667648352215,-0.017736751939729612,0.0006582927009203165,-0.026294126675879822
2020-05-29,-0.0009743203999689952,0.017041909136995572,0.01071619855640667,-0.025867447070137925,-0.0016423528936136771,0.010146948932432296,0.04475882622389045,0.035583725409644835,0.0028907937130637257,0.0095017696771052
2020-06-01,0.012222997485804476,0.011670253098244966,0.0009412304859457451,0.013169444279295913,0.029848926414144814,-0.002294717747038287,-0.007832748553708373,0.07284966703702293,0.0035367569565064117,0.017656924523277003
2020-06-02,0.004618796026788801,0.0005542421239081785,0.005171717959138671,0.0033412466757787923,0.0034867113491639126,0.01131268757058378,0.0021552306589322614,-0.018588326218028427,0.0012413408539475427,0.022011827208128387
2020-06-03,0.0054897628435587485,0.002419803318654912,-0.0021238766763239966,0.052570962599128496,-0.011061315726836388,0.002430642907867492,-0.006337355127943404,0.0015867839932886055,-0.0031390007176848415,0.039984622509568746
2020-06-04,-0.008649183392834246,-0.007207963182428161,-0.017487310574914164,0.02059785292235397,-0.016957391146418217,-0.013251036389512687,0.00011443331449353681,-0.02126741082055923,-0.024096903232213446,-0.0028473048074278053
2020-06-05,0.02808278791039639,0.009062306094701045,0.018022390909075415,0.04401883038268217,0.019604218329270038,0.0231287679059263,0.01735827864440136,0.024320646383694,0.045160417426251105,0.05145398976768439
2020-06-08,0.005895230987481159,0.01640122058468097,0.005553818250678286,0.019762022403052217,0.0027261869923704595,0.006177359313238381,-0.012976505890295757,0.07004464847857836,-0.007628815544811319,0.030794776074582298
2020-06-09,0.031089743131413407,0.029973414532654237,0.0027860049046159446,-0.025984806352989345,0.030934212884873163,0.007615875888252018,0.02700297784807513,-0.00978535494822048,-0.0008729114179267015,-0.02253932647434226
2020-06-10,0.02540192780077249,0.01775474019639406,0.008653379834183518,-0.041372431962508664,-0.008161717850051852,0.03642045477754782,0.03484342262052028,0.08590431690632504,-0.01125288550247997,-0.05401567017134226
2020-06-11,-0.04920115070095743,-0.034386807792203426,-0.04382180135997381,-0.053063517334667375,-0.053356488580645456,-0.0463604235227258,-0.06284024159908191,-0.052277046427824686,-0.06231561487066122,-0.05401567017134226
2020-06-12,0.008596281343369847,-0.005071582137180358,0.007830035495759287,0.02699563069748019,0.018322417152370526,0.007860915777739418,0.01537041484857559,-0.03937370329089697,0.004992322861799818,0.021211121648286094
2020-06-15,0.012291453260705618,0.01080967380014712,0.005519300439140014,0.013723588636428825,0.017003983571315363,0.006371574618003698,0.026650097542344195,0.05776761532071402,0.003954922050314011,-0.0006364328630719698
2020-06-16,0.026157270824477313,0.01641919546995653,0.017948131860695327,0.007967999332804138,0.01345753841797478,0.024209543087194144,-0.011539301030885801,-0.008889888882897297,0.023202256033302504,0.022237291048149154
2020-06-17,-0.0013925928773719173,0.009782656419923274,0.004187779631290929,-0.02560414580540345,-0.0005093686102162659,0.0034553587667875674,0.01830185220557153,0.009787666254598352,-0.0013663622354144628,-0.03311495415174782
2020-06-18,0.0003979535916742027,0.004910408831544251,-0.012762188220012328,-0.005442805587690146,0.001739185665856815,0.010651684325389772,-0.0019507622406382426,0.012196058432993926,-0.0038349607600326567,0.006199860942318264
2020-06-19,-0.005731086715302357,0.007892706403668376,-0.006632262186667929,-0.011486929242241673,0.012006990185548773,-0.005977806116032483,0.004680645227761879,-0.003052506049991116,0.0034740362390834048,-0.0202374742242152
2020-06-22,0.025827631201507818,0.014404049034053084,0.018099484404021777,-0.01089648452519256,0.0017991153800068801,0.027394887730035917,0.028265392906107446,-0.006595797039905825,0.004898094352922221,0.009524055146136957
2020-06-23,0.02111990593340238,0.018470070932883553,0.00914005359479343,0.012122584842233209,0.012545224541767172,0.006658846382616023,-0.008089482017229262,0.007474555771254048,0.016704718115438572,0.006013526420003693
2020-06-24,-0.017809603484629025,-0.010915222785479236,-0.021598208595887704,-0.03396141009711162,-0.03452223377828714,-0.02036362417699482,-0.022959841030134175,-0.04171541244464825,-0.028701090560574054,-0.04825477415779201
2020-06-25,0.013188601757152734,0.007352966946613356,0.005846107864070424,0.034267677512391584,0.0070683882381407616,0.012557472530209243,0.027183850068943357,0.025817844628587844,0.024052960896412175,0.01494381507386457
2020-06-26,-0.031208035165118077,-0.022657517035347675,-0.05288224203411107,-0.053063517334667375,-0.06658748412953915,-0.020219324109267335,-0.03593820092991038,-0.02697370050614223,-0.032038317817259694,-0.034917383753159385
2020-06-29,0.022785280557185855,-0.004648937652200358,0.025098222529862872,0.004418218678968374,0.02088372723853486,0.010690264710345853,0.00490316476164747,0.05039944763683731,0.009989073905568024,0.01592038357248773
2020-06-30,0.008312599675123931,0.02884445591830274,0.014834094985869828,0.011333762579150272,0.028725982389733555,0.02522810549006234,0.031851453610587346,0.06747855280845434,0.01775300982780402,0.008984638055127106
2020-07-01,-0.0018932770901968054,0.04253577590541981,0.016748330534981804,-0.008541759732716113,0.04511969159806888,0.005830432793403162,0.003389623298118007,0.036213124954005624,0.009380833989969386,-0.022843797272716657
2020-07-02,0.0,0.004021512351305945,0.019183609724718276,0.003243036495575849,-0.01753862234458823,0.0075919533166323785,0.00859383917754393,0.07651403502187115,0.001778672765069355,0.008429304684718007
2020-07-03,0.0,0.0,0.0,0.0,0.0,0.0,0.0,0.0,0.0,0.0
2020-07-06,0.02639872174476543,0.056086861548230546,0.020017062004322267,0.02493986401120088,0.02896554505530805,0.021297931030039123,0.02334113818273642,0.11839534141276628,0.015140200298105849,0.00700782950623221
2020-07-07,-0.0031075716634825,-0.018794894393650154,-0.006509416301989255,-0.028615940574660662,0.0024108783257730236,-0.011695863178273218,0.003297402966557311,0.01323965619758905,-0.02055264988216524,-0.02624814734448714
2020-07-08,0.023023104130750222,0.026637631211038765,0.009139778981160647,0.010559252733845493,0.011229631431415983,0.02175426767577502,0.034278088875472554,-0.017404076436543424,0.005747766444060432,-0.002315285019710559
2020-07-09,0.004290810236134079,0.032418003431597016,0.009966059985025392,-0.021888324953322432,0.0037697985721275194,0.006976245182115725,0.028276995166301173,0.020579243780394125,-0.024428145275120668,-0.042136350320470244
2020-07-10,0.0017480186110037904,0.005442909266691453,0.01331113000974487,0.053224731434415036,0.0023286796485804395,-0.003037344129872214,-0.002835077128686544,0.10241918272489342,0.000240967900119381,0.03071329193114922
2020-07-13,-0.004624008312759558,-0.030459227148096752,-0.01755388386073874,0.01423307564563765,-0.025080484573521147,-0.03137577900383845,-0.04160049069435394,-0.031294179797161696,0.02870185619790226,0.00023417750066599108
2020-07-14,0.016412810265249274,-0.006464146747407976,0.0056904325611931775,0.005718422776834411,0.0030497500996657665,0.006162443938582889,0.031795244840268445,0.013099686323903579,0.028971228002675847,0.032517402553806855
2020-07-15,0.006854245715745927,-0.02466286482562469,-0.002620261665377883,0.015358321912117605,0.0022917464959580918,-0.0014891912646713583,-0.01453616604683509,0.019074500672006927,-0.014528768903691758,0.012626948800196087
2020-07-16,-0.012381401617221238,-0.002985648858511928,-0.0012929453929364408,0.0028035317125800663,0.0027014878634277263,-0.020002364352936983,-0.009085610976140688,-0.029785727485036655,0.010078117323141966,-0.007872832282290314
2020-07-17,-0.002022544989724178,-0.012724365220700149,0.0012730540907830749,-0.018671178934549525,0.004555183453440179,-0.005113230653867166,0.006564871282843851,0.00013329605943815782,-0.0020204437179181726,-0.017312769848506937
2020-07-20,0.020855090319138812,0.06131112770815112,0.030508621418199936,-0.00879961754497474,0.013909277559500631,0.04208293758069888,0.02986368894039049,0.09049888548491682,-0.01006584086874732,-0.02371625418641103
2020-07-21,-0.013897576202042615,-0.018484694634580835,-0.005077293708270637,0.021453600196680106,-0.015066743318171264,-0.013560039107332831,-0.01749140408390558,-0.04649333201590645,0.005422432910908672,0.04935015980149194
2020-07-22,0.002805151731228962,-0.012305027339411448,0.005722935400949438,-0.007268954907650151,-0.007807143085025412,0.014268768963083961,0.010617645321258628,0.015167860710440668,0.005230576209215649,-0.02356783650393486
2020-07-23,-0.04658502776906436,-0.03725419917985109,-0.031219927514143073,0.0029340129512167566,-0.030776726212257237,-0.044468851807767634,-0.03004820865047542,-0.05105769412846385,-0.01226890293094246,0.002061583178582377
2020-07-24,-0.0024803427869932526,0.007458986752838637,-0.005646591123678374,-0.007097240243714644,-0.008158675543674833,-0.00614094463032589,0.006371511071980768,-0.06559870288489437,-0.00722165530303701,-0.006197885133401506
2020-07-27,0.02342376684467951,0.015270459525145965,0.013971590766890635,-0.014141006179454846,0.012020449508551686,0.012588060999318605,0.022022974803667116,0.08298067038819532,-0.007307255426939883,0.014628886174274248
2020-07-28,-0.016563808838967676,-0.018126069617507432,-0.016999442754864955,0.00432500399715404,-0.014581138300465557,-0.009017764029807461,-0.01996474244849648,-0.04185494718429495,0.00444420115571988,-0.01186975390553328
2020-07-29,0.018986797333070096,0.011004699826417956,0.01312124048133256,0.023960466618121703,0.013681359913140373,0.01004738530935009,0.024177931415396824,0.01520390470417943,0.022255481027684952,0.010962035105027726
2020-07-30,0.012027654033887756,0.0060308083157400725,0.009706677077191871,-0.02704806784735956,0.005173256133432394,-0.0007843396909165409,0.014089249393695026,-0.007781454581928156,-0.004738954589336537,-0.05030188449825005
2020-07-31,0.051285233012391296,0.036294147981264194,-0.03332425619979172,-0.003924365840194617,0.07043323186987983,0.005429110592436975,7.076671313684979e-05,-0.038884339639871014,-0.008059405681499265,0.00500329048555775
2020-08-03,0.02488547394693149,-0.01682166001089732,-0.003494197456867791,-0.005603386040032521,-0.0067637426267171605,0.04983155514747313,0.03658233466569202,0.03720897247565101,0.0027376883657901185,0.004031621267543829
2020-08-04,0.006655850516845594,0.008619861276316521,-0.006400313976160155,-0.005739648340328302,-0.008489687234874676,-0.015122808966380704,0.019561679002985197,0.0013458747004375454,0.0029270225435369473,0.028466627422703842
2020-08-05,0.003618210857421615,0.020871316739287018,0.003922060305535051,0.01722396017347291,-0.002846132435040973,-0.0016421528874836307,0.005241272942944344,-0.0013323884879125765,0.02583740714824006,0.008703693462126932
2020-08-06,0.03429415016286648,0.0062115284906952865,0.01733279506036801,0.00030839318069932824,0.06285137322707965,0.015887095567212055,0.00430963717693768,0.0030659693985973365,0.005075493286671868,-0.0048007354894351725
2020-08-07,-0.022998106210127482,-0.01800293843304236,-0.0043818583310900085,0.021768903822635542,0.011841610356167378,-0.018049355012164054,-0.012070024379814706,-0.025063424630081085,0.009412497627875731,-0.004593125410873437
2020-08-10,0.014430253470296294,-0.006111826385309402,-0.0010349108559859724,0.01259901092110105,-0.02047348766707209,-0.020108487680461123,-0.0030854150673436287,-0.023781465364230404,0.006507995693634373,0.02433279556571065
2020-08-11,-0.0301909345845675,-0.02167112480516848,-0.010936090031640446,0.031108970768856957,-0.02646896273557248,-0.023663297348778114,-0.02861859520441409,-0.03163934754750347,-0.011187470221014094,0.010282061084968154
2020-08-12,0.03269384117355622,0.026133573522779383,0.01787336461045161,-0.008512562931171377,0.014573556390459156,0.028166787752519,0.05297249190211235,0.11839534141276628,0.021072640840054415,-0.00022698161030044922
2020-08-13,0.017542924294411857,-0.0003859062604570367,0.006223756209948139,-0.005552401717160064,0.005410273340643664,-0.002345434373965922,0.00024041015041852004,0.04172205380429948,-0.002330089492539355,-0.024800147457220336
2020-08-14,-0.0008916597770421225,-0.004121037907113718,-0.007956944554964146,0.00039036174349700126,-0.00022953381523876397,0.0009581383787421727,0.010518746862870288,0.018162259872136134,0.0067577141741027745,0.004407885348177933
2020-08-17,-0.0026143526201345495,0.010865072977043023,0.00768661185172524,-0.026718236985980567,-0.0003062056523700581,0.006584281909170689,0.06470606861632652,0.10618769683979797,-0.00990374245045134,-0.013047735380151098
2020-08-18,0.008298450019850355,0.04006138810950659,0.025743561592474044,-0.01403833944955284,0.004508050372581305,0.005737757629817731,-0.006199910416902824,0.02764276800974182,-0.011611149529784806,-0.004937342355664383
2020-08-19,0.0012537569452117552,-0.015825714532805114,-0.007205744349013959,0.002336368825709039,0.0009526619714975391,-0.006085563442536031,-0.010020858209731233,-0.0045463782503080055,-0.004460660402665936,-0.011138753183144959
2020-08-20,0.021947057019842564,0.011250743012291311,0.02027702148384481,-0.012045980576065872,0.02415487102221276,0.023004877197287124,0.0002059861638249332,0.0635722137952821,-0.006584808952586485,-0.015370097699307264
2020-08-21,0.050248681566956034,-0.003843813244746528,-0.00043117642572578093,-0.0005134463262475291,-0.0074624983217947095,-0.0072966678995498675,0.04371389709363149,0.023768211540485355,0.002582120829116013,-0.007531178911063171
2020-08-24,0.011889296260617148,0.006899163550113672,0.006061765780570269,0.027765286854407486,0.016270622362416397,0.0031403671647216307,0.0028930884991785976,-0.017607920006301417,-0.017015559104865418,0.029078648059141197
2020-08-25,-0.008237726469014347,0.01173146611135582,0.01297415516811035,0.004387794759985157,0.034156955678324226,0.012925447802135092,0.00233626333790445,0.004527486632740915,0.010884610104709218,-0.032252990032518226
2020-08-26,0.013507463966319603,0.02809711446991023,0.023558174560625592,-0.014129012483413802,0.07043323186987983,0.021389228483980213,0.0018020680341655295,0.0621915738853809,-0.010949432820626305,-0.02151184584366385
2020-08-27,-0.012026374842772573,-0.012233678809977448,-0.0095397858524759,0.032369748414007166,-0.035808566336980506,0.024257044066477603,-0.011397239021317033,0.03897652873348478,0.00918645135531425,-0.006771160593596234
2020-08-28,-0.0016213023758447599,0.0005292501453169122,0.0066770554802926185,0.004095174128432622,0.0014995168696887494,0.010230959590444535,0.04031446624939296,-0.01138789608941323,0.008625339151649194,0.023624026847547
2020-08-31,0.033349840681081,0.014347795491567642,-0.006057048748180681,-0.02542524133206303,-0.001567658592949941,-0.014875839051352792,0.01709917615036699,0.11839534141276628,-0.00580592893720812,-0.018603736766101463
2020-09-01,0.039059986639081924,0.013858994770032553,0.015557832161417548,-0.0004989021593026477,0.007610658259221624,0.007685529479564672,0.0331383207886222,-0.04782238606695396,0.000895342005219154,-0.012851397570958852
2020-09-02,-0.020936423938094764,0.009197048337934825,0.03695619836363512,0.014966306215284287,0.023615486651029763,0.0190889089227078,0.037317041822193926,-0.060034084286439256,0.023410949231972566,-0.006105627647351394
2020-09-03,-0.051101920416750976,-0.047389460231042485,-0.05252631163899525,-0.003153042538535764,-0.03834554840385978,-0.0463604235227258,-0.08108337688670236,-0.0945727929773044,-0.012600900234848467,-0.002042984798816769
2020-09-04,0.0006617304580128633,-0.022028208040287028,-0.030088910054012995,0.021382200237075107,-0.029243360202020556,-0.014135145115191578,-0.030660024861611956,0.02743348445504921,-0.01346672611728779,-0.0007676615023387065
2020-09-07,0.0,0.0,0.0,0.0,0.0,0.0,0.0,0.0,0.0,0.0
2020-09-08,-0.051101920416750976,-0.04493916629572862,-0.037114473516716824,-0.03539493006812914,-0.04178328288417918,-0.0463604235227258,-0.05785047202070868,-0.12113825810398889,-0.015341533726474338,-0.023298835756146233
2020-09-09,0.03911136543824977,0.037013109131374684,0.015390335521360139,0.009462544232359505,0.00939676450822424,0.041702013558523786,0.06515179017061483,0.10366923114657202,0.015405479018805755,-0.006042640514590145
2020-09-10,-0.03319015403703198,-0.029022560577017922,-0.013783613171777299,-0.010363620808666202,-0.020783067796477428,-0.028418336547814862,-0.03222835404692847,0.013720031040026988,-0.024067703030940347,-0.025351486572031394
2020-09-11,-0.01321576924898817,-0.0187214757293059,-0.006765752550364839,0.012344376813436203,-0.005535774626829789,-0.006546466937101712,-0.012032153292977807,0.003709375196707332,-0.00618348875030596,-0.0027062397132772706
2020-09-14,0.029558779059393463,-0.004261050710177225,-0.004582318078149243,0.013756860112609438,-0.0017268492766867257,0.006741009037658775,0.05655206289775398,0.11839534141276628,0.023245188066795142,-0.006525290907889716
2020-09-15,0.0015589429898700032,0.016986906487693396,0.017273956529685094,-0.03162610570276646,0.023285063973941016,0.01627324295128216,0.009183249882138322,0.06936453038904387,-0.004352151479342779,-0.010695618773761436
2020-09-16,-0.029957802463641024,-0.02503409881608985,-0.015115668342874,0.004221630881689955,-0.033216133644212185,-0.018027282184933484,-0.037368953395785436,-0.017947393738460667,-0.002313826634127243,0.04158296742323624
2020-09-17,-0.01609239411346758,-0.02279449983567252,-0.016705256397840738,-0.011500139973210283,-0.03357150859199799,-0.010491230893539248,-0.004083620579386015,-0.04237854336559032,-0.005036923391371731,-0.00026481093707940515
2020-09-18,-0.03223423827269244,-0.018049831297685878,-0.024472658335301305,-0.0021331383404206185,-0.009027481520906225,-0.012497050413002714,-0.022249985883083776,0.04326101937694436,0.009918612102929119,-0.01626896801929538
2020-09-21,0.02987499479801387,0.0018798451658920037,-0.014542531523869338,-0.03139746115394994,-0.01749659706798732,0.01067196375238594,0.02655316314787142,0.016241895082045352,-0.029085750488587577,-0.02064720881059462
2020-09-22,0.01559356171019402,0.055362197019776946,0.020540772495680305,-0.010971990048825242,0.0262492516612177,0.023808202173328765,0.009580642382104024,-0.05761528541471742,-0.016615231768440833,-0.025015285537134606
2020-09-23,-0.04285118365726573,-0.04214463095521935,-0.03515623891276909,-0.01636307937434616,-0.022749376467676632,-0.033482643832094525,-0.04152192263140638,-0.10915761260898618,-0.007230459600669514,-0.03261144547240163
2020-09-24,0.010216706839994079,0.0066217097971920415,0.009512041634769966,-0.0008628126990122037,0.002045847099228871,0.012878357712948584,0.018327539174834064,0.019345803747202597,0.0017785471098962097,-0.0020377117917022014
2020-09-25,0.03682921943519378,0.024642604582375296,0.011321279565230996,0.00870345458031056,0.020978356296123532,0.022530817964486825,0.04169655371882444,0.0491842305281949,0.03306944596568379,0.009280784950642301
2020-09-28,0.023588525815541713,0.025178461064278568,0.013528126706016929,0.02837302085519218,0.007818036243052632,0.007764734644182984,0.0124475015126926,0.033459528236176775,0.0024105129467210055,0.019157274376974315
2020-09-29,-0.007596448553109023,-0.00923261654532486,0.00503287626035889,-0.008459415209656596,0.019167113523012935,-0.01046312055744819,0.014527556884917647,-0.005069748902601041,0.0030290762694295914,-0.029604131179369803
2020-09-30,0.014963129331235158,0.0012233973846267278,-0.0002864974446969796,0.009602522425632158,0.000420083821893146,0.0147037368105178,0.022780909438575355,0.023442192423042928,0.02474472018493687,0.0014575891555035775
2020-10-01,0.00842662394793758,0.022773457377156782,0.015100831201184536,0.007245162768899771,0.017899246912443274,0.01007595636368701,0.006188830636291881,0.043670173422939704,0.0041614484118112985,-0.03558050922999587
2020-10-02,-0.03281257322373196,-0.030338326155417573,-0.021947254779908085,0.009442489034711064,-0.025411140969749967,-0.029955425523456532,-0.041408766484646094,-0.07665503512528221,-0.003487845416009149,-0.0045378410973718405
2020-10-05,0.030326365768281377,0.023466537334268914,0.01853402255619977,0.020916114778963938,0.01795739201491254,0.020117154534734057,0.043463391540625805,0.025192518630920653,0.019584026756980254,0.022782662464508874
2020-10-06,-0.029088489723995855,-0.03151160525254176,-0.021685592148575985,-0.010352498822659892,-0.022893778723325375,-0.02147621968610255,0.006866673119376297,-0.02787018407731412,-0.011697906530790916,-0.01042765898288924
2020-10-07,0.01682473274384537,0.030413812448158245,0.005580515441006518,0.017295163744723344,-0.0020897832492116158,0.018858415547727762,0.016425988571414873,0.026977120398229415,0.02735331112534493,0.003289111903772095
2020-10-08,-0.0009561769408855512,-0.0016097349459189387,0.016509771945873185,0.020347092327838226,0.021615038090402126,0.003567981097372804,-0.009010053495228468,0.0014567215247855486,-0.002354469567220784,0.05120367059013188
2020-10-09,0.017246280238211502,0.02967554216621051,0.018050554361040447,-0.005714769039121654,0.0026124707227115494,0.024532892601988175,-0.00550681927573698,0.018793074176697643,0.016701501433426476,-0.014857550624015585
2020-10-12,0.051285233012391296,0.0464540159772508,0.03521615363056168,0.01217845039458442,0.041842676667475834,0.025572668892065845,0.03310556384136791,0.018943822515122916,0.006476151635952776,-0.003171315680017828
2020-10-13,-0.026885332543451098,0.0002033158031418585,0.0015839156713542215,-0.016337437394629617,0.0014132947085566147,0.006572715459562721,0.0015628706996788078,0.009786884708723409,0.0043846589810098485,-0.011910102868551771
2020-10-14,0.0007429584128912063,-0.023481628688544316,-0.0023192620389811945,-0.0055719793175937615,-0.015767844090233053,-0.009014592485754635,-0.010796152797683574,0.032273287618783654,-0.0293008101007612,-0.002047490924243339
2020-10-15,-0.00396875181750352,-0.007478033616218114,-0.005110760731715491,0.014856169086493669,-0.018940771958103442,-0.005448152563019582,-0.008925709711375032,-0.02729299577407529,0.00841560816648743,0.008746439855979955
2020-10-16,-0.01409946218814774,-0.01994812848396483,0.007831919074486098,-0.00206678765715636,-0.0029663750751474528,0.0,-0.011410632764734984,-0.020731092265373598,0.016288435322238514,-0.010211646367431538
2020-10-19,-0.02587367549385909,-0.020216949722746604,-0.024374527290883505,-0.01698903418241485,-0.017181213488531733,-0.02507750805709438,-0.022978522530832032,-0.020310891071385614,-0.017367189174031104,-0.02014305807003706
2020-10-20,0.013105628171698996,0.0030508956211158598,0.013716263487602805,0.005695170629575979,0.02329206585763127,0.00200511278159251,0.010886800391648093,-0.020850455371877373,-0.0025016681986020964,0.008343544231796354
2020-10-21,-0.005461076375691587,-0.01001890884724982,0.022257522754854396,-0.010012981756479019,0.04089968950191873,0.0006988425900271679,-0.008888496182815238,0.0016576578966101716,-0.0019187081752213206,-0.016153808124831123
2020-10-22,-0.009629664043047355,-0.002684886825932588,0.012948643872517403,0.03471267855238844,-0.0021909536622561412,0.0004186986226857255,-0.012181344060781519,0.007425427859397711,0.009066778575593104,0.049995882238613565
2020-10-23,-0.006152810204919659,0.008776346822349299,0.016249200817791156,0.008999049409659088,0.023699504168173104,0.0062164286467331934,0.01701273395576851,-0.01219258008931434,0.014840554537618697,-0.02028474008715678
2020-10-26,8.689763187536047e-05,0.0008235515832760146,-0.030270383215958194,-0.025068224571742046,-0.027337797929219563,-0.028854015155728278,-0.03359685142209583,-0.0008324460631960825,-0.023071145956725863,-0.023997650862124336
2020-10-27,0.013382430756826283,0.02442300268945314,0.009167160147837422,-0.019046456195565865,0.022056636482844436,0.014976358487431184,0.01925632036656326,0.010414737676610572,-0.00792465616649636,-0.01601972823807325
2020-10-28,-0.04741878909344534,-0.038319991707740156,-0.05288224203411107,-0.028489951679964095,-0.05671616717909318,-0.0463604235227258,-0.059174907223700196,-0.04493353448533056,-0.03981399287747023,-0.03883069259596693
2020-10-29,0.036380290235351116,0.015134134911874026,0.030044747591281704,0.006504558316033716,0.04799473461295049,0.010014975851440237,0.030956421385985373,0.011777078527549948,-0.014124963951253993,0.04339082700476248
2020-10-30,-0.051101920416750976,-0.055995337191590895,0.037337920479444356,0.008913478684832242,-0.06517737703325938,-0.011051404224209497,-0.038348851907171085,-0.05707106115006527,0.004796121324792613,-0.010672495994356
2020-11-02,-0.0008270720913956924,-0.010485731675678473,0.0050674161514647036,0.022291526037179054,-0.0066734499712981545,-0.0006917078028038091,0.0037229551288047776,0.03163027338080621,0.022552689835870054,0.041140846583077165
2020-11-03,0.015236985931747311,0.014515652838803237,0.013052289911942423,0.031034699806894172,0.0149624889847755,0.02006129062552275,0.03428033871852639,0.05675891678442002,0.02920717230644517,-0.01721144049358806
2020-11-04,0.0400247845440852,0.06131112770815112,0.056162422486998605,-0.03103469980689423,0.07043323186987983,0.04712107615943762,0.05780351910159911,-0.0069123197353376745,0.0620409329007912,-0.0054020334294250395
2020-11-05,0.0348782138244145,0.024635765802841537,0.009491591683779083,0.04008357744273667,0.025084950089932452,0.03138892159876955,0.02616942308238581,0.03983908014025376,-0.00045155981523994535,-0.0018072795782078733
2020-11-06,-0.0011368351509724848,-0.0032050668056014093,-0.0015726124848247105,-0.013410291041275058,-0.004319063262020592,0.0019238870590332804,0.02799434491402241,-0.018755444602258167,-0.01977651430698445,-0.011827425493712906
2020-11-09,-0.02016996886860383,-0.0519488297063862,0.0009596305822335001,0.05410271569291196,-0.05118404199203063,-0.024112853269736337,-0.06608735870823017,-0.020418708541599162,0.007283951257223818,0.05145398976768439
2020-11-10,-0.003013442898887907,-0.03519509049367411,-0.013546379022390103,-0.0032559342394192763,-0.02300529751127067,-0.03437671765856471,-0.06522954590758208,-0.026215382510501505,0.01048758217392731,0.021942660227975655
2020-11-11,0.02990107404607128,0.03317322672809136,0.005457948844342158,-0.015045734034114622,0.01475688059262279,0.02591584004461352,0.04949838660814855,0.016363110813065698,-0.005642379250938371,-0.010362878607010977
2020-11-12,-0.0023460685249172453,-0.008678484699991355,-0.0025272425404162732,-0.012360328681896989,-0.005076649140889631,-0.005139111871514517,0.002883816725636142,-0.012957330573612593,0.0076755826508279335,-0.03486593149206831
2020-11-13,0.00041961745096872396,0.005939975842648188,0.016750885254718583,0.006243166453992813,0.006774937393451625,0.004954282679159041,-0.011942429043574192,-0.007948653293047676,0.0035489227766866195,0.023840563117912487
2020-11-16,0.008682575744787643,0.0007187867984453675,0.0009984072328505398,0.02783470753139022,0.007231492594864448,0.003320014319838001,0.016280472294162854,-0.0010042223136041864,0.0032282621211079405,0.05145398976768439
2020-11-17,-0.007593196074412006,0.001468143007621713,-0.0069973788022318255,-0.010196711408340437,-0.014297227361682511,-0.01283326040783154,-0.006905044814522531,0.07893944622909929,-0.01331583088443837,0.013276293371433667
2020-11-18,-0.01145656287522749,-0.009677888280344956,-0.01200360684263774,-0.007434290492312016,-0.01107924772053505,-0.013271497806342824,0.00048412860331335344,0.09709745318946535,-0.02179255202128464,-0.038486791181254046
2020-11-19,0.0051547359261800586,0.003715583547472407,0.010248007254487431,0.0026861436384908403,0.0035600811536633872,0.0063282004803452635,0.0008559614785301266,0.025622441945055478,-0.02204009864763102,0.005093429231805691
2020-11-20,-0.011017964878173683,-0.0056688516272875725,-0.012698564039708956,-0.008603863713201279,-0.011941747816734639,-0.009602544059017388,-0.026577349202061226,-0.019537882465358328,-0.006848325688124144,-0.012375697121852307
2020-11-23,-0.03019394636543376,-0.0003259651773973119,-0.005092326725487027,0.028396285419339053,-0.0047201617253245344,-0.0013317050551832413,0.0039844970574919895,0.06377098448424992,0.0010748465446506533,0.05145398976768439
2020-11-24,0.011527467426326493,0.006328425701275153,0.020817382064906707,0.0452002748275334,0.031138424667904435,0.017690393048702905,-0.013966821997550827,0.0622723727366544,0.0028316233917841066,0.05145398976768439
2020-11-25,0.007439689301243567,0.021263218006347694,0.0001302901523388942,-0.010515623119610866,-0.004814284274049902,4.667960327360738e-05,0.021151824061315914,0.03297682427747412,-0.008428066218627628,-0.028265547033631495
2020-11-26,0.0,0.0,0.0,0.0,0.0,0.0,0.0,0.0,0.0,0.0
2020-11-27,0.004814444598708822,0.003219256968037136,0.012891741910827797,-0.006659888476341289,0.008023205536835713,0.006338899265559083,0.002000200498875059,0.02028074420821668,0.014155470642240731,-0.015309679345872367
2020-11-30,0.02088019514402963,-0.008580433078829422,-0.018422381238531203,-0.027939931588894035,-0.003028061806375162,-0.005403973713796587,0.010520501791040653,-0.03149318478843732,-0.004745957418375831,-0.052616615026090705
2020-12-01,0.030361732127449116,0.0162931356533559,0.02307862989648184,0.01565564673527866,0.03400365001220633,0.009946871923301173,-0.0008586519935190451,0.029784568093447848,0.014317122500669568,0.009656892461689201
2020-12-02,0.0029292728464685182,-0.00515287341781244,0.016358028894139624,0.019026113177563447,0.0033792463272524953,-0.003892552481768727,0.011472527362136426,-0.02763741793314288,0.018497574038431924,0.03672006128377068
2020-12-03,-0.0011381316262593917,-0.005257991204430573,-0.0017166132496997486,-0.006577078415861171,-0.019917062558260038,-0.005260498330606402,-0.010729163154540311,0.04227093212295058,0.003217412115701061,0.0067375280594846945
2020-12-04,-0.005628338373154918,-0.007607189417695092,0.0010533821967068284,0.009032228975312799,-0.007657642477503681,0.0005599125573618436,0.012039086532972627,0.009493325730045684,0.007055543562277573,0.035905423188089015
2020-12-07,0.012195363014726896,-0.001449259101838023,-0.0036972517237573053,-0.0037670667861452226,0.02080464654489598,-0.000326726636530333,0.0035708074618708003,0.068886056292822,-0.005818661744066033,-0.018891155027725592
2020-12-08,0.005077987156462338,0.0060897673194401595,-0.00314181698943888,0.0009839721149034544,-0.007662829625505671,0.00799441894790953,-0.019049690358842717,0.012573321033348567,0.0,0.032237657068360154
2020-12-09,-0.021125328141240938,-0.023272568006966705,-0.01865106872047409,-0.007817575218433192,-0.019525971308997015,-0.01968215332066129,-0.03190814545223332,-0.07241913725041024,-0.009966997448103905,0.013170163856814333
2020-12-10,0.011917512852347208,-0.0008734778193995013,-0.005759400863347517,-0.0064642382807484,-0.002882876724581066,-0.006061835845650727,0.0032044118930412415,0.03668958724599977,-0.01391748311562618,0.027878854202505444
2020-12-11,-0.006757591729646185,0.004802302959357711,0.004036726203536804,-0.005920967506523318,-0.012966158864265888,0.012931543026654805,0.0031554737812751693,-0.027615591895456065,-0.007625175207642676,-0.0047829683244081135
2020-12-14,-0.0051599211227011535,0.012927776593180737,-0.012781287635833968,-0.010594290689362013,0.0023369930615406427,0.004398059492445465,0.022453726348482077,0.04775997018342951,-0.0027924070703531003,-0.036739647879839105
2020-12-15,0.04887619135573392,0.0025782705182143205,0.005021074489199255,0.016930956784951625,0.004947854558404806,-0.0003268215426114679,0.0038808273925218222,-0.010337277993335172,0.010476661692304646,0.019235810488257565
2020-12-16,-0.0005474827141368746,0.023678659082595685,-0.002211626994463526,0.0029046965563943226,0.00043529393331673434,0.023766082060605535,-0.008871189224091162,-0.016688013184044656,-0.0009720925230846867,0.015218007932682447
2020-12-17,0.006939413827963695,-0.001506881775001751,-0.0095375704063303,-0.008321641320072917,-0.004326046486413804,0.0006381923208555306,0.007429404957566373,0.05183107739238726,0.006842932656570912,-0.005046727157960513
2020-12-18,-0.015977863251992935,-0.010696397444651836,-0.008244231730603912,-0.00494225970382018,0.006970594720775405,-0.003789898276969889,-0.005204254884833243,0.05790353852575241,-0.009676132942580306,-0.017399854607549087
2020-12-21,0.01231922605769972,0.001413904523066775,0.004819676589831644,0.03685018866736808,-0.013146628678900747,0.018133729666191284,0.004529302502008161,-0.06715493498509616,-0.006820230280994543,-0.01842297478946646
2020-12-22,0.02806698487413255,0.00010602891458408637,-0.008301624305963007,-0.01533346973269694,-0.021116621692944443,0.006046462249919059,-0.004058588023621642,-0.01475762913420309,-0.0031887129973150064,-0.01706947430440676
2020-12-23,-0.007000647754877284,-0.006649178948489452,0.004645757174205235,0.02756132247940821,0.0038115019082895834,-0.013124652041712911,-0.02046654886724027,0.00876920991536227,0.007671682753047159,0.012769521972212847
2020-12-24,0.0076824955602059364,-0.003957235360226408,0.0034252699363707065,-0.0044073806003522625,-0.002651707919316626,0.007796677715578795,-0.0011923466172635542,0.024149533626973363,0.009434118567376144,-0.004078335134406066
2020-12-25,0.0,0.0,0.0,0.0,0.0,0.0,0.0,0.0,0.0,0.0
2020-12-28,0.03514102653769635,0.034470151618254896,0.022691213461764673,0.00656381361102137,0.035271909599557,0.00987272957156393,-0.007241168968411347,0.0028971067347807124,0.015028337734386464,0.0033596298242937863
2020-12-29,-0.01340415558295318,0.011517048584034767,-0.0091738744026588,-0.002636397801797783,-0.0007946277934004214,-0.0036073845527256486,0.003347280173500221,0.0034595328945027123,0.0040385231450901764,-0.011323515758466508
2020-12-30,-0.008562991775521134,-0.01094170357368153,-0.012312837999546463,0.002795873260714731,-0.01789880953296746,-0.011080439821665396,0.015524295975075385,0.04232058232357712,-0.006817513911912984,0.007963885934172799
2020-12-31,-0.007732573847234931,-0.008840331459923346,0.0093957470348502,0.013548508957792993,0.004733495872510455,0.003332575592473511,-0.006927468285808113,0.015552413007484785,0.016358435788571157,-0.0091763863966833
2021-01-01,0.0,0.0,0.0,0.0,0.0,0.0,0.0,0.0,0.0,0.0
2021-01-04,-0.02502993091052353,-0.02182109847190733,-0.015241498007626806,-0.009488459221493566,-0.01556937598154832,-0.021495492407212925,0.004471019799105144,0.03358173995604568,-0.0033703397428369586,0.006769640064057867
2021-01-05,0.01228798579526599,0.009954646073317086,0.008032179545341944,0.005426591277196373,0.0075199235230253144,0.0009641234070754189,0.021966933269130687,0.007290726849836652,-0.013539274752647478,0.04706741390514319
2021-01-06,-0.034241281024128094,-0.025211776834210834,-0.009916779457508209,0.04588665123193998,-0.02867608338816783,-0.026271147199514018,-0.06076210582031743,0.027994766442436515,0.041109633871887506,0.025197284729429496
2021-01-07,0.03355395555638734,0.007548565530855581,0.029431295537157523,0.03231164475125068,0.02041240041040499,0.028059346064676013,0.056219756494184085,0.07644846869014829,0.015905559998952268,0.007814965830520935
2021-01-08,0.008593952840743206,0.006474509430722278,0.013151858852326535,0.001103296395355073,-0.004363290771719018,0.0060745128649968986,-0.005052436871652284,0.07548123816080572,-0.004502859067097611,0.01105974698220982
2021-01-11,-0.023523102850117113,-0.021754382256951105,-0.023376859541661674,0.014814117382979575,-0.040927784651651485,-0.009746059791020705,0.02563506153924875,-0.08144231364811663,-0.007291645440943998,0.029904796947486226
2021-01-12,-0.0013964161617253466,0.002123540741920703,-0.010796573801940329,0.015596527436199182,-0.022641965274154807,-0.011840381153735252,-0.010090188911053014,0.046075003355075396,-0.009413632557291574,0.02196039680037893
2021-01-13,0.016096252677886586,0.014335165650269394,0.0056363160116793265,0.0009269368582717344,0.0021881749657338126,0.0065388584560756805,0.003479500602064394,0.00583390055163722,-0.006541041851592599,0.011214902976107773
2021-01-14,-0.015242648791468413,-0.01220978211670719,-0.009390271471582324,0.00582543035559539,-0.024132505543895632,-0.015465217360405145,-0.024803013204775574,-0.011074621019438693,-0.012784132406520394,0.0382911061108926
2021-01-15,-0.01382572893996074,-0.007452299659631569,-0.0019082495540980104,-0.018084152359214307,0.023019145039956994,-0.0017385812543563965,-0.026153060459129983,-0.02254816438492551,0.0021940515831517025,-0.0492972736824706
2021-01-18,0.0,0.0,0.0,0.0,0.0,0.0,0.0,0.0,0.0,0.0
2021-01-19,0.005412387307023539,0.005304424924284414,0.03237675524417213,-0.004337421468739938,0.03801712400391656,0.017665959675817373,0.012807021780304415,0.022015499815695144,0.0025305046476400465,0.01964288798760188
2021-01-20,0.03232797269894095,0.044686981065348005,0.05218751798760578,-0.015109089879214771,0.024141560883275116,0.03584943972087706,0.025805672482184037,0.00696170884124915,-0.003840676414769161,0.01402912479886227
2021-01-21,0.03600218873418884,0.01327491862890803,0.0021678072552631035,-0.008419485403929014,0.01995068922814785,0.00280390913401043,0.036852544923100104,-0.006440854103183227,0.011787583999838874,-0.029088659685730062
2021-01-22,0.015946255064000586,-0.004473303364494828,0.004453672031765202,-0.007743470324885294,0.005955670006900137,0.004347067022013872,-0.011240282470955782,0.0019507385857471659,-0.021209037174151197,-0.01423515247321676
2021-01-25,0.027307649812374723,0.0005374909810066927,0.0009083182964425952,-0.01256080540375661,0.012705883767801728,0.01571999996448956,-0.004330207413933301,0.039555086200732226,0.0007479030182653578,-0.011237293740750179
2021-01-26,0.0016778867289514953,0.009706872588035214,0.007190523983417341,-0.004095416617633473,0.014427131866962492,0.012125056345721768,-0.016095608201179418,0.002596544878530684,-0.013605704921525538,-0.02220642572821801
2021-01-27,-0.007713640374932062,-0.028528919404602372,-0.04777546941648164,-0.028679271579984487,-0.03576749077009175,0.0024500458592391014,-0.039279426634865035,-0.021669174678462418,-0.029938439503793452,-0.011401162792393563
2021-01-28,-0.035611747834844734,0.001557905206109897,0.018660052184676545,0.017444518856418664,-0.026586828632019565,0.02556166851758928,0.010262188832889286,-0.033811459334112025,0.015377071519391343,0.015534759636242441
2021-01-29,-0.03813909968704154,-0.009752051571646207,-0.014041520909339363,-0.01112940858909807,-0.02549223005596691,-0.029605609954447137,-0.004704163435549695,-0.051455133708131096,-0.013606932611129165,-0.026844263344599616
2021-02-01,0.016385218077223217,0.041746274050055085,0.035327539115323034,0.007356131076724012,0.014145008843645676,0.03261451162725921,0.01885532459689458,0.05668432585298431,0.0012583644001150297,0.0017827469768622213
2021-02-02,0.0063167670680930104,0.011043015400718599,0.013666755267527326,0.030318353511830362,0.019165388718329106,-0.0005843037281459991,0.02386894963875482,0.03851924269165984,0.0140327748770978,0.015682302756108886
2021-02-03,-0.007808440651360153,-0.020163489626646183,0.056162422486998605,0.011385917611926834,-0.001611350306450344,0.014466238194480818,-0.001938288040527683,-0.020956118951172036,-0.002453483635824033,0.038478576192660825
2021-02-04,0.025431580770135475,0.00556035766663457,-0.002553337062812758,0.022752056393896936,-0.0006000744383216703,-0.004082492036799098,0.009836299341963227,-0.005514295631595512,-0.02569032233470365,0.01900845217660399
2021-02-05,-0.003102753483274717,0.0063293425623789645,0.016995279966533033,-0.0019548210033489633,0.006023299701620235,0.000784845347712798,-0.005374878850842279,0.002631883215661463,-0.014713525512712726,0.03297000389473684
2021-02-08,0.0010961015011256953,-0.008751967758836224,-0.0020655058255109513,0.015533416799281101,-0.005685800135884041,0.0011139290049954188,0.060507709094234856,0.013044842106937113,-0.0005242056847409303,0.04214245448009015
2021-02-09,-0.0065955103725587605,-0.005413479034808956,-0.004389638784350235,-0.004003774020704265,0.010708632279532384,0.005347411859852969,-0.012229098575462933,-0.016300455142510474,0.016178510885625524,-0.011781222286320083
2021-02-10,-0.004568878626477037,-0.005588994815406755,0.00532930227535429,0.000572744304064315,0.008941250838108534,-0.0039047089132126928,0.034522268615868996,-0.053982110546516617,0.011372145995269973,0.009631811469482079
2021-02-11,-0.0019224582959649916,-0.007467083315264711,0.0010875190574670234,-0.0027962212840507913,-0.0054584817947585995,0.006854022858154506,0.032419838970708575,0.008462878423046197,-0.0009900809448665751,-0.02535825252025752
2021-02-12,0.0017747793141278897,0.004764600739063575,0.003002155112529038,0.01411674250388992,0.00040649766174752046,0.0020430633597333736,-0.019165176842334493,0.005479859012751231,-0.014607890643000264,0.013551438003307147
2021-02-15,0.0,0.0,0.0,0.0,0.0,0.0,0.0,0.0,0.0,0.0
2021-02-16,-0.016235185564676756,-0.002676197092374675,0.007451677697028971,0.02378563358953201,0.012746496863394343,-0.0052794832515262995,0.0243644485371882,-0.024685864957400334,-0.01108946446830953,0.029643535490278577
2021-02-17,-0.01780122735507329,0.012068471325383062,0.00374541025046286,0.0031060530769189683,-0.0014610694785329914,0.004350101515013798,-0.028064094430407558,0.0024209343993348833,0.006876505099040837,0.015445014531063738
2021-02-18,-0.008674070607184921,0.005903355134450001,-0.006064906536205343,0.003371282729571307,-0.015397284427646266,-0.0016804009797186147,-0.005179038689989642,-0.01358555824881115,0.0047308361189228754,-0.015829516333085266
2021-02-19,0.0012326177486435392,-0.023816428691007405,-0.008105667626254514,0.016553164578921697,-0.02949644567005919,-0.011634793961482542,0.006553544851038752,-0.007751801260508434,-0.011730982098841228,0.006705708695021236
2021-02-22,-0.030251846018002557,-0.02151030634661799,-0.01667870982829805,0.009346647961961939,-0.004713789171338653,-0.027174239379953703,-0.038987896743308235,-0.08937612559287707,0.009383519835366222,0.03619034171168774
2021-02-23,-0.0011120746528653458,0.004316729031036398,0.0028485063302947783,0.007999432029360097,0.021019959449706395,-0.00530139491420466,-0.015001379199403022,-0.022161184525391956,0.005691405725708188,0.013717625492003633
2021-02-24,-0.004060199009656966,-0.011007327640787778,0.011433773662968442,0.01744214935016141,-0.005847282916000946,0.005472017317761423,0.024930713985858437,0.059954347975619646,0.00816051546588205,0.02953237416495284
2021-02-25,-0.03540200932036336,-0.03293690001850802,-0.033107514932399114,-0.013664913840818867,-0.03707552917231182,-0.023990323175469563,-0.08108337688670236,-0.08402401628244031,-0.010104764675897784,-0.01671759978915112
2021-02-26,0.0022292694059875048,0.011632467716052848,0.002951973309728652,-0.026882549543626535,0.011438575905383918,0.014695298302629141,0.03012615066413735,-0.009898985904473094,0.010134865366751353,-0.025244203888011272
2021-03-01,0.051285233012391296,0.017057488725899683,0.023341889775228837,0.02237477143711529,0.02790436661055815,0.019433319438008637,0.009235509701408608,0.061615106636751404,0.007288038428012486,0.03665682170092475
2021-03-02,-0.02111483201487733,-0.016540301818484742,-0.002505943419280313,-0.0032611162642036903,-0.022562078522187855,-0.013041683694599333,-0.03196826607335297,-0.04554943930628858,-3.008266415513403e-05,-0.0058685352314283915
2021-03-03,-0.024760810278985107,-0.029358478249911932,-0.026042435565642248,0.019147436775183723,-0.013957896011798313,-0.027351383993635504,-0.04590477836051432,-0.04963546753524194,-0.0053030493575323065,0.007993873434325467
2021-03-04,-0.015938052602290344,-0.009170074897274566,0.011133845779155115,-0.01548792445657231,0.008693160359040417,-0.003654034549310407,-0.03452186320526697,-0.04984401019282242,0.002819514692513833,0.03801558967804931
2021-03-05,0.01068109384035812,0.007658083796422065,0.030571225470083722,0.0023221327529506183,0.025445947516126322,0.02125189778163747,0.0073495715859531515,-0.03853223628041701,0.03904106406168482,0.03711553730972453
2021-03-08,-0.042566708917528895,-0.016299583149453855,-0.043650999199623265,0.013165791703621652,-0.034530739005726674,-0.018345305725212133,-0.07222093405803663,-0.06022747806878096,0.008805933186125442,-0.0009851934234025388
2021-03-09,0.03984524738339661,0.036879873274693574,0.016236134173478568,-0.007088235798783972,0.04003999990796861,0.027713751523684296,0.07726936571935177,0.11839534141276628,0.005155649040815638,-0.01556337181300869
2021-03-10,-0.009209131204810152,-0.0017024656850275469,-0.002045749060140519,0.021502280271262948,-0.0031660474580179807,-0.005834237426241765,-0.0041619550556824475,-0.008228833280182691,-0.0067846438721973976,0.030240696335326996
2021-03-11,0.016368049532638665,0.018133028189585527,0.03111400117719687,-0.005235024442808319,0.03333764529582353,0.020062467294442853,0.04126409420619687,0.046130766690605556,0.009961654287059517,-0.007474910572094041
2021-03-12,-0.007654814789993194,-0.0077703841773409145,-0.024354603433662973,0.01178856419746042,-0.020211594259325432,-0.0058365443191571885,-0.010638877631554555,-0.008425900400429927,0.011781986003662493,0.010707505202005247
2021-03-15,0.024162454272111705,-0.002531144890792291,0.002163418988962477,-0.005007953449467971,0.019736793888891786,-0.003995461760260422,0.025743169634519718,0.02027649657712341,-0.006029300442907453,-0.025826835729784774
2021-03-16,0.01266259770739623,0.0032979661178309406,0.014233097188180617,-0.012043298920795201,0.01999962451457472,0.01227501059636695,0.007552177529804736,-0.04486533694757771,0.0020327626684507084,-0.021423446280971783
2021-03-17,-0.006471399141264483,0.014089129048404545,-0.0008018314999095102,0.010239769689269484,0.01679443237985646,-0.0028227173184210935,0.0037548076246388977,0.03616869761350537,-0.006847801653242186,0.004388755375620987
2021-03-18,-0.034493351235839305,-0.03496292546552067,-0.02967379472061574,0.016371887597674148,-0.019160380793896013,-0.027023866802606843,-0.04748859863446899,-0.07184055905976201,0.027639642355784123,-0.04407651383757172
2021-03-19,-0.004490418701517495,0.015392830040768038,0.002776360766468801,-0.01604977943760156,0.04041101303578184,-0.0016049333376665276,0.009640862646102264,0.002614584056873359,0.009702556127339682,-0.005648517619918816
2021-03-22,0.027941763970837738,0.011610547696605156,0.0018385732828445193,-0.02724645575638767,0.011754088962382827,0.024189414160158903,0.026161538997041003,0.02284097771296026,0.003495363181675399,-0.010320547488150691
2021-03-23,-0.006912491884459514,0.008523856571831514,0.005225887132005526,-0.010052027227251577,-0.00996306089253343,0.006714966447130188,-0.008797535268341195,-0.011770465503008509,0.004460669804137694,-0.012418068077096198
2021-03-24,-0.020195994493973326,-0.016203881085462144,-0.004320098273442024,0.007730818516642786,-0.029647408822242975,-0.00896325604535074,-0.03327328791303588,-0.04935894253519092,0.005682334725588856,0.020079452216357787
2021-03-25,0.0041548341110940815,-0.013307791454017294,-3.4613121307602454e-05,0.012732478787393352,-0.012124023195765544,-0.013339275190420847,-0.00855904123618817,0.015929083234572167,0.001321124814366547,-0.0028440799678572906
2021-03-26,0.005128181447718608,0.0018923206745425616,-0.0038105185452100513,0.01651307751953039,0.015237880677745142,0.017661744533441714,0.023962096038169064,-0.034440713289359076,0.014420552554896805,0.026869818116025734
2021-03-29,0.0014839706101157485,0.007735312514846097,0.010347685100078384,-0.015661258589409078,0.027187013423192578,-0.00525731818445238,0.008453706900102645,-0.012065159218404247,0.006829321994328823,-0.00538618608078316
2021-03-30,-0.012350467697127226,-0.006667777807782873,0.00033231371186389285,0.011720466673652227,-0.009744001369867415,-0.01451581039357,-0.00592541624005676,0.039029424523405194,-0.014615432852933548,-0.012446512626332673
2021-03-31,0.018591827612954,0.012616087083554913,0.007812195234500099,-0.014672202525729242,0.022420452496626032,0.01676626801378724,0.036350293352078365,0.04958242699342897,-0.003996967328717955,-0.01528655578103882
2021-04-01,0.006934676516918104,0.021397878158709596,0.03209001706610569,0.009675305674411147,0.01392485814246692,0.027526036557654412,0.03413426873925775,-0.00929552576717066,-0.013529368893169082,0.027558828687762854
2021-04-02,0.0,0.0,0.0,0.0,0.0,0.0,0.0,0.0,0.0,0.0
2021-04-05,0.02330348821643226,0.020580800847156144,0.041019993774436915,0.005286426331704654,0.033744151414971474,0.02735124204725184,0.012644469535617354,0.043324388497766333,0.008436702287366548,-0.015629380561744986
2021-04-06,0.0024592282121770137,-0.0009022971624071701,-0.004380847792808291,-0.007055291090452405,-0.008615529310764015,-0.004870023347452716,-0.009048999405905143,0.0008244361718844317,-0.015819465488423504,-0.0028359317860318428
2021-04-07,0.013301533869076643,0.01709045911872312,0.01338505709963141,0.01554673615376272,0.0220563551736883,0.008196731251123923,0.020140036059130215,-0.03031223705748461,0.0034796064991401083,0.004427580234636276
2021-04-08,0.01905112928360006,0.006052887214350471,0.0050786147485408235,0.0012255384691888368,-0.00022381997257927934,0.013316319376625784,0.012192535650240728,0.018941076007001657,-0.0020535218989365975,-0.010480616447221626
2021-04-09,0.02004906497109619,0.021855051421528913,0.008953563943890058,0.007450400958005491,-0.0017906905537133585,0.010214289261610675,0.0057808341901158305,-0.009964638245883383,0.030790996951847508,-0.0023241576517302022
2021-04-12,-0.01332136119713983,0.002129852126864464,-0.011538648041479449,-0.0021140104797041192,-0.0029485102050516,0.00023454797027662873,0.054658871475138524,0.03620406408291566,-5.3317257600388304e-05,-0.006644533283237382
2021-04-13,0.024016036986160134,0.006080225513606812,0.004360808122673589,-0.011998781951377269,-0.005729907454693787,0.01003109764200698,0.030466844099330773,0.0824615371588125,-0.004741746395969571,0.003776743968267367
2021-04-14,-0.018014418687860214,-0.019902668921269934,-0.005568926729594012,-0.01886686652442421,-0.0226592047140779,-0.011282448496981295,-0.02600577920977783,-0.04027179907894094,0.0030127273042769337,0.028489928978598533
2021-04-15,0.018535220449787004,0.013733669660684043,0.01914720770058035,0.0063287032799506406,0.016376550897771257,0.015182063582349359,0.05478229666649842,0.009000306677510112,0.03756788147484827,-0.005949320004012698
2021-04-16,-0.002531568755526921,0.006004280530908502,-0.0010944364593569002,0.007398719159131327,-0.005341960915543121,0.004766933744668393,-0.014025696866739221,0.001257911412789418,0.0025608265627925972,-0.005632028273209651
2021-04-19,0.005055930817413636,-0.008101740463144907,0.003066020707922769,-0.004249324105493613,-0.012951654334693065,-0.007699826778455356,-0.03522438816312015,-0.034587909254449344,-0.0029967179312973004,-0.003181645636018681
2021-04-20,-0.012912999605220913,-0.011129268476364956,-0.004705804145607781,-0.022391158765731285,0.0013553205727795611,-0.0018567498399711248,-0.012478491621192765,0.006082481415169929,0.017015447441902587,-0.02129465676181735
2021-04-21,0.002925685356040867,0.008162267510845943,-0.0002896171072011039,0.008472255432065803,-0.0039064482550955505,0.008943053767282739,0.012397235936677303,0.03435484924604316,0.005733154863175595,0.01275966866316017
2021-04-22,-0.011753977142187167,-0.015883879438343667,-0.011401931169559744,-0.021282538926986245,-0.016555880267126958,-0.013172582955913767,-0.03378254537160379,-0.03338171795091616,-0.00570802593829758,-0.013121396697185643
2021-04-23,0.0178775266222204,0.009576191314045886,0.02082901129000958,0.018954789384727038,0.015427552696431718,0.015357659649910952,0.027562319244528347,0.01340170287553078,0.009462222640569506,0.0054129827401546374
2021-04-26,0.002973280742621579,0.020184691912166108,0.004338534595084268,0.002460484770158056,0.006322840738711487,0.0015305198339300476,0.013840739831143293,0.011992516455123612,-0.011178680323911188,0.0019777927122969275
2021-04-27,-0.0024520525884693762,0.0024698649221989518,-0.008237536343757713,0.004572576531867801,0.0017475320195842908,0.001604346202417671,-0.0062381351000186085,-0.046385859854230695,-0.003441440372493091,0.013025485867630865
2021-04-28,-0.00604592234575114,0.011946146532530181,0.02927517182490648,0.006458428038451312,0.011560986758024772,-0.02869330796524842,-0.006849687847926418,-0.014780794025162398,0.00022823330865463096,0.029691143091304273
2021-04-29,-0.0007487426382694964,0.003697092085053035,0.014192749648921517,0.019257724459300855,0.07043323186987983,-0.008085770682398461,0.0031371872131559196,-0.02537683713134589,0.017484728385715517,0.014182347518310245
2021-04-30,-0.015249032280939705,-0.0011212645540177846,-0.01654386990146488,-0.008932175729959843,-0.013535625491171394,-0.0013079591619870306,-0.020785982263508404,0.04680461290993818,-0.006872023595365838,-0.029267089654186916
2021-05-03,0.008181940042128901,-0.02361686640013657,-0.004437389614976781,-0.002929848451859089,-0.00771986575842864,-0.0012694920657846437,-0.011575946222664118,-0.035203052789871174,0.01764672015087103,0.027229025050182147
2021-05-04,-0.03602697364281975,-0.022280927908247625,-0.015592019298417848,0.013728573171567183,-0.013168329088942396,-0.01629185052231126,-0.03327032087068301,-0.016636360929421883,0.013313417472717476,0.006270823406164789
2021-05-05,0.0019537211541339698,-0.012557955081461925,0.003436027728910945,0.013035550815798755,-0.010546846163233129,-0.0053414784329159845,0.007445401027609391,-0.003956776807325818,0.002815907779931653,0.02962914926351958
2021-05-06,0.012721208114821149,0.010895826077640012,0.009707502042099563,0.019924738420502373,0.015747294199775268,0.013140353277321465,0.004451282656620504,-0.011090612633393284,0.0059698432224471526,0.009467768237281661
2021-05-07,0.00531320717186933,-0.004474051509126132,0.006218481104861126,0.003416795024446418,-0.0029413705636259758,0.010872426244628733,0.019720753693270598,0.013219694470214068,0.006437732302736821,0.01419617066777262
2021-05-10,-0.02614326938421399,-0.031202294199865952,-0.025920603830182146,-0.00012394273171300455,-0.041954807281865465,-0.02113620322441397,-0.03759300887221306,-0.0666139869184463,0.007727678136329702,0.0023999263188778
2021-05-11,-0.00743780070806898,0.010420336143649124,-0.009509441289679494,-0.016762988547589043,0.001828537610441249,-0.003850738753581095,0.002835062865326355,-0.019001672485714396,-0.022076211316610264,-0.0323160180988402
2021-05-12,-0.025254688484362325,-0.022576744303825176,-0.03123529747195643,-0.006899214528092571,-0.0130690408464244,-0.02980237791812823,-0.03903958210394778,-0.04525703659502106,-0.015495021508065414,0.005344120835778185
2021-05-13,0.01776096419375266,0.0030189822880309276,0.01300016202542559,0.025397297231155042,0.008917192211571182,0.016721428650407568,-0.006800676341906528,-0.03133918628539079,0.007838661265065583,-0.012401709492016827
2021-05-14,0.01965039383697671,0.019244482527551766,0.02189362410710708,0.01542224949659299,0.03438837552767142,0.02084838383284896,0.04140942423651056,0.031084853734470938,0.003030318969100644,0.02448704903174494
2021-05-17,-0.009301723439460872,0.01462764646007257,0.004615438025214981,0.004016100468604804,-0.0015202633812050237,-0.012040840707539835,-0.005456196328646139,-0.02213414578006038,-0.002859035511787319,0.02309793085335733
2021-05-18,-0.011309454799279669,-0.011721487581113643,-0.0116229419803334,-0.014188923037644501,-0.017588819204482055,-0.008601991600834028,-0.010627723680372016,0.0018013224952045325,0.004273475533192015,-0.02870871094311891
2021-05-19,-0.001282420729338512,-0.00014852585753418506,0.003983210317101131,-0.007666966612613867,0.011643205305971389,0.0024707837336195486,0.003560787448329621,-0.025252562795766022,-0.0021467031916715673,-0.02428710397280088
2021-05-20,0.020794449948181006,0.004901676923524499,0.01548595607837982,-0.0017396219583990364,0.015881442467358724,0.01372582896206958,0.038134647823339814,0.040553601408475165,-0.0021023056709548703,-0.002376662905443434
2021-05-21,-0.014877109046889903,-0.013828021471269424,-0.005572705824856775,0.011314180558464363,-0.007497895353849971,-0.005329005067342064,0.025622990351542,-0.010105809239520404,0.007290360351158572,0.0013586401612690911
2021-05-24,0.013226301695412512,0.0129993563234214,0.028748496404751807,0.005395552606996966,0.02621616856321796,0.022624394684808397,0.040539739179578003,0.04306162202970284,-0.0016534005603605628,0.011643000461925276
2021-05-25,-0.0015748320578226373,0.004323491452926749,0.0007747378380401907,-0.010387552765929245,0.009687229124566153,0.003741234274128576,0.002287237284108948,-0.002889839951081735,0.005097102540978599,-0.022907750213457086
2021-05-26,-0.0003940804091003373,0.0018730010825371592,0.007353800731213925,-0.00012358302672711762,-0.0003968846905756729,-0.00091408218917025,0.0033337748983825162,0.023599290742317446,0.0003872883828022808,0.011604257687679097
2021-05-27,-0.012454153257343283,-0.010792589148289969,-0.0074341338825432,0.015451676899311428,0.015415139891111884,-0.008706162324768963,-0.013595420400090418,0.018752900206065234,-0.0012349087916326575,-0.006468017173903408
2021-05-28,-0.005362184648696606,-0.002181807353604432,-0.0024706076812370695,-0.0006695502211913966,-0.012154743384330511,0.0014829301052143866,0.04768896109868602,-0.008964584890580543,-0.001892039815363223,-0.003249882569960668
2021-05-31,0.0,0.0,0.0,0.0,0.0,0.0,0.0,0.0,0.0,0.0
2021-06-01,-0.002652046980439924,-0.0013723560569097765,0.010270075219308243,0.01096044204833219,0.001216054936995685,-0.00917351762495087,0.0012302848024855163,-0.002113500469111133,-0.012704000084244417,0.035179940372547985
2021-06-02,0.006256733359403092,0.004754641593085972,-0.004457058973569806,5.9908850586952905e-05,6.079668160500751e-05,-0.00040431957841283243,0.031098702557157746,-0.030563287475861584,-0.0021413247404089048,0.007907911723836984
2021-06-03,-0.012228614352978413,-0.014633490299348802,-0.009753993801583757,0.0006624238074039995,-0.009493655501811107,-0.006450160086727,0.011348925647110993,-0.05482031154624073,0.0051853321813540645,0.003930478301095714
2021-06-04,0.01884343820284054,0.0060095641643640885,0.019400967034180365,0.0016233694251217253,0.013132565440502104,0.020463828789100625,0.03522991675658644,0.04473860632554917,-0.005703039181145495,0.004403437681716172
2021-06-07,7.95166457699781e-05,-0.0025639767739557943,0.003640568144337173,-0.004697444351531648,0.018683209092032613,0.011970149345704995,0.002315608410071857,0.010098272085864791,-0.013376613019318329,-0.006530666556865743
2021-06-08,0.00664982414343859,0.02045844509486988,-0.0016080503188095003,-0.003991736128963097,-0.00865332323294248,-0.004897680363521077,-0.009236986791700498,-0.0025481655598922595,0.0037158289513667757,0.017535824436814784
2021-06-09,0.0030722903455687295,0.005206770515708458,0.003953085253972799,-0.012563546571199765,-0.010332428900614978,0.004030503804729437,-0.005443759095959927,-0.008000903407653626,-0.0015943447964300523,0.008334924727777141
2021-06-10,-0.008055647866491657,0.020661910893956897,0.011228520861819408,-0.015711443233523453,0.006669526945497629,0.014290673818074091,0.003838103331890692,0.018761400839628444,0.0009717366410323456,0.0015948125297128115
2021-06-11,0.009784738882313397,-0.0008421810689315857,-0.0020265042004172693,-0.0006858271538667521,-0.00361586578991883,0.0025237258032171266,0.0227100386074321,-0.00037708912038201647,-0.009006857062478125,-0.009286196385595169
2021-06-14,0.024280506080011557,0.011006334685231454,0.0076695234605358145,-0.017114682407553455,0.016496550292757196,0.007725181361625238,0.010796567310424667,0.012708130416930218,0.003186683812803031,-0.0016097032300533005
2021-06-15,-0.006458361342042295,-0.00021872359760794925,-0.008414610990190561,-0.015284476916494913,-5.932959479402954e-05,-0.005904450233730094,-0.012860466786689527,-0.03012429716067012,0.0028018038098912654,0.03576333812205778
2021-06-16,0.003926074946214302,0.009449397061352359,-0.005342930782335617,0.006999562020444029,-0.01698094387641494,-0.0038002583986099267,0.001221957709993211,0.009151155788618984,-0.007598355860877077,-0.0035818687553270333
2021-06-17,0.012522367783720408,0.02143330072900694,0.008007806995895686,-0.029284820858577514,0.01626789067957029,0.013583519743901956,0.046460445073556386,0.0192069740346885,0.00025156291694681095,-0.03347111497280372
2021-06-18,-0.010142818199686625,-0.000670883305820527,-0.013499970522858033,-0.025628678551101135,-0.02056606158217361,-0.00565026375043192,-0.000991663824533413,0.010823457790850165,-0.01663147790247139,-0.025984040163117384
2021-06-21,0.014005322019969015,-0.009491708765252797,0.014066608327121899,0.016826028333399034,0.007946388279465538,0.0122592201327247,-0.011412645010877904,-0.003986737073227676,0.022098022753987576,0.03561626752281185
2021-06-22,0.012618151648035016,0.014794678093753032,0.004243260814777244,-0.001463131516941448,0.02008053963847014,0.010906385578284094,0.02463048925534561,0.004628256702323586,0.0015559910161254346,0.018991080509399048
2021-06-23,-0.0020918433544730663,-0.00046229652298874693,-0.0016648036432347045,0.006039535639988291,0.004590619364322635,-0.0009045258057271028,0.008986788511250884,0.051343820984031875,-0.007881595003262881,0.0073409087232772
2021-06-24,-0.0021717909887810955,-0.015746270765313524,0.003049596609333315,0.009156026879030051,0.007575744350350788,0.005339091342162647,0.007749012329181044,0.03479874196476401,0.008333069823081608,0.004037858102758534
2021-06-25,-0.0022509573308380736,-0.013902758645549816,6.930242711756969e-05,0.010047171301276026,-0.005287997590185012,-0.006282291533769666,-0.009127277686017708,-0.011763228305736152,0.015128098511137292,0.002167376860213291
2021-06-28,0.012468100686787534,0.012396928694551673,0.00022458728255064496,0.0018160033189583236,0.04095197137857678,0.013865228483109431,0.048912789670389145,0.02476994196174637,-0.008655717646659915,-0.025849156042101314
2021-06-29,0.011434472700351207,0.0012332733462509843,-0.002152772135375641,-0.0012320410678128143,-0.010600415911236727,0.009923697922888273,0.0020868326928265386,-0.011624991064809973,-0.008404860090852482,-0.006208627432786812
2021-06-30,0.0046106959202646056,-0.0023169853895690052,-0.0014978188171922739,0.009041511343995386,-0.011949748384534248,-0.0018440368464528985,-0.001211598829246937,-0.0015582931945795787,0.00586098499884072,0.00731898168831571
2021-07-01,0.002260623797940793,-0.002092189192267082,0.0029035096106601447,0.009852520075459994,0.019029047179476344,0.0025807473375715115,0.010419151997050772,-0.00262225819371756,0.01105157511928566,0.0028493929840117923
2021-07-02,0.019407013124627944,0.02246941064938596,0.022713698179249498,-0.0009612898284469401,0.0008743903703482926,0.022030538085579605,0.013513843730034947,0.001444593124038416,0.010979197109634414,-0.0014236453244972803
2021-07-05,0.0,0.0,0.0,0.0,0.0,0.0,0.0,0.0,0.0,0.0
2021-07-06,0.01461105220045064,0.04585930904650017,0.0074171278484955385,-0.016933889280181448,-0.005427652003243807,3.6534338875464215e-05,0.010270726021550021,-0.028870583198134143,0.0021962927623712016,-0.028908562788050686
2021-07-07,0.017795991456573557,0.0056535525885647525,0.002248090119747818,0.001172605993188879,-0.006512501664228358,0.008142173456350724,-0.015911854999129327,-0.02289574720602526,0.0034067434487369094,-0.015766265998595104
2021-07-08,-0.009242036033346357,0.009378115281815287,-0.01137110484647187,-0.017404666605315568,-0.01390560577226669,-0.009007101273794126,-0.02329127091950268,0.01257859403128338,-0.0041625770060502165,-0.0044795679653655595
2021-07-09,0.012970300588268759,-0.0032399471675578434,0.00378748105863312,0.03149861732626584,0.013706022910325572,0.0018727033643190943,0.007383335180278001,0.006321812249024031,0.005255028900537498,0.01796213296160144
2021-07-12,-0.004212501178792034,-0.00021237069203446337,0.01154097220078599,0.014214413747018984,0.007788537370332913,-0.00223337775366374,0.02279323835761899,0.042832279170544656,0.009490969362994657,-0.0009805205035007748
2021-07-13,0.007858237235368692,-0.011138754050319735,0.0028782567150667624,-0.014985351969886354,-0.003034252689355444,0.013111615262391631,-0.012879925849277534,-0.02534398967789286,0.005991275102719144,-0.004752067825075847
2021-07-14,0.02381463572376182,0.0011740849089997769,0.007007700772737643,-0.003410822633940788,-0.012748034034690301,0.005430068802629113,-0.020378958293593243,-0.02293732311171139,-0.009120834241655981,-0.02242417371510514
2021-07-15,-0.00450208441982695,-0.013806009042966375,-0.009653634314741507,0.002189676638305171,-0.009160871410984385,-0.005252177580378884,-0.04511459119872151,-0.004263873629526309,0.01272190627281779,-0.009791034634043506
2021-07-16,-0.01417576096454988,-0.015981254351190455,-0.00027560561659521613,-0.02310041309046126,-0.009626481482969539,-0.0009969158249578576,-0.04338478901426483,-0.009854715165981626,-0.0008334629158662871,-0.028039868033628585
2021-07-19,-0.027283611300360493,-0.006749758546577603,-0.019018776740946597,-0.03305985785968235,-0.01241699068443979,-0.01341086583092615,0.033503036457558075,0.003099673103658058,-0.02567824103392751,-0.03497300115868664
2021-07-20,0.025642758896351262,0.006626609097477396,0.013011232772822144,0.018471664864340535,0.013881652305217828,0.008304429620168996,-0.008972919221174876,0.021857165705963834,0.009513074742169118,0.010960483049455719
2021-07-21,-0.005145247712034516,0.0033554749445127334,0.010557270281277186,0.020822658989996027,0.013287187932764845,0.007419013073118735,0.041982197702972374,-0.007919294852611359,0.004035705066985678,0.03165937406293029
2021-07-22,0.009582565162102832,0.014628121323517897,0.006817207912533629,-0.012706691484808349,0.014224054293244005,0.016703901226285574,0.009434854876920088,-0.00924460786068585,0.002721249065574518,-0.011317265576955232
2021-07-23,0.011917890444360433,0.005102345801164877,0.035144291328370006,-0.0019229798158434453,0.05160779353130689,0.012261021772936939,-0.001839054636379187,-0.009097683584931696,0.004631545116698581,-0.001226416164988205
2021-07-26,0.002890380083598455,0.011739458318775493,0.0076389185890633395,0.0066823860664303476,0.007194543292052733,-0.002142622355668361,-0.01359015141889124,0.02189168871378688,-0.010009442994800439,0.024931966766901903
2021-07-27,-0.015012497493613408,-0.02004647134574264,-0.016056949810866576,-0.0013197105900708173,-0.012563165822384032,-0.008721451253140885,-0.00446747216265621,-0.019718078031379437,0.003765492418759921,-0.011176988743188595
2021-07-28,-0.012271300053151423,0.0010831503488784933,0.03130174377694899,0.0016491953017688473,0.014762253907850019,-0.0011169357484143198,0.01524145888406569,0.0034062276545409947,-0.014388809569717352,0.006721236013296132
2021-07-29,0.004542271633362083,-0.00840919910387896,-0.002328212241131173,0.008533239101968697,-0.040902371253597455,0.0009775395998727918,0.0081197883771611,0.04587275846182932,0.0070867320899439075,0.012121262811209902
2021-07-30,0.00150966024161383,-0.057588983573757455,-0.007770724826787761,-0.008006061404896783,-0.005653442288481355,-0.0055654991887114265,-0.008324815467414896,0.014437208664382839,0.00033974699401538404,-0.023348764351389672
2021-08-02,-0.002333867529134307,0.0011683541547145397,0.0009496357464656864,-0.004026967307250203,-0.01228395671886469,-0.0003155751545195345,0.012790437134268003,0.03217472594711166,0.008093836615631275,0.00017374903723283677
2021-08-03,0.012565073278794183,0.010379692962522098,0.005734116915356189,0.01131372915811901,-0.002019216111294031,0.00804274591465196,0.0032855173914030167,9.862134908657855e-05,0.015117296723969527,0.010709887682694617
2021-08-04,-0.002786355255584545,-0.003428109147843768,-0.0037265780515401675,-0.010850559327651514,0.021629811439843355,-0.0021269317006288244,0.022900176551848277,0.001661168327351945,-0.0008537535474619139,-0.023644636965116428
2021-08-05,0.0007481731284615807,0.006320347457217287,0.008298246373884715,0.012549724607553657,0.011220566002580333,0.010451215448593629,0.017746254627599854,0.005205072568156722,-0.024859401613077262,0.0063133750676696385
2021-08-06,-0.004778286335907087,-0.009239891315900388,-0.0037719221925775308,0.0280077518768084,0.0014867320277628983,-0.00020760810167965777,-0.013218897857732122,-0.021971130346089583,0.00951258735924695,0.011472387753048542
2021-08-09,-0.0003421050103182907,-0.0009181548153357011,0.00861527696360536,-0.0010799482924940156,-0.005240759468920419,-0.003911516935790445,-0.003492186899819759,0.02075293960905606,-0.01029119868868898,-0.011472387753048485
2021-08-10,-0.003359760461375162,-0.006361004973165342,-0.0007744288384125306,0.01219260525891302,-0.0013281322035418252,-0.006576516021040138,-0.017847062798101113,-0.005295892009324611,0.0022126644529890105,0.016987751595417582
2021-08-11,0.0017842253193433536,-0.008640868502137664,-0.0038670458031985076,0.011859588827994223,-0.0032451056179668186,0.001779100371161402,-0.01195965990499037,-0.003061037245157465,-0.009859556473683402,0.002917576060277293
2021-08-12,0.02056046901984147,0.0034538388189029033,0.006691909295501822,0.003901375064980289,0.007445301615471215,0.009917617100908577,0.010403368858701119,0.020181504916966016,-0.004375006338624393,-0.0022640623572270898
2021-08-13,0.0014094244292423338,-0.0028889970825907705,0.003880983634979124,-0.011250477521573104,0.001460324546517418,0.010434787311091029,0.014117308665405712,-0.0070584091033222005,0.009097385899389772,-0.01016488376549949
2021-08-16,0.01345672707522538,0.0015227871766333222,0.0042169758487842915,-0.006584969578939272,0.009263833272461913,0.005958312378894735,-0.011859183161331993,-0.04418754471286682,0.01823754296869584,-0.014728410796733494
2021-08-17,-0.006172996802625599,-0.017438191452478862,-0.011986967260592944,-0.012154310163126165,-0.02237311138392723,-0.005173440448505968,-0.024970888169021786,-0.03027123516946714,0.010894100798036698,-0.006816032657758213
2021-08-18,-0.0258315977388258,-0.012646113476257194,-0.008911654484246447,-0.009149426260371475,-0.008404651965830935,-0.006137767508529155,-0.021716469526295787,0.03437259258571844,-0.010630457537297735,-0.0212831391714764
2021-08-19,0.00232021722175957,-0.004216696494284563,0.00170367319925051,-0.00839102478555719,-0.0009288918417137335,0.020562473636624678,0.039039048837962755,-0.022783267048393844,0.025013001118569377,-0.03099601441292
2021-08-20,0.010105464448827057,0.0038198497898503034,0.01281194411185588,0.002848018185378957,0.011896850505928265,0.025253755841096213,0.050140956917414735,0.010031571629142592,0.004244442013586368,0.00018986471061706978
2021-08-23,0.010205261885279739,0.02039103748353467,0.018827916446514114,0.01271609675904641,0.011013943630750818,0.0009524500144412584,0.05340961121855998,0.03756503320848795,-0.010174903999423496,0.04032132475624876
2021-08-24,-0.0006015586188777074,0.012146253464241655,0.00867384541364738,0.00617103642067694,0.005927187765625524,-0.006685650202118809,-0.007542691609535265,0.0030958501857263057,-0.004594844470844782,0.008161641602663068
2021-08-25,-0.008457089743090913,-0.0019985098458953207,0.005770372889226196,0.020403267180331905,0.007848493576339707,-0.002017595056401321,0.019088805236481356,0.0038177489873267093,-0.008705456018145713,0.001804868384285044
2021-08-26,-0.005542302129165065,0.005085305152845157,-0.004503895046581863,0.005144436993354623,-0.010944809884454352,-0.009715910589323234,-0.006548959409562445,-0.014217568331421088,-0.006909077179244294,-0.013615600252612927
2021-08-27,0.007158630063515828,0.010090674197310714,0.01796184209759211,0.008005159720286087,0.02238879661275756,0.002104517994205587,0.025412785246309185,0.015229452832627683,0.004571599385917477,0.019189480505170643
2021-08-30,0.02996366814289289,0.021249618004886027,0.004064635125886317,-0.016137106719208438,0.0213203313935903,0.012828958885036964,0.00229425376593164,0.026324794631827943,-0.0010991469265997315,-0.010997796298588382
2021-08-31,-0.008460105997752938,0.014282714711431693,0.0007395643569940547,-0.0030588396932734424,-0.003368172473578084,-0.005648425598108122,-0.013268290884774998,0.0065592749200010505,-0.0048648807389122745,-0.01167055662549652
2021-09-01,0.00446855021643514,0.0023626160329893353,0.0035734609458728905,-0.0014387939853487755,0.007013153255378927,-0.00016560278742607144,0.0024984588140090523,-0.002217981262751364,0.0025911139187437615,-0.013851985887029156
2021-09-02,0.007447137410705467,-0.004574927931495782,-0.013369199489927605,0.0046224353083184145,-0.017879139737719523,-0.0022553464005168012,-0.002007204842497112,-0.00231847373209337,0.015124152599801695,0.024071067777982545
2021-09-03,0.00422156362081987,0.004301820154126882,0.0031529795977012836,-0.006063410827053817,0.0026080538995663758,-3.330403421766639e-05,0.019762429175313373,0.0016098361025145228,-0.0020083919679928556,-0.0038200209226938214
2021-09-06,0.0,0.0,0.0,0.0,0.0,0.0,0.0,0.0,0.0,0.0
2021-09-07,0.015370455247894876,0.008941925919554996,0.0037569708306474095,-0.0017571138204039098,0.01561123652931554,-0.0031933754124038216,-0.007955489969079165,0.026035942688487673,-0.0038381420713041255,-0.005849095162667331
2021-09-08,-0.01013491551594724,0.004608538783881409,-0.0040942766961925585,-0.004469724512355187,-0.012135681305693154,0.00010033403630191103,-0.01435522460434172,0.0012609548743898497,-0.013984837291603023,-0.00920821583120117
2021-09-09,-0.006727384033685972,-0.011795296134862758,-0.0010444521188628577,0.004343834353904695,0.0011381662086550445,-0.009908872258614095,-0.00727850246628413,0.001312369553312357,-0.002024388970230101,0.0007399559713453019
2021-09-10,-0.03366200132401762,-0.004317307606338972,-0.018740596900062856,-0.011562309069151665,0.0018238062561496808,-0.005194011070848476,0.013481641525406426,-0.024935356375548032,-0.022497409923128514,-0.0020358423140423364
2021-09-13,0.0038858738388521793,-0.0034592661286029646,0.01028588218803422,0.01576231801817831,-0.005773288633814929,0.004319153179447128,-0.014609198159107077,0.009099139444443169,0.02592902831471574,0.025424667787680284
2021-09-14,-0.009608219747615509,-0.0020761346389200496,0.0014880898033609834,-0.017606758929289205,5.2982709906278946e-05,0.009383959527816283,0.004054644207386715,0.002003341828722264,-0.004788078473330266,-0.014370571122623901
2021-09-15,0.006124755335357826,0.007447589064120205,0.013137420614944766,0.006915609387784965,-0.006955692227821796,0.01663900209616789,0.004440927911426997,0.015117058319369686,0.011999208694813851,0.033155938948200084
2021-09-16,-0.0016116607337786258,0.003575505609499879,-0.005690130773280191,-0.00044268150226787405,-0.0023027573890010635,0.0013112837297020866,-0.004440927911427051,0.0015335851645735571,-0.0016298874007597483,-0.010691339283692031
2021-09-17,-0.01851806401477246,-0.007400637151307249,-0.019761002698413535,-0.002596932533370933,-0.02260914984770202,-0.01768363774571493,-0.0154960198908875,0.0032970919669145526,0.007933143413357288,-0.011894003335761773
2021-09-20,-0.021592704947245158,-0.03132736193754281,-0.014886507288280863,-0.030390910065169606,-0.025042218858857084,-0.018749280594217127,-0.036597591658300475,-0.03936976129858423,-0.017914567497640487,-0.027011483198127458
2021-09-21,0.0034220671142636983,-0.0036122637458179565,0.002257300519232451,0.00013033901784780257,0.004991797485681534,0.0016969909885662183,0.006279569383283507,0.012534643183807646,-0.0008728797649363472,-0.0009314413439583747
2021-09-22,0.016731643280729742,0.010833453848678572,0.008954229478432153,0.018971826629884912,-0.040737275659042005,0.01274111766790544,0.032188200960183315,0.01684451236014587,-0.008866809754775147,0.028848792387354338
2021-09-23,0.006696704291967336,0.010579777062858911,0.006625019043047309,0.033243066417339075,0.007980785797554093,0.0032767859263810556,0.024358050893015952,0.002258262820491851,-0.0016404366923908383,0.03330987206776955
2021-09-24,0.0006127729614709055,0.0027829969154169873,0.007049362194026094,0.011473638817672813,0.020031727599109397,-0.000701212057189183,-0.01799741673540022,0.027160841972020323,-0.002331137159277095,0.008894781371538693
2021-09-27,-0.01060595875818172,-0.005773469524888403,-0.008069571121030607,0.023878498221225525,0.0017548310819784471,-0.017455508239512918,-0.01925025214515829,0.021677401377557137,-0.004456369199103415,0.029260665630983767
2021-09-28,-0.024088986498516672,-0.026732621677354657,-0.0378662713827502,-0.0054046063744718174,-0.03725403641510949,-0.03687534230749622,-0.045381985118247654,-0.017592195347548873,-0.016544846229348268,0.010401018258137698
2021-09-29,0.006461740897100058,-0.004485396155336227,-0.010929785405489301,-0.0007829764638897818,-0.003057922983272014,0.0016917248175890088,-0.008831275550744786,0.0048111864344248965,0.004480548743874048,-0.0006679368445992694
2021-09-30,-0.009355343236901221,-0.004882981617736262,-0.005055265170933123,-0.01371210032075974,-0.0006477211853499699,-0.007350816322300096,0.009652535499418493,-0.0074897880450971975,-0.024446676013721146,-0.017860531667740164
2021-10-01,0.008094294522593231,-0.0005420246980202862,0.02122070309866704,0.020797445412844895,0.01060966142707418,0.025149172136991367,0.0012541987895510521,-0.00033534501293734615,0.004315665933363395,0.03524385833381052
2021-10-04,-0.02491341038635239,-0.02888485808454832,-0.021344161950575966,-0.001077763625451401,-0.050156985862697887,-0.020937222896985797,-0.049918687547001364,0.008106673348889567,-0.013907635474953457,0.012882282735724199
2021-10-05,0.014059132157651725,0.009739950346903852,0.01752847661288212,0.01619852451711911,0.020419531309811834,0.019760199636577755,0.03578971927954216,-0.0012035741082394261,0.016452614906274386,-0.0016217329934917132
2021-10-06,0.00628737673320242,0.012651646071788683,0.011272622328140264,0.0021323975400977637,0.00204036462970964,0.014952094085391209,0.012101859364616182,0.002763320999873195,0.002082126536886137,-0.018508145830548394
2021-10-07,0.009043448192822219,0.012315060502089633,0.011994732322735855,0.006310524500165987,-0.013336276114692822,0.005918989706008111,0.017954092465646897,0.01377889392912291,0.02616115200226956,0.002806447944955397
2021-10-08,-0.002725349144106156,-0.004190573462060326,0.004017877548410158,0.0007637950812528256,0.002517873929592796,0.0,-0.011645534920382422,-0.010284539562274665,0.009247596680449116,0.024748769439389105
2021-10-11,-0.0006299071513778527,-0.012952121105274618,-0.006254219661120983,-0.0212555404973126,-0.014035256152467195,-0.002104904824298817,-0.006550052701002348,0.008177997401230774,-0.008531609944368398,-0.01002115517175263
2021-10-12,-0.00914500114518593,0.0003172241904451794,-0.017903965119754083,-0.007711019659480958,-0.0051754504522709514,-0.004599001694398961,-0.0011602114329354242,0.01725061613832015,-0.004330552270879993,-0.005211567159885239
2021-10-13,-0.004248528672477351,0.011314351840536129,0.008268997543728241,-0.026720606817400877,0.002375339649603931,0.011643141564946054,0.012881646021596306,0.006630349593761303,0.0007684343021789928,-0.0027800531991257833
2021-10-14,0.020024000458355277,0.004732543058962018,0.02561022692900429,0.015225300280492167,0.012219346317024177,0.021501120793921597,0.037816439147201106,0.008886865672994949,0.04081118111622652,0.01511361895230098
2021-10-15,0.007484307932107272,0.03254486320029431,0.0015360367580032586,0.01902610952016508,-0.011541618092521641,0.004811182446902012,0.00532000901404288,0.02974907491710917,0.018175454340433616,0.009471317410458164
2021-10-18,0.011736791147039977,0.01100400576947037,0.009924603560961146,-0.00036032440730215167,0.0320583539485935,0.010073442739017049,0.01633262568306015,0.03161711443997285,-0.008092109209829635,-0.0004793751153650427
2021-10-19,0.014967360186311124,-0.0007517249304827118,0.0032097717865120444,0.012055604812395848,0.01377119207979109,0.0030546303014798177,0.0030554482820731002,-0.006734486474692475,-0.0005654450363300948,0.014913771849625916
2021-10-20,0.0033555327258826934,-0.00848206698962188,-0.010301708487601488,0.013376479897135583,0.0023209593076904825,-0.0026638763768866477,-0.008424530979225641,0.0017687488821671587,0.02492351027217102,0.005496746309500215
2021-10-21,0.0014727535457030158,0.005824760045406363,0.0008250198216009793,-0.007874485128464628,0.003222778465824268,0.010838314405044071,0.02629879868890968,0.03205181901693134,0.016390306581716557,-0.018334739550562935
2021-10-22,-0.005298807179061258,-0.029382296136388146,-0.030916630264094618,0.013361608422672248,-0.05183532571200028,-0.005162063473876291,0.001497332295999417,0.017387072543931938,0.01543601673257619,0.006835527843424057
2021-10-25,-0.00033644729639213346,-0.004561377086082202,-0.0008688559373736849,-0.004902030588303146,0.01249063055240213,-0.0033369884910611036,0.019176036297249288,0.11839534141276628,0.0007343649918470135,0.019299320682134736
2021-10-26,0.004564547435612867,0.016636110939323188,0.013452507308349704,0.0026874070229840914,-0.03997430449722546,0.006405307530867875,0.06480568933622138,-0.0062938149592970775,0.011392259474962165,0.022890686774360496
2021-10-27,-0.0031526488787621695,0.004851848967382222,0.04840427956427578,-0.02104844835496528,-0.011432691444337255,0.04125137359056402,-0.01082027564194663,0.018898727534898532,-0.002554552662499839,-0.026315275185949342
2021-10-28,0.024684662601375505,0.01581542696620515,-0.00252353062229265,0.014962183642302158,0.014941120411724611,0.0036447865503117386,0.019841865445996833,0.03705562944417333,0.0043127247686361135,0.0028028587292506326
2021-10-29,-0.018322595316251137,-0.021745984346714802,0.014951292617954788,-0.002762515310757996,0.020766262933133363,0.02216647218561676,0.024789375506024936,0.03374062327713504,0.010983801410185848,0.0024848129574131534
2021-11-01,-0.0056231812583415796,-0.01623822909338356,-0.031209124610713013,-0.0005299953768442451,0.019616531761960074,-0.006807902133694313,0.010117929234487906,0.08149724419582528,-0.013908399550532205,0.01783287327791832
2021-11-02,0.007090629492647755,-0.0016167159617979095,0.013398141499994251,0.003938037777321279,-0.005774638118309591,0.011351029116145136,0.021981591793720938,-0.03074274797958024,-0.0045685251709512605,-0.01241853569107217
2021-11-03,0.009751073661613801,0.021279781969291613,0.007981994795518291,0.0003518384958493446,0.010732260644668356,0.002608135047322574,0.007434218763984731,0.03509368755165895,0.011634239487175957,-0.013825436386202553
2021-11-04,-0.003504835328375345,0.02711146442608225,0.011324064501080498,-0.013222513057831908,0.012675169303380831,0.007279078487487555,0.08549725780967952,0.01313564628546233,-0.0012469241650814144,0.007480026105240719
2021-11-05,0.00357602638259935,0.012004091021206855,0.003934540703140871,-0.0014269552182310753,0.015598827897023488,-0.0011303128082499137,-0.0016456529473158567,-0.006378469186125081,-0.0020821053484038495,0.00942608723792577
2021-11-08,-0.00556817814643614,-0.008564519878774466,0.0012017276265861069,0.005991960346779308,-0.007385128322354718,0.002763633355556368,0.03474821408841355,-0.04961124617557869,0.01482997099243231,0.010708376940478962
2021-11-09,0.0024565305263673978,0.024699674045048896,-0.0007551617022772262,-0.0075997098269069705,-0.009644140315179586,-0.003091025491226993,-0.004783454341738944,-0.12113825810398889,0.003732564923873654,0.009691196219496009
2021-11-10,-0.019349228654545452,-0.026687971077505174,-0.020522276729999255,-0.0009545502907843136,-0.023318893236249118,-0.015448581471255083,-0.03986165930537166,0.04251283809069096,-0.00962967001145885,-0.019897230631950234
2021-11-11,-0.00033802268450875507,-0.0027463665972794556,-0.0008707801062109926,-5.93755933567807e-05,0.00030523454937761635,0.0049154163434221845,0.03111418059959134,-0.0041661953768667185,-0.005472377459439994,0.0018675773740176266
2021-11-12,0.014235188178378296,0.015048234458080111,0.019776864855519976,-0.004484982604746362,0.03933912300566855,0.012822568110352409,0.0,-0.028701065279561472,0.0034917375069583403,-0.00764849628885607
2021-11-15,6.649155146114641e-05,0.005806911669058077,-0.0015213279455533854,-0.0017993927833419904,0.019377471855188347,-0.00193235626511487,-0.012083295345817667,-0.01957254315692035,-0.01800453775608298,0.008581186351190673
2021-11-16,0.006644602669258666,-0.001405473377029005,-0.0038874897629359207,-0.007230644858859659,-0.013323610376019755,0.010184121859528428,0.005910954216743411,0.03998366090579434,-0.002620938318224,0.0100470827163351
2021-11-17,0.01635564706099634,0.0023413880700420314,0.0011554816900151942,-0.005396597199203529,-0.006406039819631701,0.0006783632166570844,-0.03168557507488277,0.031984216103858806,-0.001491250679955686,-0.010979772778669626
2021-11-18,0.02813634541024196,0.040601497259703,0.012028276806804175,-0.008671220113256196,-0.006122517667216667,0.006319632725956456,0.07927214419357805,0.006744812791821567,0.0011577393871452157,-0.010944376446403642
2021-11-19,0.01683344079184332,-0.005287066211290259,-0.006105203238124867,-0.013149569362982224,0.019328461862840773,0.005377425962577059,0.04052486170542138,0.03643213445735007,-0.02129457698750448,-0.04732156724605019
2021-11-22,0.0029233450213752943,-0.02869509488188082,-0.01777976361771563,0.021090629074068626,-0.012501711500617532,-0.0096054332296905,-0.03169281130740492,0.017272096909531555,-0.005606536462148706,0.013750578977903943
2021-11-23,0.0024190858378384766,0.002088774763957146,-0.003560708507552202,0.02363106495048425,-0.011087384351449752,-0.006347056798347007,-0.006592963963380296,-0.04223229344871564,0.021681329292562,0.025996344147180113
2021-11-24,0.0032784423606575484,0.00010331000315118602,0.0023160075640981832,-0.007874916372658854,0.011233894174933621,0.0006808870401394599,0.02881275981932747,0.006265105659810634,0.006753487961252375,0.005528906950975077
2021-11-25,0.0,0.0,0.0,0.0,0.0,0.0,0.0,0.0,0.0,0.0
2021-11-26,-0.032191178547402464,-0.021412317856405228,-0.027313297104276813,-0.03059026291065057,-0.023555440778744375,-0.024657150703569705,-0.036496881038718135,-0.031013582803841335,-0.023032855099543878,-0.035761045213309556
2021-11-29,0.0216376568382948,0.016136535670027943,0.023270667060674505,-0.004332066382931002,0.014631741776659506,0.020862102549721345,0.05775440853062033,0.04964715675134432,0.027111979151482977,0.005535703209004405
2021-11-30,0.03108937748539384,-0.015420562086679022,-0.025280544583133915,-0.01499769926925629,-0.04097258067563042,-0.01810549148156844,-0.021196268595799928,0.006810578672784683,-0.017362035876058293,-0.028825285073699494
2021-12-01,-0.003211222575222219,-0.018228623739821467,-0.005979986118103111,-0.0059357314071663,-0.04365626508528381,-0.0015438638996189405,-0.038596465923021295,-0.044440653310942796,0.00026998583765856153,-0.0008359158178684135
2021-12-02,-0.006149083732385814,-0.001848596514633391,0.013481670876095286,0.0208093293844479,-0.0006761036206102749,-0.0017890965590972338,0.02174380034629859,-0.009543130353379798,0.003773805511644335,0.02461503116839172
2021-12-03,-0.01179353794651991,-0.013935728778151546,-0.006769229225116795,-0.018279247860501162,-0.01150335413872279,-0.019862778633898202,-0.0456311297969978,-0.0663521763056877,0.01062782999687537,-0.006384460563314599
2021-12-06,0.02127497932672705,0.011025217696555534,0.008090409358602888,0.01174456684152989,0.035315984166584095,0.009796722614393382,-0.021604734316336735,-0.005889394805839068,0.023730100737435436,0.011268035019652099
2021-12-07,0.03483239516836154,0.027602038798318594,0.02833629604702953,0.014935402150063717,0.01542163302449144,0.026412035098134903,0.0765613817209045,0.04148581070093519,0.009990990153338881,0.011142766112995615
2021-12-08,0.022527500293788878,-3.689939734869626e-05,0.006207341857586885,-0.011507199836589196,0.023724145553463548,0.00014915908401973182,-0.018707797449785655,0.016230761245708623,0.00884771718755605,0.002886556372860556
2021-12-09,-0.002974434715236558,-0.011343741238858878,-0.0037046812409269624,-0.0015566514496344528,-0.002241112862194998,-0.005598619122000281,-0.04288474835522807,-0.06289341727027524,0.00946754121890823,0.0025585747920838474
2021-12-10,0.02762780019136676,-0.011311296797986634,0.002455328610246591,-0.003996633919192214,-0.00021209214699107924,0.02794584988574817,-0.009623128377888923,0.013093827482800639,0.01032011225122861,0.006368402330586317
2021-12-13,-0.020890523966241976,-0.015475202151186945,-0.014804644166797241,-0.01195961420209734,0.014271983560277481,-0.00920874236587041,-0.06983756272194556,-0.051053775924629424,-0.00018829908441314797,-0.02214445521568558
2021-12-14,-0.008055994368997992,-0.002811076756339546,-0.013250333266306135,0.007632988344122416,-0.0022447312809963523,-0.03312997735444032,0.006230187241306882,-0.008208173270999982,0.0027570683884582713,-0.0014614761655522216
2021-12-15,0.028110504322469386,0.024670732493370397,0.017455190146138333,-0.007506519421569159,0.023453899633716604,0.01903570986736781,0.072213243816559,0.018072325435531507,0.0306437138787239,-0.00439699690926258
2021-12-16,-0.04005534621034729,-0.02597563931621664,-0.01372379253310021,0.015517900746735973,-0.019984257562530965,-0.029567704808906838,-0.07045024319007985,-0.051585055672323236,-0.0030790707345910153,0.0016305815380727722
2021-12-17,-0.006523221728606931,0.006766260845510533,-0.01901012825135543,-0.023016828073229575,-0.003319756521204912,-0.0033917228357146717,-0.02085928678824096,0.006076947341899706,-0.011714740862076852,-0.022076594208585296
2021-12-20,-0.008154903904283875,-0.01743466066061881,-0.0008330235965714975,-0.01815343941045956,-0.025303197857728003,-0.012086080421874864,-0.0029537388857091853,-0.03561605979548491,-0.006983502058806769,-0.014598662958905584
2021-12-21,0.018906733943287256,0.01978169533389277,0.013087780858477477,0.013870248664981552,0.026530767877964795,0.022806715927282308,0.047760417359084144,0.04198665654283043,0.007168330183611762,0.02239785899803347
2021-12-22,0.015202780888156096,0.003631503982249459,0.02030159758522203,0.0039002210897164558,-0.011284317301001,0.017896163012291282,0.011115976331623407,0.07227140942458773,0.014103427754711257,0.008066305754474763
2021-12-23,0.003637188049604282,0.00018411946479317587,0.0034197171256582616,0.0035672717045124006,0.014391204926169838,0.004462092322697859,0.008130135305219851,0.05602002567418564,0.002526228591983901,0.0004917659617511996
2021-12-24,0.0,0.0,0.0,0.0,0.0,0.0,0.0,0.0,0.0,0.0
2021-12-27,0.022715107282286793,-0.008211646321395375,0.006715669281772762,0.005706902400659002,0.032112333502717125,0.022921034307035067,0.043086562605882894,0.02493491640225287,0.00828261938965069,0.014157093675975455
2021-12-28,-0.005784138070909922,0.005826710732445391,-0.008279178743977931,0.003030156388260759,0.00011569041737447074,-0.0035104791030845534,-0.020337801767538334,-0.0050128185500081576,0.00686332076451617,-0.0032369361475232325
2021-12-29,0.0005018246732028639,-0.008591725101779567,-0.00021820479882089647,-0.0005043888656721676,-0.009519046281962885,0.002049215062827016,-0.010642905779143478,-0.002096907250306926,0.005235147641020637,-0.00879188892157275
2021-12-30,-0.006599849659123502,-0.003294427727342962,-0.003103994530831733,-0.0005048603213187124,0.0041319822283063384,-0.007720963782393298,-0.013929353593507821,-0.014699782732613053,-0.0022769971142021107,-0.005904742376228256
2021-12-31,-0.0035414973628527017,-0.011495217795266778,-0.009266378692679985,-0.0008205078364081095,-0.023535171731935384,-0.008880567981357286,-0.0059324273619955565,-0.012749774874751605,-0.004550100821959556,0.006558515967581835
2022-01-03,0.024696585086093174,0.021877258953900566,0.0009625971957781232,0.02093490780674754,0.006489948441717573,-0.0046789758248945565,0.02385376944720982,0.11839534141276628,0.0002785898390845154,0.037686007487840074
2022-01-04,-0.012772951389081483,-0.017060289689663746,-0.004091322850271403,0.03720897932785523,-0.005954925201837255,-0.017296108579926448,-0.027976488472717994,-0.04273287830059682,-0.022917253906934654,0.036923754836274116
2022-01-05,-0.02695983569793496,-0.019073846316683307,-0.04696179376948866,-0.018451466219878608,-0.037419149599795073,-0.03914399582882086,-0.059285344591279605,-0.054953895352910696,-0.0024678797702803,0.012360599431032716
2022-01-06,-0.01683437114408692,-0.006733601858714689,-0.0001996877971188197,0.010568461404918727,0.02525129301596692,-0.007933278682227393,0.020580799606704163,-0.021758379841487693,-0.04178482327435173,0.023248592097250335
2022-01-07,0.000987795845948869,-0.004296997177475961,-0.005317375173401875,0.009859135760271188,-0.0020171796107865546,0.000509575694922709,-0.03359803801746795,-0.03609004895021842,-0.023809278548869318,0.008163294199666675
2022-01-10,0.00011630177940790404,-0.006591854785116594,0.011988246043806182,0.0009567852095446079,-0.011275252919057135,0.0007322242462033932,0.0055993485356656564,0.029890740749494566,0.013859070295727678,-0.005970072458621556
2022-01-11,0.01664444615588054,0.023718602439306714,0.0076616549932919465,0.0010156523698540295,0.01902122403139122,0.0022566271097132283,0.015104498263036486,0.005917481776156395,0.008565349050909133,0.041201450025919975
2022-01-12,0.0025668057645680947,-0.0009377696670975312,0.012053427227999678,0.005655826611474469,-0.003325395959342097,0.01039058905060027,0.006521524146706575,0.03853754612843837,0.010013515484245433,-0.002947657928513491
2022-01-13,-0.019211251920448664,-0.024466534551061184,-0.020309843828374547,-0.001247656365774497,-0.02055417698258271,-0.043243949840084735,-0.05219808201410798,-0.06987655465675016,-0.01336687027320603,-0.007194701238217329
2022-01-14,0.005097440379918807,0.005715124523055335,0.00642643577222689,-0.053063517334667375,0.01646497958572787,0.01756142592473879,0.013715715010191086,0.017346435457551865,0.0026920129934511977,0.01740411456998575
2022-01-17,0.0,0.0,0.0,0.0,0.0,0.0,0.0,0.0,0.0,0.0
2022-01-18,-0.019074838952661845,-0.02006265472349509,-0.025284834164633722,-0.042832266943074786,-0.04231086285235958,-0.02464010680471781,-0.03932770078065916,-0.018364847454341894,-0.016565249504247634,0.016695653643915686
2022-01-19,-0.02124877155988496,-0.016614359071245203,-0.006502785413452984,-0.015589897845545748,0.004516035926063553,0.002244160551229479,-0.032806743408669854,-0.03441330009854252,0.003313482909287111,0.0004104882267242394
2022-01-20,-0.010401095114465133,-0.030080217077818206,-0.013478579123785828,-0.008564321436882074,-0.009526250545720677,-0.005719709531901176,-0.03726778118677,0.000622510083264904,0.00103737909602162,0.0021860440900092312
2022-01-21,-0.012847559735109688,-0.057588983573757455,-0.022424225032052894,-0.017626835213685087,-0.043218893174992855,-0.018640719563549617,-0.03265982217771638,-0.0539980722931419,-0.00396014936316726,-0.015126707618700512
2022-01-24,-0.004875848123532968,0.01323896043083007,0.003465561508677308,-0.0008965231610713161,0.01810847626492478,0.0011478556138924715,-8.571011428394023e-05,-0.014835635717323473,0.0023820943389465327,0.008553880426635766
2022-01-25,-0.011449877314978896,-0.03204163984338447,-0.030024913312234742,0.010841447016812595,-0.02811983989549279,-0.026948284726064246,-0.04587643181158801,-0.012551567227813773,-0.011815932730758547,0.028975997318318028
2022-01-26,-0.0005636932737497742,-0.007986135126473034,0.01794200595401333,0.00944117527257724,-0.0185620397186603,0.028094824277951146,0.01986918086415443,0.02048773822340817,0.0034744114532625405,-0.010194469319788029
2022-01-27,-0.002947630778029125,0.005493528624727967,-0.0017660068479014072,-0.01780168293429868,3.395832144038177e-05,0.010493975421009535,-0.037037756983514705,-0.12113825810398889,0.006891238648051785,0.012726856239854444
2022-01-28,0.051285233012391296,0.030610731040560255,0.033133634556563596,0.008906074068177172,0.023711809255045933,0.027694487066223544,0.040019656470689224,0.02059221036289143,0.00961587408136627,0.0021275548436878325
2022-01-31,0.025790366164985153,0.038127433338896885,0.014535611375422482,0.013482490838009634,0.037567352793731204,0.008784782214738898,0.06958795143563248,0.10145138741776683,0.013871455883906215,0.008992445780397732
2022-02-01,-0.0009730378357036982,0.01077253018259915,0.017150144690313413,0.017014044424619113,0.018157781063502763,-0.007164047384749046,0.006188766920839087,-0.005856643341232021,-0.008842094062041866,0.05145398976768439
2022-02-02,0.007019431026770436,-0.0038501180924552735,0.056162422486998605,-0.008037149192649319,0.012461123034987105,0.015107240851499164,0.02421902208991932,-0.02786380690498853,0.023983725485616197,-0.0026014418537977507
2022-02-03,-0.016860915268262094,-0.057588983573757455,-0.033738417002942195,-0.008304249827504908,-0.06658748412953915,-0.03973117939311981,-0.05262437158314409,-0.016162405874435497,0.01856419690054217,-0.01172799243130234
2022-02-04,-0.0016809909280443933,0.06131112770815112,0.001417695410408695,0.025626924247488077,-0.002822017902718433,0.015448443534334487,0.015372943970933431,0.035474386816493036,-0.011523195705063875,0.021479190373216255
2022-02-07,-0.004243394666097206,0.001875974577811346,-0.028972414512005728,0.0033375330352373,-0.05273950946306206,-0.016444731762129676,0.0166783859796112,-0.017458706575610557,0.0010963055003999677,0.011966028968031546
2022-02-08,0.01829820608630425,0.02178265381683596,0.0014211633694927901,0.018640156324702145,-0.021254872453668923,0.011924147094157391,0.015250466668684595,0.016028052271245364,0.01987542963646447,-0.026192647033202072
2022-02-09,0.00825961333739424,-0.0013886979453967615,0.015609441267956277,0.004159309439231763,0.05229202969116219,0.021599553667931256,0.0616641329604954,0.010787525285489406,0.009460488326427943,-0.004798439139612012
2022-02-10,-0.023881682847423803,-0.013654506185153747,-0.02121329808018874,-0.004159309439231782,-0.017084743136000453,-0.028783462236395923,-0.033546514648656135,-0.0298952129692807,-0.023111944393406733,-0.009666848703196554
2022-02-11,-0.020425720508045055,-0.03657177570139793,-0.031790594629496724,-0.013102680208269865,-0.0380725944576428,-0.02457340670154852,-0.07537762965473192,-0.050505215210130634,-0.017806433051974005,0.024867166435650876
2022-02-14,0.0014220004346053115,0.012147601490993106,0.009217743654694674,-0.00933362979373827,-0.008462156927619357,-0.00013551877240300622,0.01319079032891758,0.018159773032297852,-0.007831677200632393,-0.01545375281986196
2022-02-15,0.022888807434812853,0.008621083638872947,0.007955758759295065,0.014517755971420335,0.015044792849800556,0.018372389613766922,0.08549725780967952,0.05191932445845771,0.00804101594459698,-0.012613736650141257
2022-02-16,-0.001389709496012021,0.010107783346743868,0.008234124531762158,0.0018080363385839218,-0.02038754584701102,-0.0011678624604422537,0.0006036192865391833,0.0010402120327626255,0.0037983991688231925,0.004605181973415304
2022-02-17,-0.021499097938800754,-0.022050230393006458,-0.03847650615141448,-0.023301882700099034,-0.04163231477856597,-0.029719295255549682,-0.07860076603777459,-0.05228610180162916,-0.02043433037819356,-0.0015326303334527668
2022-02-18,-0.009399494807100322,-0.013350682834785058,-0.016247224910639617,0.004677917668585643,-0.007490270547953525,-0.009677793971705194,-0.035934161040166376,-0.022350967561475237,-0.005393618779746432,-0.011183519115433303
2022-02-21,0.0,0.0,0.0,0.0,0.0,0.0,0.0,0.0,0.0,0.0
2022-02-22,-0.01797275317034486,-0.01587889987657254,-0.004530742246350093,-0.0017762379347352481,-0.01998896484856503,-0.0007294566859960455,-0.010716169571049166,-0.04224617718140919,-0.011394102820233601,-0.011702026723225073
2022-02-23,-0.02620459539127313,-0.03641116014436802,-0.017292667804800908,-0.021161343974384166,-0.018126420370234993,-0.026234594437043252,-0.04382816019796214,-0.07254830168258311,-0.006268061468929963,0.004046166990933941
2022-02-24,0.016542614483203374,0.04410800497645022,0.03921681971098688,-0.028237892563758617,0.04507602031663977,0.04983155514747313,0.0590178134976223,0.04695367409397792,-0.008148509386422274,-0.012715429860096482
2022-02-25,0.012882242386594283,0.01593036537376894,0.013240067140161045,0.023384088099239544,0.013777364286668339,0.009190395093416855,0.01707583792362937,0.011299945777284081,0.042640862569350735,0.026556682508723416
2022-02-28,0.001636318367105689,-0.0014673390183547882,0.0044338052719480004,-0.04259198699810747,0.0026097379337366887,0.004965612537185708,0.009394058166651847,0.07211363413565586,0.0002521100143557553,0.007423894677906362
2022-03-01,-0.01169623523471748,-0.015891148369833387,-0.0073982998638238515,-0.03845958508501198,-0.0363834482258796,-0.01293524878959351,-0.03794694521764071,-0.006986492144572377,0.0007981956739901879,0.009518400704146173
2022-03-02,0.020379173897485604,0.006006111112644554,0.003796938671131911,0.020528328701730988,0.022450024569982293,0.017609909362274443,0.03132788924503737,0.01779600470296842,0.01898922022960575,0.01703237968259311
2022-03-03,-0.001983123078021343,-0.02769967430173762,-0.00500601049828826,-0.007133449014904548,-0.02500877453553036,-0.014326562688434573,-0.021113200255104086,-0.04724057511561311,0.0024899023838364774,0.00631296387389592
2022-03-04,-0.0185798376150723,-0.015381483821486462,-0.014996266961387446,-0.028532700801855142,-0.014440817353451506,-0.020690823582201985,-0.03335796394159629,-0.0011922300504741562,0.02448245111308618,0.03694472973214255
2022-03-07,-0.02400314705849994,-0.057588983573757455,-0.04281187020075589,-0.039381184265156334,-0.06499835351859615,-0.03850929177830702,-0.07156215441273378,-0.04104369101185902,-0.023907482817553467,0.03539915594109581
2022-03-08,-0.011744898320693293,-0.010520594620232346,0.005728155687099148,-0.007067689603440986,0.014930170402876012,-0.011031431710375551,0.007558419860294044,0.024335419149005895,-0.027929387678937517,0.007547055003357369
2022-03-09,0.034398891703106046,0.023717698424230754,0.048492431109296776,0.03928051426365666,0.04224005323196469,0.04483747945866169,0.06739909651383384,0.04107819387010212,0.025255977174517608,-0.05401567017134226
2022-03-10,-0.02756248023584066,0.052711186532696214,-0.007451402289643688,-0.011911119582410033,-0.016713157286632432,-0.01013758103165489,-0.015589863914219647,-0.024358017786858904,0.012016311738455528,0.03057044114810829
2022-03-11,-0.024199174514259274,-0.008845856240147519,-0.019512671639008897,-0.022781430410480773,-0.039710655001524264,-0.01951774124769752,-0.024935371956272222,-0.05259370365966602,-0.014637577593896172,-0.005167971228581019
2022-03-14,-0.026921557955213365,-0.025553208143987614,-0.030645077757747573,0.009881759790978108,-0.005237194477402333,-0.013045708917802865,-0.03546334206119422,-0.03711720154932235,0.010404191867433247,-0.03645474673139976
2022-03-15,0.02924521352607713,0.03813139923769891,0.025453102609486696,0.01759048052584108,0.02852342233398043,0.03801068448517475,0.07420536235301942,0.04530634609366675,0.020267669015852485,-0.05401567017134226
2022-03-16,0.02860261027850605,0.03819476755459102,0.031110153204739477,0.04371643134646963,0.05865310229089714,0.02490096380147534,0.06419001178453204,0.046704219074345354,0.0007027541008665175,-0.003762857437518078
2022-03-17,0.0064333378393751015,0.02664947618554765,0.0041815218430445575,0.012565048451049488,0.020463799492243973,0.002815392080440154,0.010961983362182832,0.03665493442277862,0.01742845994308938,0.026298688900717987
2022-03-18,0.020703151604794984,0.025192147663773066,0.01693955446925233,-0.0003565402585923453,0.04077590693558411,0.01749386807887167,0.06589777902047396,0.03803519751155836,-0.001776664926042087,-0.003932613714353796
2022-03-21,0.008501398702428909,0.001493436589994942,-0.000176205854132037,-0.0032173486039586093,-0.023366821389829928,-0.004236268288393896,0.010566662683433203,0.017268009913468576,0.0030381086518110143,0.043893484822407916
2022-03-22,0.020587287930042615,0.020820051155123028,0.027298211788408806,0.02104440492188511,0.024105578425326138,0.016246686979638818,-0.007886147365912945,0.0760832835953988,-0.004620013409470211,-0.004389230106884225
2022-03-23,0.008199785229039283,-0.009022396175222974,-0.011451295386806472,-0.02011362823221047,-0.014833690214942479,-0.015144211590224693,-0.034130453441973185,0.005147863044765912,-0.004144554735463542,0.015639560572064767
2022-03-24,0.022424465429055875,0.0014768099843156708,0.023560615376767135,0.006489044716221316,0.028221751890049246,0.015275213396573395,0.08549725780967952,0.014714339594958641,0.020124727631231434,0.0030026356349694265
2022-03-25,0.0037271904501796,0.0068448147304497955,0.0007130593197887321,0.008704243644576753,0.010194987547148707,-0.0013817891735995395,-0.016403689728218193,-0.003240181703986614,-0.0008378869360904198,0.021593218536927087
2022-03-28,0.00502400612203488,0.02527066880086216,-0.001536318436603819,-0.007425687560739923,0.007947642287711732,0.02285373029741491,0.018851906814337988,0.07728050710253655,0.0003314073286783034,-0.02845280117033374
2022-03-29,0.018953558599990688,0.0019184362663260243,0.007395416492295174,0.002198223739500228,0.027656636398982356,0.015045112530977624,0.015367318919394267,0.007054913567225325,-0.0048243936488612605,-0.005327428716728165
2022-03-30,-0.006671567686105236,-0.017961531171231216,-0.0039866961060913775,-0.004543584562715386,-0.008782932846595023,-0.004926332913100058,-0.03429142014079702,-0.005087674440050588,0.019563414449189884,0.016972722271846947
2022-03-31,-0.01793562002768648,-0.020064520292900095,-0.020434422863317345,-0.030486868222154555,-0.024389854284529378,-0.017841357358887342,-0.014697776000025354,-0.01509517416561853,-0.0210526773067274,-0.014305566962493667
2022-04-01,-0.001719894778539555,0.0034450322821231614,0.007757124754045704,-0.0074372056001789305,0.01113588476397988,0.003594134012602611,-0.021260871237117538,0.006465651918934319,0.005124414097284685,0.006396965426936012
2022-04-04,0.023417355829562086,0.02884445449723015,0.019928670146438333,0.004424655663532363,0.03941739474275924,0.017777813463898305,0.02396951333434635,0.05459557817973847,-0.005026272756401748,0.00048125117325295374
2022-04-05,-0.019123642257248507,-0.025822642256601212,-0.016790425576364214,-0.011705399838247017,-0.008803554618854894,-0.013070453117340466,-0.053643183864432384,-0.048464637280470575,0.015061838884890813,-0.005184215798491736
2022-04-06,-0.01862296200238379,-0.03283328123701215,-0.029178628132122755,-0.013971548964525328,-0.037531295541359776,-0.037292608188171386,-0.06056916332040539,-0.042589069768463106,0.026661634844750887,0.011058847338403009
2022-04-07,0.0018021987999305772,-0.0061382328144399005,-0.004841378343259428,-0.0030468011738611295,-0.0015686329669656804,0.006224227956859914,-0.008186861877639019,0.01093679078037125,0.009731380306041877,0.016598160711961418
2022-04-08,-0.01198032599110822,-0.021291810941382657,-0.019326713700312678,0.01814252668599076,-0.002784655018763754,-0.014707409354036258,-0.04602824069194335,-0.030510186068030958,0.016640697599186252,0.020827794471332192
2022-04-11,-0.02584699334472226,-0.021850949776512304,-0.03406492333507026,-0.0036775553969808734,-0.026756954674990382,-0.04023033361254578,-0.053392318323648116,-0.049534931817513166,-0.015728507440726652,-0.035037855324477174
2022-04-12,0.011457728599413798,-0.0022158166719546393,-0.008646051753660743,-0.0110379234996514,-0.010775839453330004,-0.01128106837933011,-0.019023644391034624,0.01122853693277581,-0.006964534255138877,0.02065574237585236
2022-04-13,0.016209974925841263,0.031037763445815297,0.016921455490870957,-0.03276459637915092,0.00396138852593336,0.019520312073374804,0.03198850119636059,0.03525937358618668,0.00614573871333386,0.014036518698212624
2022-04-14,-0.030447113509557183,-0.024961650159491106,-0.024659847319693673,-0.009312566345454259,-0.022627133100961115,-0.027457972263109434,-0.0434940287587353,-0.03723709338922126,-0.004068035962126192,0.011681405588920479
2022-04-15,0.0,0.0,0.0,0.0,0.0,0.0,0.0,0.0,0.0,0.0
2022-04-18,-0.0013316492848358624,0.007084013688019547,0.007440806406516066,0.018383755493731856,0.0028032840257194284,0.002462971635665319,0.024396629272397816,0.01939443951963136,-0.0013845112608723174,0.00816432896810276
2022-04-19,0.01401650449441479,0.034294010908479985,0.018103939379963307,0.020495337331789338,0.030557313501366663,0.016896056700816217,0.018872061237809712,0.023480261839117743,0.00675522971949817,-0.008961538415949584
2022-04-20,-0.0010159684927751433,-0.026386116801539967,-0.015260939679020749,0.0035020600035692508,-0.06658748412953915,0.0037086918710017877,-0.03278675477968514,-0.05082502163771964,0.015336171746054164,0.002276085887828305
2022-04-21,-0.0048556621250434,-0.03772931062801116,-0.02551402827357318,-0.007782125336700449,-0.0636009393867847,-0.019571582058003918,-0.06237442896181558,0.03180563608534794,-0.01582005870074893,-0.010629166060228722
2022-04-22,-0.02821551938602987,-0.026969363430673157,-0.04237898136960327,-0.029143117198931243,-0.021280798144259407,-0.024440751440434134,-0.03365746077637854,-0.003704429607069112,-0.031182131858359455,-0.022073492784827238
2022-04-25,0.006714657210035375,0.011872429325306142,0.02833619095171907,-0.0003154266321807569,0.01552184663724438,0.02412028214272612,0.01963693003302708,-0.007019222592886596,0.006371943082946412,-0.034294237616961105
2022-04-26,-0.03804267837500036,-0.046830397470919216,-0.03660781959495182,-0.03002754369011986,-0.03283450369724912,-0.0381213079564294,-0.057601986037778344,-0.12113825810398889,-0.02021162583923574,0.0003647063313437612
2022-04-27,-0.0014678169354786419,-0.008819827903123646,-0.037399569271590126,-0.013091174670063288,-0.033720531852469364,0.04698731721036265,-0.02005252984054968,0.005790878918745771,5.8179591424761764e-05,0.02815711777658969
2022-04-28,0.04416579232841015,0.045483928748159326,0.03632445410300505,0.015689092827282487,0.07043323186987983,0.022380243022787655,0.07160653828105645,-0.004548029513557434,0.020439435090154584,0.029797316559926904
2022-04-29,-0.03729172106001241,-0.057588983573757455,-0.037944310492617456,-0.032800573903305215,-0.025899828189091784,-0.042711154610983064,-0.06446422749862109,-0.007721957937068309,-0.030729386685475656,-0.02261620158894504
2022-05-02,0.001964634554262633,0.0017565476902947816,0.02144488124925514,0.009090473402001115,0.051809426404743945,0.024734945506129806,0.05179750459150075,0.03628977282780161,-0.01465817712824967,0.013515594967576889
2022-05-03,0.00957647815995331,-0.001981867083020741,0.006421109711578378,0.02119372801158233,0.004253719919504047,-0.009501294401464943,0.0035259562626854695,0.006963974902024329,-0.0030575594044302276,0.020389882515385743
2022-05-04,0.04018989368008228,0.013390415419768674,0.04113355386906563,0.03254576413583931,0.05228084359812687,0.02868546757508681,0.03666272305885582,0.04659599279666411,0.015885470917736635,0.039028855132841
2022-05-05,-0.051101920416750976,-0.057588983573757455,-0.04821959437190159,-0.02533803840571107,-0.06658748412953915,-0.04453174062503317,-0.07609963540939885,-0.08695990905101429,-0.02574128502364057,-0.015274184883750368
2022-05-06,0.0047161604973203495,-0.014140750847553027,-0.0065360762520793965,-0.0016152372733684048,-0.021891539252866174,-0.009491817051691881,-0.009009065808056077,-0.00877557365586079,0.009855814105903889,0.015164976890578183
2022-05-09,-0.03375260452446557,-0.05354166033985861,-0.028351455612467633,-0.015147984875348262,-0.03780629981998584,-0.03764512841879713,-0.08108337688670236,-0.0951126361970946,-0.02677514835017483,-0.05401567017134226
2022-05-10,0.015983594531239435,0.0006432376717789796,0.016606227160406148,-0.024674018250897125,0.007312171998810016,0.01842498476059145,0.03734691048702358,0.016293707630266798,0.003263254556663812,0.006608664092449244
2022-05-11,-0.051101920416750976,-0.032556515700991426,-0.00695175273764178,-0.006328432634319633,-0.04612725252867224,-0.033773538035905666,-0.05640630078140849,-0.08615264955046516,-0.003818799647654392,0.020604843654369886
2022-05-12,-0.02726241263991133,0.01468209351950851,-0.006699159062615613,-0.000846949578138129,0.013158634677146133,-0.020159704410819948,-0.02774164832568185,-0.008207980246495447,-0.015234031741639923,0.004529561160077341
2022-05-13,0.03141745802511599,0.05569537333818603,0.028019081993407254,0.008855970612119943,0.037864160652106515,0.022345072146452195,0.08549725780967952,0.05555683158900242,0.013690347376852331,0.02923226877960852
2022-05-16,-0.010729461574372993,-0.020052883582188433,-0.013930914464977864,-0.00699375657500927,0.007124049088797057,0.0014542026358807247,-0.02528017017872819,-0.06055559591829793,0.007838902625857258,0.023247726600684287
2022-05-17,0.025105059366129924,0.04030980601090871,0.01756488140625174,0.032609732282469245,0.012814957462191544,0.020139806414085422,0.051533670860698835,0.050132289582274676,0.006742960690823449,0.012673704078889361
2022-05-18,-0.051101920416750976,-0.057588983573757455,-0.04005820756808012,-0.017254010241855057,-0.05258763933467363,-0.0463604235227258,-0.07059738594296333,-0.07043726926027942,-0.043890639312750966,-0.01597771481076895
2022-05-19,-0.024949985962452226,0.0019259973748420684,-0.013636040564669242,-0.014933232166684098,-0.004954213054251599,-0.003706559834828705,0.01092125402937543,-0.0005496144580126333,0.015096028199866577,0.0053908931403538725
2022-05-20,0.001745822695530066,0.0025313230136676168,-0.013461787044848525,-0.008232437416314865,0.011693738927652355,-0.002293864454864909,-0.025431253388880883,-0.06631616117599509,0.014892240779267273,0.007869013813759752
2022-05-23,0.039335134201426626,-0.0003161006497306091,0.02341364711817671,0.05410271569291196,0.013803294192965453,0.03152974231384404,0.012145543910901722,0.016432950581559483,0.012988364733544538,0.021857969212642697
2022-05-24,-0.01940286552723178,-0.03266897126205679,-0.050760969203383625,0.014026461749056422,-0.06658748412953915,-0.003959578626714318,-0.045027562600265386,-0.07176955888757142,0.011074794563019151,0.005417499965049351
2022-05-25,0.0011394527305178463,0.025371870055026394,-0.001558054592231642,0.006940069427350002,0.013968617933282464,0.011108310630416118,0.04957408854358789,0.04762508488803113,0.0010645900513222308,0.019927346915400566
2022-05-26,0.02293441475856198,0.03950431937060653,0.018610092070373254,0.01714220288001215,0.04155501955806429,0.012792737984755356,0.05031775019554968,0.07164265445291097,0.008277589158078032,0.00352434564456626
2022-05-27,0.03994780215412713,0.0359770770988458,0.04111263239446627,0.014039136700684617,0.01809979022101339,0.02723043630784915,0.052382386329330094,0.0707688185938516,0.009669527666392041,0.009782031684003217
2022-05-30,0.0,0.0,0.0,0.0,0.0,0.0,0.0,0.0,0.0,0.0
2022-05-31,-0.005360396868983448,0.043030852834664374,0.012787882985352224,0.007286431390315998,-0.00766550689296991,-0.005026559522358272,-0.007416738215838081,-0.0018051917677216725,-0.020580467374942076,-0.016426635197812033
2022-06-01,-0.0008735912981349274,0.01219142464906909,0.001141976267568964,-0.017700907853775014,-0.02616020676926078,0.002021182708096006,-0.01903176282820186,-0.023876273341224673,-0.008551434307353412,0.01898516041490631
2022-06-02,0.016671208897831483,0.030965911805553418,0.03222975149663628,0.01595972930912778,0.05276066390280591,0.007897673634311373,0.06712772119650418,0.04571303469577831,-0.0005889106666643614,-0.0017389632194869098
2022-06-03,-0.03931838450687806,-0.0255076393596147,-0.026547481331017374,-0.014037117643975328,-0.041480183679513116,-0.016746763513450353,-0.04552844517065228,-0.09672413884722543,-0.013601199942561194,0.014433957871703028
2022-06-06,0.005213721140666643,0.01974655443905197,0.01970575978739636,-0.003309294301285563,0.018024875150826944,-0.004714540138289251,0.003519041282472056,0.01591980642197778,0.00936684773905483,-0.0025261209715013813
2022-06-07,0.017433454468379902,-0.014447976483889591,0.002812349866841475,0.0026174598909559288,0.007181462465977687,0.013857328610347615,0.007425068129646914,0.002542820180630796,0.014018519195894755,0.044812448552286555
2022-06-08,-0.005056371084394265,-0.014907309337206952,0.0003798212363365319,-0.01604249781796901,0.005047309324257735,-0.007699564102759457,-0.014586547954917626,0.012397350726358317,-0.0072074232399708844,0.011733132987533534
2022-06-09,-0.03661784410845791,-0.042394573681651705,-0.020330060684467605,-0.021239597715241604,-0.06643897812750613,-0.021002126967855365,-0.03270414657782476,-0.008970671737446728,-0.008342281395817355,-0.021845084256121184
2022-06-10,-0.0393946810864925,-0.057588983573757455,-0.03251664138926728,-0.04705598183191893,-0.04689774803213856,-0.045587133145785004,-0.06135185765158268,-0.0316877053198606,-0.009855608348151822,-0.01844310039467084
2022-06-13,-0.03903694545697723,-0.05608072910711982,-0.043848846390381425,-0.030230706940239004,-0.06658748412953915,-0.043338331254651204,-0.08108337688670236,-0.07366972655880115,-0.03129150029300171,-0.0469751730167575
2022-06-14,0.006650597132054767,-0.013205363644664271,0.0030311737167021376,-0.016779565364797123,-0.003231647740403647,0.009162722645390522,0.01200661161225891,0.023606322357198544,-0.017070618366929465,0.002604819344907155
2022-06-15,0.01991195326143954,0.05106358079343476,0.028170748741284342,0.011766595523352862,0.03374901926361914,0.02930184596176064,0.04270945875894646,0.0533736162801124,0.005571708775783716,-0.012670872018374415
2022-06-16,-0.040459170767904284,-0.03795462873180644,-0.03458212407938095,-0.01730515797921346,-0.05137132216121976,-0.027340368839472436,-0.057660447294303765,-0.08927688581957327,-0.014345457587461682,-0.03758252802171515
2022-06-17,0.011467202283895295,0.02439607839682275,0.010414036258260326,-0.0035326121862075026,0.01768322160818078,0.010880632888083181,0.01772545774891274,0.017029157609637507,-0.008875117780219374,-0.05401567017134226
2022-06-20,0.0,0.0,0.0,0.0,0.0,0.0,0.0,0.0,0.0,0.0
2022-06-21,0.032235569472767144,0.022895360879700146,0.04025001816729061,0.024470309400363207,-0.04171536671168404,0.024293645249515175,0.04229202825958744,0.08942411634475682,0.060637558420402034,0.05145398976768439
2022-06-22,-0.0038344054605329277,0.0024812460138330314,-0.0005064838389945746,-0.005627585528444808,-0.007670159586853365,-0.0024070524453329734,-0.01251291746477749,-0.004015858661335937,0.019299612536396654,-0.04037585013385782
2022-06-23,0.0213443618446231,0.03153073437129849,0.006744666066935183,-0.010999510655983195,0.018436536152420413,0.02238410856008166,-0.008286194176878432,-0.0043156097521520964,0.020475890242515407,-0.030625664215422437
2022-06-24,0.024221188978203002,0.03512809079637085,0.04981553690319986,0.029408813526555656,0.06940831439527867,0.03357993833029282,0.05404432698219303,0.04425503260828766,-0.008378030204666511,0.01963915549180679
2022-06-27,0.0,-0.02821501915746544,-0.01831894731016821,-0.008044576506963514,-0.003945072198846286,-0.010552232480738591,-0.01512005068566562,-0.003206786761701394,0.020014488522810295,0.024215451987150187
2022-06-28,-0.030242314522242783,-0.0527726431080026,-0.033587926160060594,-0.004823389528125214,-0.0533792070510689,-0.032264108465987276,-0.054014537737786625,-0.05133914578061633,0.005482595818969512,0.027365500094097973
2022-06-29,0.01293968341704131,0.01405345471235067,-0.00273573205389173,-0.0044998474138110145,0.020085836784898146,0.014630308262386173,-0.027917047976368615,-0.018100003611393488,0.01419755721734376,-0.037639396238256996
2022-06-30,-0.018192063681919415,-0.025195393281078386,-0.02482177038910441,-0.023606906088587506,-0.01654462693690987,-0.013266787180937083,-0.024951450500132803,-0.0177355774717728,-0.004041496128084821,-0.02854717133828947
2022-07-01,0.016035130790274958,0.03105406439766482,-0.0020716574932009043,0.012706428962726779,-0.007594858957599444,0.010650815394944032,-0.04286100831144591,0.012352524133575146,0.0073132748031690545,0.022057604739401233
2022-07-04,0.0,0.0,0.0,0.0,0.0,0.0,0.0,0.0,0.0,0.0
2022-07-05,0.018753248600198585,0.035330514810317494,0.040775838431707026,-0.003810917904206248,0.04973323488238689,0.012518405738979511,0.029913797837876226,0.025215114905161356,-0.023782870574044768,-0.03179647401586389
2022-07-06,0.009561381401552225,0.007286182647943523,0.011490948936143353,-0.006503100730074174,0.009350423519845148,0.01270201919062871,0.011032292887045554,-0.00573722846648063,0.01969622517022478,-0.018205145474000903
2022-07-07,0.02371621350741758,0.017341975999450154,0.0360948502750391,0.02497807113081291,0.014153800858962137,0.008192811764186528,0.04699433772585153,0.05380522947187794,-0.0017675381825541345,0.03144117758474969
2022-07-08,0.0047033325155466515,-0.006814197291832153,0.0047912273578319155,-0.003142788962243595,-0.007636979711417686,-0.0027607627491482325,-0.0012617200220662284,0.02511707828484195,0.008228526678084514,0.0016276440883698882
2022-07-11,-0.014867606074554876,-0.03335256478334072,-0.031292129576126364,-0.013203413683201886,-0.04794782081691083,-0.011838340834418041,-0.044279786208466926,-0.06772231414560198,-0.003244673160392889,-0.005124806922655751
2022-07-12,0.006810378576377295,-0.022900025593117632,-0.01441921393165655,0.0009742565030355821,0.0023914873130846752,-0.04184499817109492,-0.004630486952780746,-0.005448427397798375,-0.004906008169515844,-0.01340083535698506
2022-07-13,-0.002539780644844941,0.0107459397638012,-0.02366839235373523,-0.009427264622920987,0.0013467039731730151,-0.003752187881501904,0.005422143484861074,0.016890005886123306,-0.025955117837107914,0.004015413663944864
2022-07-14,0.020275560737273633,0.0020811275557193875,-0.008894112495009073,-0.03556383670481131,-0.03384044939906595,0.005367194434320115,0.013623540279973579,0.005357484236889209,0.0023713637610107887,-0.020241217223367355
2022-07-15,0.01138499228636764,0.026052020207380393,0.012694501440162625,0.04481391935189223,0.041214048472255106,0.01033670821942831,0.025054280800033035,0.007330299130864308,0.05294904060551766,0.016698939673442357
2022-07-18,-0.020859474890254876,0.0018476894058662332,-0.02488713639175786,-0.0103231234699745,0.015244592689879023,-0.009667938421258127,0.021279454928043492,0.001997430616818738,-0.019788877265659918,0.018284810637148145
2022-07-19,0.026371590388695878,0.0383717111840348,0.04290721707545703,0.024476667596461055,0.049863186175166246,0.020554233350192255,0.05386111747715949,0.020505045463666282,0.026748827474041535,0.024890661124397136
2022-07-20,0.01341903043771166,0.037849962832112935,0.0007904928992300171,-0.00017472262644117276,0.04074446540794795,0.010502228445759435,0.046849244614328045,0.007991447618970264,-0.02655634813673073,0.010929166160128992
2022-07-21,0.014981516940929704,0.015036666950921374,0.0038556098863199266,0.006786851258879531,0.00043699606461781326,0.009751529008236934,0.013553593305089866,0.09331246499887616,0.005739474687168657,-0.01683733514221141
2022-07-22,-0.008143753341915212,-0.017891585334626356,-0.05288224203411107,-0.0048678245680007495,-0.06658748412953915,-0.01706070177594898,-0.04134104221961878,0.0019732780255828208,-0.002011830469540223,-0.007664576946214779
2022-07-25,-0.007425695886437524,-0.010510843951367622,-0.0036210211207977137,0.004000324494637084,-0.015599303304801197,-0.005893896730447063,-0.01718007645267282,-0.014093787954092982,0.015339858384404064,0.032760078492447414
2022-07-26,-0.00886554335067968,-0.05366832967343516,-0.023433006783809943,-0.015745600882154143,-0.04604891515223992,-0.027139156746887477,-0.029265991766875925,-0.0363152186530825,0.003996093693454202,-0.003897355527629033
2022-07-27,0.033661619208855166,0.05226402422174665,0.056162422486998605,0.015919073580590866,0.06347781854149433,0.04983155514747313,0.07327818912012035,0.05982904612856656,0.0056647616310267395,0.021413327654849715
2022-07-28,0.0035654978806346866,0.0107708959770675,0.010207683336576108,-0.003738214472375975,-0.0536610422156799,0.028141061632749462,0.010845943696771792,0.021882347827174065,0.012787173924125478,0.011617633818500088
2022-07-29,0.032266627836511234,0.06131112770815112,0.018218672072826687,0.004778929256981898,-0.010130774676565656,0.015543831694231151,0.00990411381342373,0.056238328890716484,0.001568494637395177,0.045267665741110394
2022-08-01,-0.006172256557418236,0.003255181148895761,-0.012631007806355857,-0.010018633414106689,0.005203345300997615,-0.009771972609029803,0.015190145385594279,0.0004262206792024022,-0.012916153189566067,-0.025600560632705466
2022-08-02,-0.009330798585844884,-0.009126353187385704,0.0023479030102174056,-0.015708222144027024,0.0016242921457022077,-0.011540613096144446,0.004598383408339234,0.011072869479979633,0.00014921003446126415,-0.004349066537073803
2022-08-03,0.037534355947575045,0.03917484597170419,0.025300507364495378,0.010440770833883483,0.05235406892256265,0.027455722662672443,0.019616336723853826,0.022402858626649376,0.009646036853688771,-0.032960036299105926
2022-08-04,-0.0019279828903099737,0.0216251677554199,0.00093106018051372,-0.011063464267020517,0.010431283032177887,0.004168748801496377,0.01690000778927282,0.004014952135593356,-0.01284455578292518,-0.04298943510581869
2022-08-05,-0.001390193485558114,-0.012492693140300751,-0.006110492495767087,0.029810990358933205,-0.02049370663118147,-0.002612140874203874,-0.011831454888836725,-0.0686033118290163,0.0024513243520091752,0.014347622614126762
2022-08-08,-0.0029072431509986627,-0.009921207364734218,-0.0014482658703146175,-0.012255009404222262,0.01861587867392612,-0.00919660362232887,-0.06505501831975402,0.007789020718917544,0.0028739935448600356,0.005637033820094877
2022-08-09,0.00030333851698523045,-0.011398203042398835,-0.005728068075288712,0.008966975960993332,-0.010154290431901481,0.007038170699593592,-0.04054545017066208,-0.0247155543645267,0.0012292049713074006,0.018269369447360993
2022-08-10,0.02585735672844627,0.03465340706112098,0.025981994545227947,0.02575356483526067,0.05657801588407072,0.024009689982583418,0.05748669255356792,0.03816806100817755,0.0008559686286617217,0.009448499993459963
2022-08-11,-0.004441271421204205,-0.014471032455294032,-0.007210615180039494,0.014673199394725589,-0.004777599703643864,-0.007428178090858398,-0.008601776491809559,-0.026599955270312267,-0.009079579781575921,0.028517665246715163
2022-08-12,0.021199177529786284,0.020479998229218345,0.023616552495853975,0.016428380585814063,0.01681658139358705,0.016893617255872653,0.04186029959833531,0.045690263130780645,0.02013925351910739,0.00865425435152002
2022-08-15,0.006313666273359137,-0.0025808990121560286,0.0032819835877161596,0.002698457556891288,0.0021582875180157115,0.005329944611356273,0.017116963828323117,0.030493897831355556,0.0017273532710868542,-0.018034030495245636
2022-08-16,-0.000924475388384974,0.011112811619446402,-0.0031176567958807206,0.009508735567174461,-0.007881219549343654,-0.0025930469361694682,-0.008071279273245711,-0.008952025876518947,0.002713472268455703,-0.009359075359710003
2022-08-17,0.008746418744104588,-0.018684262378250237,-0.017824118625802323,-0.008447817188833287,-0.026079374940745092,-0.0026397630965563734,-0.029238488010710977,-0.008407578354357605,-0.002052706686870176,0.008058519955927115
2022-08-18,-0.002294305999372829,0.0014064484864398943,0.0051724959087687105,-0.007779611951960713,-0.001087109144839084,-0.003955238359795073,0.023607928826727513,-0.0037131047703819653,0.0004037270563241078,0.023368887845107576
2022-08-19,-0.015216981989502979,-0.02901859297383289,-0.024940073451356105,-0.02505636365269063,-0.03911537869390954,-0.01395112571578875,-0.050472296148172564,-0.02069451464936621,0.005669367769837386,-0.003183737651653328
2022-08-22,-0.023298844532464513,-0.03691702741982209,-0.025665812408791944,-0.016659950611007574,-0.029669080805239004,-0.02979462127131032,-0.046736281693999626,-0.023027123255798403,-0.0068624436314836754,-0.0007442961076195277
2022-08-23,-0.0020310557660392684,0.002998007806707862,-0.0033318355870984376,-0.009905871367046837,-0.011969533788712057,-0.004727565999436622,0.008593115035905801,0.02230781558771273,-0.01623569361020273,0.04156626123452353
2022-08-24,0.0017923602318196926,0.001346256547678855,-0.0014940830235994726,0.0024209705520861218,0.01325667664882006,-0.002353816244508366,0.0023832588592484216,0.0021677745650455194,0.0012311618470486128,0.005901111221434955
2022-08-25,0.014812279173454746,0.025676456345101635,0.02570254393984356,0.023470124419722776,0.033252017185164046,0.01103400640300579,0.039338966043045126,-0.0034616690754643124,0.009480272591191418,0.005159991599413985
2022-08-26,-0.03842823983986999,-0.04873552390255167,-0.05288224203411107,-0.033276382672872674,-0.04235875206836803,-0.039351086256099656,-0.08108337688670236,-0.02732301898385137,-0.02301135286666983,-0.01238829935641135
2022-08-29,-0.013784581072156932,-0.00736939497405998,-0.008372723542219554,-0.002444563248506946,-0.01626467612692422,-0.010725457337263851,-0.028634821730372698,-0.011415491099770154,0.0009823044137086882,0.02272921440907744
2022-08-30,-0.015424039647735569,-0.00820055348874808,-0.004396445995554485,0.0001747312592861897,-0.0127083566207835,-0.00855736759952458,-0.021299786954585755,-0.02531598923616216,-0.01316767774613226,-0.03879719651937552
2022-08-31,-0.010691898262572825,-0.01534276001209404,-0.006631053077575777,-0.005961309931493857,0.0360563700395065,-0.005720326754079566,-0.024476140533660998,-0.007554668468041173,-0.006735970439026,-0.007504081002750708
2022-09-01,0.004695904725819063,0.008248627364462172,0.01394771471012246,0.006834875594339138,0.014804239181367116,-0.004100713364540967,-0.07975023298217482,0.005608200169827373,0.00895232171330876,-0.018157349855402845
2022-09-02,-0.013704674495355736,-0.002428212185707223,-0.017372577740004284,-0.007010873455912965,-0.030952894163829844,-0.01680712138937445,-0.02102737722738409,-0.025395567131662106,-0.014707132199537832,0.018157349855402728
2022-09-05,0.0,0.0,0.0,0.0,0.0,0.0,0.0,0.0,0.0,0.0
2022-09-06,-0.008249113911758645,-0.011040262841267292,-0.009689762862801193,0.00026394822569710566,-0.011165219368243306,-0.011034562161062848,-0.013426169951971873,0.015460425583855752,0.002572628764408283,-0.006717777445211272
2022-09-07,0.00921132866317205,0.026371849253352748,0.02441628849446936,0.018812534179835524,0.011601502650582702,0.018931010941714076,0.018620744650620705,0.03325755641840769,0.007697192862914836,-0.00856738745068917
2022-09-08,-0.009664167371445502,0.002622535962612139,-0.009824298525221856,0.02302870032119452,0.010358346636218813,0.0016646735111409932,0.019925409525239083,0.019408586563541073,0.011113260533609854,0.008146183508521856
2022-09-09,0.01866441058212058,0.02622824562673727,0.02072854334142631,0.004794599761095208,0.042819221970136684,0.022717043167544117,0.027982335721728677,0.035389242849343666,-0.002894587631794944,0.0166138652868888
2022-09-12,0.03778481027594224,0.023581047138634757,0.001896064003845103,0.011762451563652337,-0.0011238542011843457,0.008246877285178238,0.008168392276203031,0.015693156705112052,0.013092289055166116,0.011436958878689181
2022-09-13,-0.051101920416750976,-0.057588983573757455,-0.05288224203411107,-0.03536697541234309,-0.06658748412953915,-0.0463604235227258,-0.08108337688670236,-0.041209445573060305,-0.033087165569434474,-0.02363542009311572
2022-09-14,0.009510293639920234,0.013549201586232946,0.0064972829258932935,-0.0023222467029695953,-0.01089957412016247,0.0009122025553533714,-0.00022835100094541856,0.035245873940170286,-0.008185969110641502,0.024249911479237343
2022-09-15,-0.019111596055639873,-0.017816303428596674,-0.020105474940627324,0.014958123245411297,-0.012756927160042404,-0.027493625830967306,-0.01527474114495653,0.0037601953268899466,0.025449789110216194,-0.029508438303688878
2022-09-16,-0.011020424408692326,-0.02201762235626526,-0.001069452028210142,-0.006724754032983564,-0.022039777522996136,-0.0026116439331905386,0.02059248245067739,-0.0013177201460770078,-0.003620864045725736,-0.01723095516163436
2022-09-19,0.02477318842283061,0.009106029090597056,0.0026229865487749043,0.009182103363596482,0.01175662199842415,-0.0008992899792536836,0.013845218211360167,0.018680537647816527,0.0048439831188861445,-0.00010736574447826511
2022-09-20,0.015544318484231654,-0.020012830448643673,-0.018902631155223542,-0.019916191797350897,-0.013124799671857616,-0.00850155657942677,-0.015513554422463728,-0.001100668054834369,-0.0014334179851607973,-0.008187822098692225
2022-09-21,-0.020475886618170624,-0.03032676622578613,-0.018561696873486296,-0.0292590921664394,-0.027550881218306972,-0.014541246017764974,0.0064303600910019946,-0.026021592607865372,-0.020718161518477787,-0.01625007985707329
2022-09-22,-0.006395550042465697,-0.010430481377003758,0.00862505302980746,-0.011444189103114127,0.004913340529595647,0.008459488365081622,-0.05423065961149472,-0.041438568478665415,0.010451433971743319,-0.004186671541739644
2022-09-23,-0.015239667337531498,-0.030553234112175698,-0.01407907821236614,-0.018788670898189096,-0.017018505131429024,-0.012779388147726308,-0.003588930159082537,-0.04703665354268194,-0.007468121597427743,-0.05401567017134226
2022-09-26,0.0022581439989239407,0.011968890924047326,-0.005789433484103678,-0.021767315398653526,-0.029194863803290727,-0.001977266162716707,-0.02327924509497034,0.0024668028538151034,-0.010274344906718325,-0.020857296692645605
2022-09-27,0.006544601969055599,-0.00644711979642255,-0.006848261954871821,-0.008841286977131947,-0.01455146103611708,-0.004389717824133477,0.015015830311255871,0.024797737333229056,1.979194539451501e-05,0.020740791458496118
2022-09-28,-0.012732239711865377,0.030980865018271533,0.025817842926122048,0.020015498038197306,0.05225645429249453,0.019519917391224162,0.025688339758140045,0.017065662059063912,0.01089685481353219,0.03574269425244203
2022-09-29,-0.05036666937416872,-0.027577874271049258,-0.026638724349567235,-0.017091011100917947,-0.037411786608485396,-0.014919726796493348,-0.04135863054024945,-0.07053030781738932,-0.009992580987073932,-0.0020277740838019398
2022-09-30,-0.030499489317723838,-0.015803691756381338,-0.01833580527474842,-0.015760312193637865,-0.005366018810693754,-0.019558575439788218,-0.006650647714273753,-0.011097446407076914,-0.007476311314908831,-0.015569614013678741
2022-10-03,0.030289136740718335,0.02516733048685826,0.030781263925619088,0.030440993438993424,0.02136507411507399,0.03310847654858895,0.030264859065289963,-0.09008354847845335,0.020518988880901857,0.05145398976768439
2022-10-04,0.025300281151953746,0.043978891324203705,0.029960228013086412,0.04572224497901243,0.011976369521612986,0.033253353863495504,0.05102556489776587,0.02862918608137619,0.01474989462321736,0.03579617273066187
2022-10-05,0.002051211916901003,-0.0011568286989317087,-0.0020682383260050724,-0.012423638103914189,-0.00931048085046561,0.0012850157045963548,0.0031846207181888122,-0.035210184423729626,0.007426921908669741,0.03961644129323451
2022-10-06,-0.006647892080657362,-0.005388563475942462,-9.865575471194119e-05,-0.020592820412050638,0.0006472665560171775,-0.009718188043998502,-0.005998675564067285,-0.011191467132615623,-0.015179079577661706,0.029229462153727688
2022-10-07,-0.037409487428701135,-0.04888996644735092,-0.027387885470357233,-0.020176203493228063,-0.04125040466451519,-0.0463604235227258,-0.08108337688670236,-0.06533110715825653,-0.02789298320167871,-0.010143349595579965
2022-10-10,0.0023526662467514337,-0.007799184311071454,-0.008344611345405394,-0.009385527906602353,0.002544384511822214,-0.02153320080639397,-0.03419853467926307,-0.0004932430962923407,-0.011935967101001234,-0.021915209563343793
2022-10-11,-0.010307872150528846,-0.01292739007238406,-0.006972911672341982,-0.029284397407124452,-0.04003122748615968,-0.016892108555723463,-0.007223921441272281,-0.02940186584357689,0.001902686108084145,-0.008534927679824306
2022-10-12,-0.004615530086033223,0.006130377153208065,0.003902677038778225,0.01605329979388244,-0.008123701343271592,0.0015072562350270065,-0.007450719583925657,0.003412211010253521,0.0003000796639938549,0.004378153216870936
2022-10-13,0.03306034614811241,-0.0032826427568259787,0.015258157635292095,0.05410271569291196,0.021646165103990787,0.03691805312709045,0.03922092098761736,0.02041257160441261,0.019706150939340528,0.03435199573249496
2022-10-14,-0.03277118035906093,-0.05132600960921381,-0.02556115680833427,0.016503937512880564,-0.027466877266413246,-0.024547515296669695,-0.06324615288064145,-0.07845410579918498,0.006295020021180503,-0.026660185960702448
2022-10-17,0.028706663016019762,0.06131112770815112,0.03470563448550622,0.041142040552078714,0.05584268425313893,0.038495018775653984,0.05720779792698509,0.06770743117966126,0.016908376210208114,0.014313517116831723
2022-10-18,0.009365063834298793,0.022334186457693587,0.007970476397885617,0.0253953983253801,-0.009293884009702833,0.004075474614448688,0.00662339725085596,0.003822165646732409,0.0006323150480481527,0.0017874507490107624
2022-10-19,0.0007652587612683455,-0.011148202689094493,-0.011377309402072055,-0.019801027483436033,0.0032324701970381344,-0.008505703021869782,0.006994891598429836,0.008366694500343838,-0.003625977603214027,0.029231442536802314
2022-10-20,-0.003272553435954505,0.0015630456934787908,0.0034068330041863125,-0.0032668003393306133,-0.012842189432525372,-0.0013962989729893098,0.011796330580124484,-0.06878698522005931,0.0010756908125852023,0.0013477505891211228
2022-10-21,0.026699454446421786,0.03470527521216521,0.011536587722043445,0.05119444369075728,-0.011623291841056085,0.024966156786950057,0.022060791178059383,0.03395945997966481,0.02437037852333355,0.018399944262086975
2022-10-24,0.014694200784005844,0.0041816570199037775,0.013651027233949096,0.001226221592236722,-0.0022332082985741307,0.0209666406881947,0.010612597425135466,-0.014987724107085643,0.01463760399607624,0.006966138697134652
2022-10-25,0.019153106695090075,0.006488657531862419,0.018937976505506698,0.0026113231078351735,0.05831844924665065,0.013697335380620708,0.05120986618690513,0.051525211920993325,-0.0025514454584586173,-0.006777095080144273
2022-10-26,-0.01982228899326548,-0.04182438724790477,-0.05288224203411107,0.011426198167926692,-0.05754756452310917,-0.0463604235227258,-0.027910136819095925,0.009931639962148882,0.005446297730725512,0.011829884185136112
2022-10-27,-0.03093930398092327,-0.04148511663717591,-0.028962659536027353,0.003940079519801866,-0.06658748412953915,-0.019954092626377533,0.021479776728094018,0.0020011878357876823,-0.002525731917084185,0.00381965226181628
2022-10-28,0.051285233012391296,-0.057588983573757455,0.04318734102998545,0.011808297377235571,0.012782807333980234,0.039432597874372956,0.048732391682995826,0.015123446596271723,0.017273439337730068,0.028867826567090808
2022-10-31,-0.015530441621450992,-0.009424419446504203,-0.018658697659615812,-0.0015877752930372458,-0.06281947286856687,-0.01598323085901939,-0.024661856618585897,-0.004297734947231046,0.007068126869231143,0.0009932566265600437
2022-11-01,-0.017698246667650592,-0.056733592543971104,-0.04368736998602856,0.017872437466377355,0.021661396463230113,-0.01720661814240234,0.0034023524835141558,0.0012298580156588981,-0.014223334547337351,0.009877907679566639
2022-11-02,-0.03801888318318859,-0.04945158785215439,-0.03945508065327945,-0.009250461052344276,-0.05018808067473444,-0.03600885323011289,-0.024214713167218474,-0.05801089494975556,-0.007114074633318836,-0.02076643995460416
2022-11-03,-0.043330192571123596,-0.03109058271107464,-0.04155520989419952,0.001809452380425858,-0.01816707359073326,-0.02693845566695583,0.015165549561877562,0.0015338580999043428,0.00033092103379312447,0.01350225027216219
2022-11-04,-0.0019490894924912394,0.018638216982674413,0.03706089047035186,0.026991111511216085,0.020924500098569887,0.03278229973452875,0.05331785009387687,-0.03709208198225607,-0.01005730200301068,0.010832003321610313
2022-11-07,0.003894387424026354,-0.004958465035960488,0.02182069493919822,0.005266087998374205,0.06327099022580847,0.02884932470563985,0.010191128122187124,-0.05137700982212229,0.012648060168268164,0.011772737141638038
2022-11-08,0.004166427691572334,-0.006093813282808144,0.004622661227427992,0.0006088286424881167,-0.002588147135106064,0.0043789456145702345,0.020829031705697523,-0.029766854567743133,0.014625661105643215,0.003162987063897815
2022-11-09,-0.03375305551280072,-0.043613588180190316,-0.017932823958911288,-0.013093955599136259,0.05053111134932455,-0.019233990885179013,-0.05823051283598029,-0.07436539035358274,-0.02265787450809083,-0.04576845708841834
2022-11-10,0.051285233012391296,0.06131112770815112,0.056162422486998605,0.04033487534657806,0.07043323186987983,0.04983155514747313,0.08549725780967952,0.07132888823212645,0.0064712646007741735,0.0145854943223146
2022-11-11,0.019085592673628266,0.04214992986278232,0.025953544183888507,0.0016270797120789974,0.010227334455992228,0.01685444990605391,0.035979721071922974,0.027155202242509627,-0.041440827581101555,0.030744189403168684
2022-11-14,-0.009530909521834564,-0.023084154958510447,-0.007391457761486972,-0.010326710602664404,0.010561469806922283,-0.022757077032073334,-0.0019618976721265256,-0.02594999483044167,-0.016084127587211026,0.002915098397486645
2022-11-15,0.011799401155231926,0.004558631983396615,0.028228947179341237,-0.007269696207108976,0.02473107228698817,0.0017373259236968764,0.022512524236417388,0.018009160285334423,-0.021126744131044276,0.006681252058231184
2022-11-16,-0.008366130780558891,-0.01856627488370591,0.0041561533725064095,0.001352759920655958,-0.033436222809319294,0.0018216345030647573,-0.04642289394571592,-0.03934004993858786,0.01677655571058362,-0.010747082807690187
2022-11-17,0.0128880428822768,-0.023650675297741616,-0.004969192963368292,-0.004366340942533308,-0.015845144176272495,-0.00020679260875495708,-0.014753282501185431,-0.020266034660649707,0.007382140615560797,0.0013276447935529215
2022-11-18,0.003774499132596278,-0.007513650804188213,-0.009500079154359263,0.009760524433283223,0.005369236558543457,-0.0019050215966789398,-0.017242755125759037,-0.016402810087859467,0.02810834736872407,-0.008705804489628112
2022-11-21,-0.0219183081035174,-0.018006920831346168,-0.018961307003934513,-0.005919976747800407,-0.019738518165997004,0.0034349235765667625,-0.005988462738600914,-0.07082202204033466,-0.024466635491967346,-0.009952867921283077
2022-11-22,0.01455455483919325,0.007971580289157953,0.015053412653407431,0.014846018770958244,0.014279572656999034,0.012236378882978832,0.045997569870941814,0.012079065403443036,0.01134320331291389,0.028516147899538064
2022-11-23,0.005908975390470405,0.009929087433161624,0.014424208836138699,0.010607132745569564,0.0071529827179016466,0.010352925887141918,0.029550318953296167,0.07530952893106566,0.012576146816391348,-0.005004721085279848
2022-11-24,0.0,0.0,0.0,0.0,0.0,0.0,0.0,0.0,0.0,0.0
2022-11-25,-0.01978836178135558,-0.0076783312910851725,-0.010208337877234953,0.0019031465101535306,-0.007422226947251036,-0.00036352331197157784,-0.015188081403931918,-0.0018575995078746789,0.014822248244707341,-0.003526869913691808
2022-11-28,-0.026615069678177988,0.0057642482872482335,-0.014573293836508064,-0.01763282012099161,-0.02388955809354059,-0.023424641050454248,-0.02760588898610614,0.00032805270562665304,-0.010001078312646008,-0.030492903349170243
2022-11-29,-0.021374967846773618,-0.016419307746887702,-0.008993980951364462,0.0163155913952225,0.00623161542317536,-0.005932497208596079,-0.011949492169039448,-0.011491515256992131,-0.008054638327910549,0.006625791779330879
2022-11-30,0.047449792479511706,0.0436140540859465,0.056162422486998605,0.01179293701860621,0.07043323186987983,0.04983155514747313,0.07916190182546105,0.07390252318127676,0.036741127013392494,0.0072112730663115325
2022-12-01,0.0018897390748853018,-0.010831192229061232,0.0,-0.014138793078693663,0.019620075100329343,-0.0017651799911571075,0.01244921535564317,0.0,-0.020006937025829556,-0.004861796059035673
2022-12-02,-0.0033767884104645702,-0.014449471106160492,-0.00546096891766469,-0.007959049213497575,0.025008504993822612,0.0012948396471112792,-0.015230487979342648,0.0008214584254523483,0.0016799116715573716,-0.00852008061713611
2022-12-05,-0.008015269332722803,-0.03370736231877925,-0.009603824577496272,-0.02844155198316829,-0.008620814271352549,-0.01908145868210929,-0.015887751177294223,-0.06580520897353867,-0.002091170899854022,-0.027780898351016985
2022-12-06,-0.025697422169934737,-0.030795718248338627,-0.025451929816636413,0.0016734351351370385,-0.06658748412953915,-0.020512753363868565,-0.038228883290504,-0.01451975486845227,0.007967941376833992,-0.0281895685643513
2022-12-07,-0.013880651743578476,0.002376766277155038,-0.02125967920258751,-0.0006842054612260948,-0.0016663763634357186,-0.003064388326091051,0.00828476049827819,-0.03267127201155782,0.006634373343316711,-0.002216501248467086
2022-12-08,0.012059558297603138,0.021140538059143867,-0.013040323958624154,0.010439613887473796,0.012213331874915462,0.012322963761096714,0.063044831324507,-0.003453386948248274,0.009185574596821582,0.007401412157649658
2022-12-09,-0.0034407068343540828,-0.014043946522882085,-0.009434997244841386,-0.005432944589269153,0.004930121363489677,-0.008035278357438448,-0.00983336561389771,0.03183338116095202,-0.016042610985618377,-0.008463195575902275
2022-12-12,0.016256953895747876,0.016255164405059676,0.005157454365185755,0.015392304600722674,-0.01032048626967293,0.028479608739739794,0.030926707752600115,-0.06477309340338366,0.012275911943437662,0.024329678892214168
2022-12-13,0.006759746537971614,0.021198289437405628,0.024559269324237396,-0.0009692451460104443,0.04633371388568609,0.017314045144123824,0.030164740537735556,-0.04179828130131225,-0.014095183324920782,0.010874901417204964
2022-12-14,-0.015657842862357097,-0.009887580246293281,-0.005873101504912815,-0.005009360647618596,0.011913789647575928,0.0011671453160689578,-0.022268932973477183,-0.02612261140486262,0.000260150656981809,-0.007393412690704309
2022-12-15,-0.047987276308009856,-0.03477554111983318,-0.045293597851690896,-0.025123798216644466,-0.045772225579013115,-0.03243881639407596,-0.04170895534107547,0.005533102257132837,-0.020037542924793234,-0.009627234400189697
2022-12-16,-0.014686396178036827,-0.006692740608663019,-0.006625297181658643,-0.006245513591031578,0.027847920186121602,-0.017501164279101093,-0.022731658650526478,-0.04833680500131505,-0.007570845071690801,-0.007043018091285308
2022-12-19,-0.016037459837604566,-0.03403503022155705,-0.02037026679680104,0.005938018874094362,-0.042330191082973395,-0.01747974653478229,-0.01931505215782316,-0.0023992055582815475,-0.0001911150715399339,0.0044790826782125
2022-12-20,-0.0005290826730650797,0.003174469440173832,0.006536830803157232,0.004832236519757358,0.022542540159503795,0.005598667011367693,-0.01045172527633894,-0.08396483835074355,-0.006495308443406689,0.014349471114957739
2022-12-21,0.023530595608357602,0.018376816404560806,0.006270915380241851,0.011185357606730513,0.022546886189416127,0.010818054548362408,0.025533674512356445,-0.0016704490129968075,0.0139917899399928,0.012758964793131196
2022-12-22,-0.024059841003731496,-0.034947221566029855,-0.020525973027962156,-0.01141481697017496,-0.022290569796316724,-0.025860244923390733,-0.07302238278147352,-0.09302311928148893,-0.000853080174101096,-0.0203802846540558
2022-12-23,-0.0028020016970537907,0.017274436611979943,0.016611369469040613,0.004733756599892209,0.007824400099783756,0.0022644767172382706,-0.008708554610553471,-0.017706675474399133,0.007974119941256014,0.02610150655116885
2022-12-26,0.0,0.0,0.0,0.0,0.0,0.0,0.0,0.0,0.0,0.0
2022-12-27,-0.013975398563704234,-0.026265685720911106,-0.02083646679395628,0.0034979629320019356,-0.009875719572876761,-0.007441737068221764,-0.07402692944960206,-0.12113825810398889,0.0012792038048798958,0.013798603808741589
2022-12-28,-0.031165973760343392,-0.014800721671305868,-0.01580108849666492,0.0054504073093661915,-0.010838877843736846,-0.010307820699616159,-0.006037772944180897,0.032553261278161744,-0.006676663692913924,-0.01656281167866924
2022-12-29,0.02793063337561847,0.028435658196292006,0.02785745991579357,0.005721090918442821,0.03934712476179664,0.02725478001167915,0.03960169975186395,0.07772640277207259,0.0027024948335370976,0.00753747535407338
2022-12-30,0.002465779613587995,-0.002140568124387558,-0.0024901708675075635,0.006583963498616718,0.0006650374401426447,-0.004949648334114083,0.0007530017129700775,0.011102159833173808,0.0005660123607390487,0.010022994903631911
2023-01-02,0.0,0.0,0.0,0.0,0.0,0.0,0.0,0.0,0.0,0.0
2023-01-03,-0.03812214832815221,0.021435277164066735,0.010036753612336836,0.007577492364273979,0.03591047558825649,-0.0010014965014940886,-0.02067222517861946,-0.12113825810398889,-0.022006521136887527,-0.03496500054888551
2023-01-04,0.010261329492623138,-0.007955122776173124,-0.011738302669632512,0.009281857704932318,0.02086475425269483,-0.04472862218746755,0.02986741060657,0.04997884108534127,-0.02764221246002445,0.00290633022535454
2023-01-05,-0.010661233483766769,-0.02401157339665977,-0.021575442804224052,-0.00022165685288413545,-0.0033817430323783786,-0.030085937681202945,-0.03336619318147596,-0.02946907696009933,-0.029243904144762,0.022127363848240152
2023-01-06,0.036133313798608874,0.0349917378504728,0.013138215254919972,0.018954760771216484,0.023973780443659127,0.011716479888302132,0.04079680387347099,0.02435215499827936,8.161914789742695e-05,0.01201423602439784
2023-01-09,0.004080609627532728,0.014760401298199752,0.007755813911825333,-0.004140824260914621,-0.004239206277229138,0.009689339227284816,0.05045847785217506,0.057654579278002493,0.00012228288968234153,-0.018813216313100258
2023-01-10,0.004446434516362971,0.028326693248784427,0.00453412756898656,0.008913756127288381,0.026824910922611758,0.007588260556853719,0.017820710766322093,-0.007711027963739906,-0.008319235040557399,0.014824383657733033
2023-01-11,0.020892596154598396,0.05645956080731301,0.034459259259128995,0.007404141798741934,-0.0007523869360410062,0.029790008109181147,0.005766106829227991,0.036109204525613114,0.015111668351989863,0.011560059818469673
2023-01-12,-0.0005996636272667206,0.0018911574433712077,-0.00427065580426355,-0.0010029110384416555,0.02834026550488298,0.011554414887128167,0.031375425847103657,0.00275546279838757,0.004590157393813104,0.016474605777388074
2023-01-13,0.01006854850308407,0.029476316899670684,0.010805204439929975,0.024921507175813762,0.00197307111333677,0.003014339799264168,0.023227884328799377,-0.009432465746951967,-0.012383029172543709,-0.00061841719514961
2023-01-16,0.0,0.0,0.0,0.0,0.0,0.0,0.0,0.0,0.0,0.0
2023-01-17,0.008718091392550855,-0.021322326395198637,-0.009050857924395098,-0.015573771213700661,-0.011897134030959938,0.004670660507474965,0.046423299925031365,0.07163646233055776,-0.009213675373664725,-0.0019461337836821733
2023-01-18,-0.005384387677261811,-0.0061616190001011146,-0.0018638156183698774,-0.030503380481340978,-0.017438371917860126,-0.019069764515122403,-0.01853026132484888,-0.020825332244057446,-0.01839177836627684,-0.020757682578045847
2023-01-19,0.0004432499830895464,-0.018822579439957077,0.020959616770556126,-0.01341627396813254,0.023257497947056855,-0.0165907906185987,-0.03585424018431817,-0.012580752996881307,0.016906353364096773,0.006398535685928947
2023-01-20,0.019038671250058755,0.037400259951453026,0.05203445484618258,0.0024462367260361623,0.023375394055211326,0.035119651734812414,0.062093707862280335,0.04797727392320426,0.004860719802613192,0.018071281338854172
2023-01-23,0.02322863021843854,0.0027724682514327437,0.01789648942987886,0.016082558359036363,0.027598642623131088,0.009776334575443236,0.07315895400461181,0.07457364612008015,-0.0018714256082792379,-0.005218584204191264
2023-01-24,0.01001288072058023,-0.012381472357830799,-0.02116643922402712,0.008559367559302273,-0.0009078416705406104,-0.0022287561262435145,0.003744045639795326,0.0009734348560736818,0.011847875264633583,0.009268814887660739
2023-01-25,-0.004711921217781343,0.008888953725914,-0.02571151293741459,0.004827503956513214,-0.011523409127029958,-0.005925549523898345,0.003006188813966577,0.0037457958683397114,0.0018289715330331358,-0.005286027877616673
2023-01-26,0.014694957826970624,0.020774687057825685,0.023867407054299756,0.006162521474604528,0.04017161362271717,0.030251510271285982,0.024486924857516117,0.1040650092615062,-4.053524973398681e-05,0.03940424079612192
2023-01-27,0.013591219454544801,0.02998335055905419,0.018792854524743104,0.0024261476776420684,0.029697222101814656,0.0006449211545715402,0.028034632638530572,0.10436164069972145,-0.013142447769996667,-0.018426335288051782
2023-01-30,-0.02028211603491301,-0.016667823165641346,-0.02475806324605473,-0.008516621843527332,-0.03132790796498921,-0.022206353939090352,-0.06088847953644901,-0.06526572943550507,-0.0005350917569970392,-0.017891195813160152
2023-01-31,0.00898025882286903,0.025335155126435763,0.019410154976839438,0.0059479584729644295,0.012904265009028477,0.020794893947565823,0.019380744508619274,0.03860663902242871,0.027210517360977234,0.02134527189516102
2023-02-01,0.007869687958289327,0.0193976149644124,0.015958528424210642,-0.002647320102092809,0.02747679954804325,0.019738642122836905,0.06949440070636256,0.04619721319012782,-0.004396836320662393,-0.011007853679418478
2023-02-02,0.0363922197742797,0.06131112770815112,0.056162422486998605,-0.004667330395907523,0.07043323186987983,0.04581846579594305,0.035922354358525185,0.03711744228973266,-0.0540928567219088,-0.03178802010606382
2023-02-03,0.02410706879463611,-0.057588983573757455,-0.027858069708704768,0.015355978789132523,-0.011937363798771547,-0.023904115611761322,-0.028453659197468912,0.009041655543147504,0.0025242276510112857,0.006903711530366495
2023-02-06,-0.018091256743915804,-0.011772272805910223,-0.018105082830587583,0.005865455386366583,-0.0025228169218771013,-0.006134534577045086,-0.00052133767926104,0.024849222136681733,0.006798491603194256,-0.0016989645403791465
2023-02-07,0.019061625343255364,-0.0006852973444615529,0.04503463240070626,0.012116225364162186,0.029445027254927297,0.04116306835867009,0.05012364591769928,0.010470780820742525,0.0034450608966341647,0.028150729712132103
2023-02-08,-0.017810290021302872,-0.020380578012770365,-0.05288224203411107,-0.007055811224620539,-0.04368116786460422,-0.003106741719113643,0.00144215448722619,0.02250783702828191,0.013207014086770812,-0.008739766148156468
2023-02-09,-0.006935795818967618,-0.018256648878253772,-0.04486801933995577,-0.015686101159827402,-0.030498862665591684,-0.011728405332659774,0.005926957504585153,0.029516907690852447,0.005181023636232744,0.0037675015171151965
2023-02-10,0.0024534789709719316,-0.006433489213979958,-0.00464210909133622,0.00440565280278139,-0.021417280964424096,-0.0019745201866076052,-0.04918199768010289,-0.05161833459581209,0.01738849771322481,0.041287316864203394
2023-02-13,0.018631789123680423,0.019579629188155288,0.0004230568224983641,0.010789700327630745,0.02986809299715196,0.03076497092391248,0.024296770133130287,-0.011493498714308886,0.0022231253652475365,-0.003897460775845381
2023-02-14,-0.004233700168697491,0.0016060637303953276,0.0007396548389789761,0.004409241357229303,0.00027894089104340153,0.0031277250861490354,0.05287347806981463,0.07237801403011461,-0.00510043579487564,-0.011783849378082063
2023-02-15,0.013807766532694834,0.014537811644538115,0.023589353523759855,0.004181022078827384,-0.013010676987306525,-0.00802487407640387,-0.009052459896818939,0.023567198213512965,-0.0032110598929099153,-0.0030111214611686175
2023-02-16,-0.01048438815027648,-0.03020652173405669,-0.014861311934781166,-0.013864713531092513,-0.02700400411075465,-0.026983489502179846,-0.03404692144106695,-0.058631243213632354,-0.007970505480779636,-0.002933398072265423
2023-02-17,-0.0075753837059652305,-0.009726256199159738,-0.012219669086742631,0.0029569931394067663,0.002548556607514987,-0.015724776921992402,-0.028303150526574138,0.030561678706295534,0.02378378650729884,-0.03921025731975111
2023-02-20,0.0,0.0,0.0,0.0,0.0,0.0,0.0,0.0,0.0,0.0
2023-02-21,-0.027042093290616194,-0.027324623494127318,-0.027507902638282167,-0.018519835688765654,-0.004638190895676268,-0.02110780096093537,-0.03487285942597469,-0.05394722804913025,-0.015691176243172015,-0.0009891187806229502
2023-02-22,0.0028919853843618532,0.012712248376870527,-0.0015264021005543156,-0.007692449904527284,-0.0055946100027977844,-0.0046014416417488714,0.004781722655244949,0.017528035977254008,-0.004937626828389724,-0.013037761150908428
2023-02-23,0.003285183590442056,0.0003131233176392935,-0.008326975324713716,0.00797872667808345,0.005362098996057922,0.012878255579243601,0.08549725780967952,0.006006057267467943,0.005710743982707217,0.009162433673611576
2023-02-24,-0.018169486856873508,-0.024509991975448668,-0.019553993398800196,0.008981127904298709,-0.009637253394431281,-0.02202510925732147,-0.016102464692089608,-0.02601977738759486,-0.015081849379194063,9.018391840958968e-05
2023-02-27,0.00821361171169691,0.002776912318089041,0.008268308152187681,0.008689912261447079,-0.005000888218024788,0.003764758300674977,0.009190651286970625,0.05316324215501689,-0.0020873721407854593,-0.0018074571175076919
2023-02-28,-0.003453479533404445,0.005000289230826088,0.002111865083507083,0.008335852944198018,0.03135410605234036,-0.0029625326702715916,-0.012201293817606143,-0.009290230436857878,-0.015387329950845064,-0.005805930200790335
2023-03-01,-0.014348597316056463,-0.022103959704043146,0.0033254921686223416,-0.005596151784117543,-0.008726698765540006,-0.012709676346822631,-0.022564876010124354,-0.014395089751065829,-0.001513972690806442,0.008876720002741095
2023-03-02,0.004120771966333357,-0.00043408483069996514,0.017986907041025305,-0.010436710297454332,0.0063801865154462555,0.019462433188991136,0.026777193022101554,-0.060322654091468045,0.005205158693119457,0.004588575988670281
2023-03-03,0.034488267461503755,0.02962312838587694,0.01777585626320949,0.01819308919330163,0.059609607893870376,0.016509018022067532,0.024406055690150436,0.03545612908951283,0.0017986453954903954,0.012577695900104411
2023-03-06,0.018369820519281942,-0.012192056844170188,0.01567990361780373,-0.005864157043956955,-0.0018911321644362012,0.006170039964951459,-0.014164285940708617,-0.02032754273314496,0.004628053887446625,0.008825561046519236
2023-03-07,-0.01460265353620301,-0.002135579508745822,-0.013439873979882756,-0.02984893072318145,-0.002111430539712685,-0.010645492834831459,-0.01118776134905,-0.03198003067013721,-0.014455556514008528,-0.019519937116991588
2023-03-08,0.008342144759836138,0.003947251242114423,0.004146369369768282,-0.0059328874342190535,0.0024900596961254825,-0.0017720117112415333,0.03762879681547447,-0.03089156736881823,-0.006945600983990011,-0.014712115895965655
2023-03-09,-0.015026697684383087,-0.017941053663252087,-0.020689978666035252,-0.053063517334667375,-0.017891724508742855,-0.005454373757670463,-0.03129368020061501,-0.05117763786639216,-0.012164574714483789,-0.00775879975395435
2023-03-10,-0.013976057431246455,-0.016614182739941783,-0.018475624338234995,0.025078011473364324,-0.012071039124838824,-0.014893290023879811,-0.020301983159041626,0.0030026831172517087,-0.006344976980594433,-0.012447511540964719
2023-03-13,0.013178758857940025,0.01856350439768763,0.005282403542961188,-0.01812043743742182,0.007713386736598656,0.021214334573078655,4.360895022798156e-05,0.005978365078895034,0.007251083793962792,-0.011571738784660779
2023-03-14,0.01399083563296256,0.026161301723076753,0.030908003943911536,0.025352087320800094,0.07001698970930506,0.02669622571874308,0.046660585567163015,0.04909578215581386,0.0019391975080090532,0.003747574783458106
2023-03-15,0.00261814950619963,0.013816419647146834,0.022517806834526907,-0.048396635298009506,0.019042178883340154,0.017673041384523313,0.006833566839694817,-0.015452165385496644,0.00182786627242702,-0.051027491648059115
2023-03-16,0.018521313915168956,0.03914078921242492,0.042871700098315986,0.0192278400523712,0.03566490852564543,0.03973669984453419,0.05277604165725006,0.020188342220549882,0.014059582345913908,-0.005823093676370657
2023-03-17,-0.005468932556439628,-0.010955473953869753,0.012875443123448327,-0.038514370103955864,-0.04654554345024169,0.011626387502833993,0.007178242600133207,-0.021963216854791676,-0.0053530173690908055,-0.01184851386713801
2023-03-20,0.015365160509448689,-0.012610742620752338,-0.003944076542109946,0.010516024191045492,0.0111841634223375,-0.026104352132601427,0.006779573533525714,0.01717250122413543,0.015764380739402534,0.025805803140856655
2023-03-21,0.011873475310463403,0.029247763784060337,0.03590164624486041,0.0264675365383623,0.021752570159051174,0.005677775359893437,0.01147841071807998,0.07529223411697607,0.006561710699420787,0.04382797955746045
2023-03-22,-0.009145059899725114,-0.019166746850565873,-0.014883299697248144,-0.02615294584625397,-0.011692706558717677,-0.005457219051134983,0.01021516323361981,-0.0330851466718186,-0.0095853259165318,-0.023154865293900092
2023-03-23,0.006944984261177409,0.00010133363497333344,0.021343473843681376,-0.002677017762330835,0.022124628552109858,0.019529566195788856,0.026949574917456476,0.0055821275337720674,-0.011867827318830517,-0.011346152087066344
2023-03-24,0.008271371448246493,-0.005893146925693497,-0.0015162133612234112,-0.015332992733973158,0.008433310988697061,0.010425835666762157,-0.015268011743745665,-0.009460894526444498,0.012855580262743423,0.0011596951495033115
2023-03-27,-0.01236937130163558,-0.0009175342309671865,-0.028669628236939068,0.028257589821729105,-0.01550724650182013,-0.015046429021481149,-0.009304051554815932,0.007325624786097459,0.012339810014078368,0.02168895621543912
2023-03-28,-0.003988169481981765,-0.0081934405189327,-0.014055009948272367,0.0030308001137938786,-0.010706007099071903,-0.004169746358757113,-0.004571281975084257,-0.013753472002494866,-0.019529457024858813,0.012399404897381422
2023-03-29,0.01959729965777681,0.03048493870739539,0.0035569503156299836,0.002015292785483355,0.023004400266280735,0.019002240257117404,0.021501364193037466,0.0244876221590413,-0.012756271921622342,0.017031130464310856
2023-03-30,0.009841447653905669,0.017305747097592427,-0.004943653973866147,-0.003024496371769787,0.012052555948062213,0.01254098308132964,0.01467845475524041,0.0071949836717746535,0.00740947715502088,0.00485227078633243
2023-03-31,0.015523108033953533,0.012567761597929928,0.027760652004003586,0.012043611256343987,0.019534696252026744,0.014851191871049083,0.014285783001503398,0.060504162532241994,0.005367806644203254,0.00155143818618577
2023-04-03,0.007672070084758765,-0.008556175035560798,0.006055047736600446,-0.0011517496521198526,0.0053177501424515414,-0.0037180317114595095,0.006745571433083003,-0.06311918518816903,0.044691928566366584,0.05145398976768439
2023-04-04,-0.0032547922702614476,0.014925585099441625,0.003443647444234477,-0.013458264684482283,0.007714024883518269,-0.00017408750584586844,-0.018478426242549417,-0.011307735857578558,-0.0019038872682546582,-0.009604289585142539
2023-04-05,-0.011354720497454146,-0.027799874012424952,-0.002390173350256231,0.0014899486583468745,-0.015204549954287291,-0.00993851658027723,-0.02105575700463894,-0.03734894534323148,0.031883519191939845,0.01698255687310076
2023-04-06,0.005480932550349427,0.009450740780884159,0.037112634109167396,-0.001097699223888444,0.02161085983189303,0.025211978107419236,0.005786690052187038,-0.002482632348555218,0.007005699218481672,-0.01672172499987525
2023-04-07,0.0,0.0,0.0,0.0,0.0,0.0,0.0,0.0,0.0,0.0
2023-04-10,-0.016101337422182397,0.001077222967143844,-0.018431088824698356,0.0032894252772427664,-0.006266671983955581,-0.007607300753549885,0.019848296543675467,-0.0029764508462149673,0.004610802156844887,-0.004442604004183586
2023-04-11,-0.007620144761836779,-0.022268227189570028,-0.010293322566551036,0.004914129919457833,-0.004199801505817347,-0.022929532137261597,-0.014978069986573198,0.012281322445656457,0.01117631220939733,0.007046745219149195
2023-04-12,-0.004362691663537469,-0.0211385503060785,-0.006762312874435823,-0.00015567612220893076,0.0007012648742224717,0.0023309600877204086,-0.025120325114859482,-0.03403263254550459,0.0004220519616416549,-0.0010407247169008083
2023-04-13,0.03353513586936696,0.04565543032053191,0.026313606558176727,0.0038057697126091202,0.02924117943251769,0.02215221391213079,-0.0012088034719611133,0.029256539212836878,0.00962370875994313,0.004675269733143278
2023-04-14,-0.0021160652432324887,0.0010736481279812137,0.013315054766100173,0.05410271569291196,0.005160203502006065,-0.012847864052021232,0.011085944331377747,-0.004853036816821088,-0.027823729587313,0.0024156385459036325
2023-04-17,0.00012059932062619011,0.0022411286119839928,-0.026998481284586116,0.007898025588903035,-0.011945166772773436,0.009253158835218166,0.009077491168379316,0.010966636750077955,-0.012663210482222818,-0.011700986642657861
2023-04-18,0.007477003874410713,-0.004291801457498827,-0.013969011449377415,0.011165458987992684,-0.004441869699391663,-0.001490080501908477,0.024329387109644957,-0.014703352511066695,-0.001723299558416869,0.019341010011598693
2023-04-19,0.006943761894983822,0.01936168847711433,-0.0030668704399129435,-0.001274173653818335,-0.010101904994704064,0.00027746312474904994,0.009496773915988152,-0.020389861131667686,-0.036907936096818035,-0.003169197856593696
2023-04-20,-0.005863379043796592,-0.0047091095790211925,0.010598409941552707,-0.0029072521568681187,-0.012267567613228043,-0.008145475772720798,-0.03005577111116234,-0.10254036525166675,0.0025879532174667543,-0.00801006810850243
2023-04-21,-0.009829006279650315,0.02989264254702952,0.001139104360268669,-0.0019192463212401986,-0.0008453817471940466,-0.0012238062861704504,0.0005532554691736001,0.012741333042302827,-0.007495114474357885,0.003194717951885403
2023-04-24,0.0018767409996698077,-0.007036666520682404,0.00529836758746895,0.001350891232200012,-0.00046979672971125743,-0.014061310570081333,-0.0028434813553921377,-0.015444550452118741,0.010526750149777818,0.018701500368868054
2023-04-25,-0.009480430848474464,-0.03487276836944828,-0.020208460259219962,-0.02198362849542048,-0.024933398436996605,-0.02279406076785514,-0.030068013084653577,-0.011633104865311444,0.006076342640627693,-0.014315286287781719
2023-04-26,-6.111924669686321e-05,0.023224398457013323,-0.0013489486470281136,-0.017882684756876537,0.00887393659786024,0.04983155514747313,0.026882738359965658,-0.04402465397224694,-0.018402878759475695,-0.009225306199246226
2023-04-27,0.027999717417080117,0.04507277127081395,0.036729198508631926,0.013368964292277203,0.07043323186987983,0.03152537680582196,0.009966569623076488,0.041032719267455574,0.015450906137246418,0.011882490923242563
2023-04-28,0.007512585198009721,-0.040605781087400955,-0.0023264835713607914,0.00864542695367167,0.007350563524992466,0.007940250263346126,0.019027461947376048,0.025394246651119615,0.003297457609724171,0.012841927014366535
2023-05-01,-0.0005303079417647129,-0.03277395882406449,-0.0013050610271979827,0.02118620282446758,0.011830519620766056,-0.005548003036264154,0.040987618462761014,-0.015208459761728233,0.00730939062301572,-0.03150334148519269
2023-05-02,-0.006210859690460573,0.01536391753200235,-0.017693020169070633,-0.01627900742499981,-0.01633467244795797,-0.0004911131877842874,-0.02451088895003031,-0.009436987371174365,-0.004671009010716735,-0.040669400871170824
2023-05-03,-0.006488188922333595,0.00019301691085338006,0.0008544075777764255,-0.021390672727675728,-0.009280532216048104,-0.003312698161897829,-0.014568529031075304,0.001869644402715088,-0.008037955637453704,-0.01990633670032491
2023-05-04,-0.00996319812291244,0.0033710455381283566,-0.006854024174081343,-0.01377303678100599,-0.01491892868038527,0.0033126981618978282,-0.00867019191124704,0.0036667412660127767,-0.0044230343650143045,-0.017666527637242274
2023-05-05,0.04585947389846847,0.015835527254169667,0.008370668550108484,0.019346503723398314,-0.003173959777003534,0.017011578267630976,0.03976222403837301,0.05350549046047228,0.014263236022163202,0.024591450233593548
2023-05-08,-0.00040347978869459714,0.0016076240119395433,0.020624947337110355,0.0024106679920142867,0.00210270706448002,-0.006459077855218547,0.01628906858069617,0.01012145995502574,-0.00336417624388445,0.003948795076912484
2023-05-09,-0.010021284769209875,0.007437086747609261,-0.003904774833251131,-0.004826920725950417,0.00042869157169250684,-0.005360074227473451,-0.020096841442686947,-0.015486902413259212,-0.004557464551736427,0.000274958004762236
2023-05-10,0.010366828477631974,0.03293503350092615,0.040169651583937115,0.0005131194690403592,-0.0012435008790873485,0.017148694062644947,0.0109301881172052,-0.003612788634512576,-0.0006323130078273225,-0.012910540584457335
2023-05-11,0.0010942372695621184,0.017898556144584802,0.04222783732499045,-0.003155531722645754,0.011559737661689393,-0.007069344207690072,-0.010685381756475256,0.020786425091438347,-0.002676595530404661,-0.018264888771137855
2023-05-12,-0.005432270910867862,-0.017263494264582374,0.00803163131258556,-0.01443670840508097,-0.00843258225324143,-0.0036828412134693586,-0.008362887016964736,-0.024114596337054404,0.005040888950007235,-9.457326395143471e-05
2023-05-15,-0.0029016733073602458,0.008489121836596263,-0.008546330788632346,0.00839099253248943,0.02136873456297006,0.0015845598169221152,0.021399560411344967,-0.009750860107846383,-0.00893584570377696,0.0019052602476174391
2023-05-16,0.0,0.01959105037675755,0.025422816826902405,-0.006751650308648439,-0.00016756507364383875,0.0073406711845202385,0.008939940542128828,0.0010214088288270423,-0.014774048506020498,-0.024568881781270018
2023-05-17,0.0035970173715830487,0.018349125212474244,0.01106733438650524,0.030284021770216833,0.01525044551821933,0.00940725438852888,0.03249937146586924,0.04313493317739194,0.010554462886394887,0.022186678394629872
2023-05-18,0.013573595991296785,0.022684486585828632,0.016333944454856954,0.007555293012114198,0.0178204174662082,0.014292198246244737,0.04850945417505726,0.01727768584344739,-0.011576515531489955,0.009022291898690108
2023-05-19,0.0006279918345661248,-0.01621197208021114,-0.0005700308123927132,-0.002296281496322855,-0.004913861521359627,-0.0005649883113148619,-0.013155168968981105,0.018206255962432197,-0.0008558862613163974,0.004622133203586796
2023-05-22,-0.005495711715082972,-0.01072394478867387,0.01848238085674579,-0.008297041914613551,0.010851153668043094,0.008881419806219738,-0.002818837886495162,0.0473245988875953,0.003752357767684026,-0.012214518607392017
2023-05-23,-0.015271180776706476,-0.00017395019575110725,-0.020113030445632344,-0.010487500430508608,-0.006383055767186168,-0.018603854886352012,-0.01577682845435299,-0.016549549453013485,-0.0024583792342770853,0.013531134284351412
2023-05-24,0.0016308074307018823,0.015189747065965913,-0.013636939260270063,-0.009193622059006765,0.009960776827823934,-0.004482637018870339,-0.004899878163303532,-0.015569850375932186,0.0028950015669313533,0.0111221449121323
2023-05-25,0.00666994002104048,-0.01510276818575663,0.021115472267801843,0.0024354533498277668,0.013867468581823078,0.0377369068556984,0.08549725780967952,0.008547333224801432,-0.006530520442436349,-0.01810123038111365
2023-05-26,0.014006398696369346,0.04347586628475364,0.009109625294322552,0.00931734445015401,0.036333992037310185,0.021160077360217442,0.025116403201294445,0.04608376548838008,0.0079645396450535,-0.006552048815370227
2023-05-29,0.0,0.0,0.0,0.0,0.0,0.0,0.0,0.0,0.0,0.0
2023-05-30,0.010603111551840546,0.012822304345733589,-0.007572146620424366,0.0037902006085944622,0.0018299035680200294,-0.005059510102230313,0.029474494134325794,0.040530008769500823,-0.0034740372724189157,-0.008898981471777633
2023-05-31,-0.0002820042921570048,-0.008916850747084985,-0.00648978101368679,-0.01281278888026611,0.0083453877350369,-0.008550512770624968,-0.058442568763019946,0.013676132280176065,0.015283111058413536,-0.018039533942038256
2023-06-01,0.015895557790654314,0.017999210602823053,0.006894125614129628,0.01368546928787408,0.02936954892356908,0.012678189050015606,0.049904824503650885,0.017450979367424225,0.01302957402945351,0.011482147795553755
2023-06-02,0.004763874532340758,0.011983006127262639,0.007649176199072321,0.0207881153658612,0.0,0.008443618085084283,-0.01120164866949755,0.030608082827557156,0.01198148622416867,0.022954337673889248
2023-06-05,-0.007599699973672884,0.008415221280893264,0.010691098712882976,-0.009872380638314191,-0.004485306476611572,0.001608563516684245,-0.003974655164449131,0.016868648629117366,-0.0027862610643024787,-0.0044540149871026575
2023-06-06,-0.002062654252475082,0.010400614095251953,0.010263850646984037,0.0017954329398621005,-0.0009955615939023115,-0.006749943332556166,-0.013286222636539335,0.0168599499197107,-0.021547614243463575,0.008134868006818173
2023-06-07,-0.00778627255275707,-0.043421904903774046,-0.03851408257786992,0.009641891143741354,-0.028128579002996378,-0.031354438743608035,-0.030873101011078038,0.01462307267215497,-0.0112200593088384,0.022173239638921052
2023-06-08,0.015346508710986898,0.02460606952762862,-0.002943153159962147,0.00028435705173155475,0.00371096566513987,0.005796577709243338,0.02724405648101338,0.04480209933086133,0.016660874535491005,-0.003137685344168495
2023-06-09,0.002157611344374688,-0.006621468748440394,0.0007366007648729171,0.0019873074281397843,0.001397393991513574,0.004693169246968305,0.006728910453440444,0.03981660778824774,0.006891259713221535,-0.007421848337200836
2023-06-12,0.015517726243904635,0.025121316164936732,0.011469653862981675,-7.053317261830436e-05,0.022761974151658166,0.015365242750369351,0.018197864257905715,0.021974491562613167,-0.002088819977787987,-0.009073470866593668
2023-06-13,-0.002615145749255909,0.0007108476079609743,0.0015354905040127725,0.00720793928519877,0.0009960455299020538,0.007325929462844061,0.0382638444526645,0.03492701634188564,-0.0026019178564948443,0.00018780933619745672
2023-06-14,0.003485343428901801,-0.0018966774409432219,-0.0012929795534175378,-0.003738860090107053,0.007453976697995559,0.009082509083970439,0.04702176846502054,-0.007449046704933148,-0.06231561487066122,-0.012098213931809024
2023-06-15,0.011136314211344065,0.005443175548084132,0.011416728968552104,0.011244754514673572,0.030550834692072332,0.03139820475828535,-0.008032626915137047,-0.0034719442089692484,0.01712421476441872,0.006917693866847095
2023-06-16,-0.005877167721404358,-0.012826801009232924,-0.012549427945982542,0.0011871951913909747,-0.002949636984106074,-0.01671442227125218,0.0009137819400342302,0.01796971375181672,-0.016011256706418613,-0.007203171583736983
2023-06-19,0.0,0.0,0.0,0.0,0.0,0.0,0.0,0.0,0.0,0.0
2023-06-20,0.00048685504903054385,0.002308282311188502,-0.0034869093166702554,-0.005108164271592857,0.011781242353802908,-0.012581525665961928,0.025805086344788022,0.05201270640767318,0.023495686616320358,-0.023190787795479038
2023-06-21,-0.005691413275559487,-0.007581513078945846,-0.02093249638053071,-0.0014747252917807637,-0.009506028363142866,-0.013370911661514313,-0.017570546715445508,-0.05616662426467672,0.01555834975398359,0.011133188915140953
2023-06-22,0.01639010281628167,0.04173475821321792,0.021338462830047776,-0.019440197365289017,0.011438476379146799,0.018269542115699824,-0.00046458825470019176,0.019654473293680905,0.004812579872527933,-0.005502765709194415
2023-06-23,-0.0017128132282949657,-0.006320292959406817,-0.0065989973229544025,-0.005243783865196083,0.013424000121408007,-0.013902112659762083,-0.019147908753609368,-0.03073851253541729,-0.0042885613422241784,-0.008750572864911094
2023-06-26,-0.007581849685082683,-0.01558513561942593,-0.03324222464691789,0.002446064462625712,-0.03618165774501805,-0.01934921880021243,-0.038077598708820375,-0.06251408245574486,0.004309475430702727,0.01828874069986834
2023-06-27,0.014946881200435524,0.014424567940817595,-8.442781621871456e-05,7.156822550694607e-05,0.0303459742573806,0.01800499712653793,0.030156930300067553,0.03729619858071868,0.0072794873320002505,0.0024899737116580666
2023-06-28,0.006308026134101522,-0.0010843421189455317,0.015513290112721354,-0.004391759195195415,-0.006150141026325753,0.00381873462773069,-0.01829116876489728,0.023813875097039847,-0.01694903915890011,0.008097152983365273
2023-06-29,0.0017948571022248306,-0.008873661272556729,-0.009027234531979001,0.03432724242508978,-0.013267177271014941,-0.0023850929240125094,-0.007200591722119507,0.004905252914132209,0.004185599302343852,0.01225865958987014
2023-06-30,0.02283973153874483,0.01905113813636069,0.00502520180125514,0.013916390349404324,0.019173620882941972,0.016252992560332555,0.035613327455925964,0.016446493545468958,0.008776622691242634,0.005141450574943939
2023-07-03,-0.007815070436143602,-0.0010745214685311468,0.001669513986866003,0.008012556829274684,-0.0033510635134708865,-0.007516375978320844,0.0026203356223573095,0.06668035183063045,-0.00575880744926457,0.001956106899873622
2023-07-04,0.0,0.0,0.0,0.0,0.0,0.0,0.0,0.0,0.0,0.0
2023-07-05,-0.005888747640612305,0.0012279637641415527,0.015311638660055618,-0.006684158895858938,0.028775957654211086,0.0004733954484894049,-0.002265671166803976,0.009461225032650612,-0.014034731685491774,-0.00513137735540837
2023-07-06,0.0025055021089881216,-0.015614479950363446,-0.013561787802611231,-0.00993558291273698,-0.008117929428490867,0.009184273552378067,-0.0050698312477203125,-0.02125228365266279,-0.003955080038779079,-0.03803545755235896
2023-07-07,-0.0059085201016547805,0.011001878790426247,-0.005259023068258524,0.007859326092579442,-0.005012733087600351,-0.011938427880733113,0.009455327472133925,-0.007659314226953743,-0.016714530387462796,0.002329251207170253
2023-07-10,-0.010915322367341074,-0.020630536429565062,-0.025686963393505367,0.005596198501780305,0.012213064524286025,-0.01611264682829985,-0.0076283168174164605,-0.01771977662648564,0.003179662283453779,0.014722268777570083
2023-07-11,-0.0028139154035548997,0.01289534927354112,0.0059078186409228075,0.015517817496808176,0.014146348938832192,0.0019268617908251046,0.0053198592346470905,0.0006674942605875906,-0.00034555097514820803,0.012152600448087535
2023-07-12,0.008945358879601854,0.015563949723523061,0.015165170352182187,0.004939644394542254,0.036374584806265896,0.0141264944310349,0.03469372839049921,0.008121354742896705,-0.02447117729119254,0.004894944999656832
2023-07-13,0.004049248045143944,0.026406663898050423,0.04609186575487607,0.004848029910851648,0.013071459889131096,0.016062402291085163,0.046181546391611296,0.021496049775542363,-0.008783233462543342,-0.018481359736690975
2023-07-14,0.00078704905813165,0.0028254136578632553,0.007041243670282378,0.006027416405293035,-0.014591790605099275,0.007501097497280412,-0.01111039179021063,0.012444771516691934,0.0620409329007912,-0.035043292142506254
2023-07-17,0.017157553265668972,-0.008350743114511814,-0.006158333483813673,0.023817846968597126,0.005649742649661763,0.0014183697963892547,0.021582369697026493,0.03148434056863512,0.008109914836556117,0.004349395638516633
2023-07-18,-0.0013413510977440906,-0.005480667866621605,-0.007165617919661293,0.001823962335718637,0.004593098346537826,0.0390282656551505,0.02199003393334923,0.010141906463636843,0.03235810262484221,-0.004547606410918175
2023-07-19,0.007046889140828726,0.01886777143765127,-0.014077255979203894,0.0038324287259293944,0.012610457645837436,-0.012343359446562204,-0.008818949371664005,-0.00711596075110357,0.0073726764656035755,0.006912281094276678
2023-07-20,-0.010148551809516739,-0.04071113790508541,-0.023464192732523155,0.012242136953702736,-0.04362623311643528,-0.02339296599218585,-0.03363272102400126,-0.1024426640636013,0.0010714693671220004,0.017461175909831674
2023-07-21,-0.006180743196055121,0.000307687993656272,0.006855681173623545,-0.0077145538202850646,-0.027683913643772727,-0.008977257514414173,-0.0269638757970484,-0.011015199637560409,0.004531282453617733,0.004631011210873919
2023-07-24,0.00421108835384031,-0.009273613091557636,0.01250280369817941,0.019492485643474503,-0.009046512404125781,0.003890360970308515,0.0068148760986103596,0.03417588510139735,0.004235517839526558,0.015567727451896279
2023-07-25,0.004503459005212391,0.002558849307688174,0.005579693694178588,-0.0074962340377762934,0.00975976845437015,0.016866201068566566,0.023635979583242775,-0.014148526638195701,0.0044135125645563805,0.0015154022980264376
2023-07-26,0.004534660140185611,-0.007618281489535843,0.056162422486998605,0.005976100810848458,0.013827357626392906,-0.03836433815524601,-0.004981934555605264,-0.003511861575139069,-0.005751126384373443,-0.005598689355767303
2023-07-27,-0.006602781339957136,0.0007800788687019062,0.001004927777209018,-0.011090621014664934,0.043068827001376285,-0.02109303813738442,0.009808445863138181,-0.03322998965193553,-0.005467759954103718,0.0031352931452261973
2023-07-28,0.013417647605554618,0.030410134252966122,0.024278002640843895,0.005688102694103659,0.04322799116519755,0.022867971428881407,0.018349041771296832,0.041105070589749985,-0.004602475185959605,-0.012023986183167072
2023-07-31,0.003160965536823438,0.0110572111941032,0.0010554788829502872,0.006669765996662589,-0.021364874189568554,-0.007266754918846555,-0.00044943615165170595,0.0037087357528333273,0.006856382542629852,0.029141118628647728
2023-08-01,-0.004285053035806306,-0.014998135236778893,-0.008854733250483485,-0.004950575062440991,0.012817776670138165,0.001249196412330102,-0.004761887211513384,-0.02406922380883306,-0.0032242789962589544,-0.005798430431267732
2023-08-02,-0.015611331668090665,-0.026781097330387048,-0.024392373399629713,-0.011389036096495438,-0.026374122035113984,-0.026634541808185277,-0.049318298415064445,-0.027021352113566002,0.00011896337946072444,-0.012552639432105986
2023-08-03,-0.0073483075276114095,0.005444917932495522,0.0005450838208808417,0.006094661769130336,-0.003570050604474016,-0.0025679999583384694,0.00554163573053923,0.020295602012260543,0.00011875655796316388,0.01723131227498162
2023-08-04,-0.0492114321923925,0.06131112770815112,-0.002650526421531733,-0.002112919300959951,-0.00788541424401427,0.003422886018609813,0.0036998774877219126,-0.021279912186420162,-0.0042278397371199915,0.0027966539227983643
2023-08-07,-0.017404271983604197,0.018808843040995626,0.02634567732816246,0.0047315331014547565,0.01858819062101648,0.0070832168932842155,0.01636046634045639,-0.009538785882980292,0.01580742929024305,-0.002049983338681121
2023-08-08,0.00529761764740181,-0.016161386274731373,-0.000988997339734418,-0.005629251442821964,-0.012460293968484889,-0.012375477308891466,-0.016718876449387538,-0.00698396541730477,-0.009600699181700801,0.004931770178407727
2023-08-09,-0.008994707023746117,-0.01504759501753799,-0.013330068921887156,-0.01349862898741546,-0.024052220513619254,-0.011784934064421673,-0.04839382862801723,-0.030537632908455258,-0.0074408433502171035,0.016844072262159202
2023-08-10,-0.0012355227345644327,0.005137245447970533,0.0002311339588275261,-0.0014964974481215451,0.001735118187651921,0.0021699655361742142,-0.003908617666061695,0.012922436522360333,0.002724852500797762,0.005098564248545095
2023-08-11,0.00033753091546849686,-0.0010831058272496987,-0.0010027982757678227,0.005778856677344933,-0.013500987535208307,-0.005963274847908058,-0.03683624086825456,-0.011024937980288016,0.008957170551397563,0.015409019540378712
2023-08-14,0.00934928547831229,0.015485316080358403,0.013569124412762092,0.002069923300933948,0.01497141844998717,0.009394778982710725,0.06853104702761834,-0.011981650600334395,0.005731467967241846,0.0008043856107802716
2023-08-15,-0.011263497814968272,-0.020846133672850414,-0.011872651540800257,-0.02578682984301692,-0.01394409367540722,-0.006750385646256793,0.004264918839023755,-0.028771606269163794,-0.00833324561001002,-0.02600847757148666
2023-08-16,-0.0049712930468385425,-0.019066286976507706,-0.00835644188213738,-0.004252190465163761,-0.025695879411199888,-0.0024315841389462543,-0.010386022315986955,-0.03210324714965498,-0.006196467163901859,-0.01697021767996148
2023-08-17,-0.014662253426542057,-0.008102713606702033,0.009434680553789163,-0.010441210643113206,-0.03176093771665743,-0.011046883795056752,-0.0032706675121602826,-0.02868774932252366,-0.01924836088225914,0.019186573382000055
2023-08-18,0.0028121843000382604,-0.005688597043229265,-0.019116219092787157,0.002284933839781939,-0.006474883877705263,-0.0012631694608963072,-0.0010387855032311156,-0.017161267109647337,0.009028711368904076,0.0150158958617094
2023-08-21,0.007707036028199767,0.010899633762398327,0.007114058628731524,0.0034175867318708853,0.023206105332965438,0.016918840362133813,0.08131571586944042,0.07071456218373605,-0.0015260205825572773,-0.012160148959339314
2023-08-22,0.007873665303475984,-0.003197806521519639,0.005515816502192158,-0.020956390698680473,-0.007965482525839283,0.0018001521114508511,-0.0280473954113087,0.00822448994977978,-0.010787693164654144,-0.0056271146894332135
2023-08-23,0.02171156290336617,0.009415529041193322,0.02516862039487845,0.006740244750579388,0.0228251936819662,0.013981193403618688,0.031214853543167085,0.015615669490355368,-0.005907781630621381,-0.008826935631355302
2023-08-24,-0.02651881110827022,-0.027530224045928062,-0.019760515104666847,-0.0009505465361968336,-0.025784812850217217,-0.021733136353046266,0.0009969748608850118,-0.02921607421029239,-0.0027413463873200527,-0.00749434640108764
2023-08-25,0.012563690971127457,0.010713027528748599,0.0007702382973413238,-0.001222874516425323,-0.0043688947226548525,0.009363464802746206,-0.02457695578017869,0.036493404628287436,0.002087340618579277,0.017707925985593783
2023-08-28,0.008807346788494427,-0.0009008643247144191,0.00866273529406232,0.0034619103102576905,0.016535161896062633,0.0022267184842264163,0.017598141574170636,0.0009635784854130897,0.004406541474440956,0.008371538514547467
2023-08-29,0.021575812361443625,0.013206715007284348,0.026810907427855295,0.008099349101955401,0.026282681905560473,0.014445373708307277,0.040771500510395034,0.07406603958973092,0.0031499791608242005,0.0059366813057276134
2023-08-30,0.018990660378923652,0.00118530020246871,0.009687567990137676,-0.004041474641406093,-0.009745632239313682,0.0011565375274726307,0.009791164701250183,-0.001089320005828064,-0.0026413230053366817,0.00969696297755631
2023-08-31,0.0011718085742274424,0.021532889699268778,0.002132256451064708,-0.012428519960009201,0.002673547118941046,-0.0031375485438272345,0.0018455857344434475,0.004582681990043304,-0.03088737475353591,0.0027918875870238395
2023-09-01,0.008427819081291879,0.0007967306725371615,-0.0037525085692911857,0.0033432599804875756,0.0016545942404912045,0.0027421937347682068,-0.017289837520667393,-0.05197055872941742,-0.0007135295615410263,0.02073852034114571
2023-09-04,0.0,0.0,0.0,0.0,0.0,0.0,0.0,0.0,0.0,0.0
2023-09-05,0.001265782716853593,-0.006173016781758742,0.0008103408275783886,-0.01109528966295984,0.012640041417120437,0.014769073720941123,0.0008036721727516644,0.04579063580383254,0.009550101585801976,8.805696635587505e-05
2023-09-06,-0.036449659731144626,-0.014011920021062172,-0.009695226436723128,-0.0016542502455970938,-0.0032704689343855745,-0.0020108546487360174,-0.031025999996879813,-0.017978069897591802,-0.008081400707514374,0.008595179223032467
2023-09-07,-0.02968572894635752,0.018228281379293984,0.005931867889959263,-0.00859094204510375,-0.0016725470605438218,-0.008962200673983843,-0.01757763353035833,-0.0017083203640211426,0.016366372898501104,-0.004902523082266826
2023-09-08,0.0034858108919969613,0.0027527518216119884,0.008246234800525538,0.0007652498505953655,-0.0026151441967170916,0.013129193252873404,-0.014573459043585245,-0.01196040362366716,-0.004482879720130511,0.014462764384840536
2023-09-11,0.006600829516212107,0.03462479564658769,0.003951775274743765,0.004370297483837914,0.03194608153505245,0.010919446569124613,-0.008683300051415767,0.09615118904304938,-0.0028952860868221076,-0.012621427232417189
2023-09-12,-0.01720798382547986,-0.013153992385327589,-0.011606822238158277,0.01293006628990577,-0.01936960910136473,-0.01842664209520974,-0.006840907714090244,-0.022549196320499374,0.0010841489809752794,0.028752127829836834
2023-09-13,-0.011925623188073393,0.02530902952298205,0.010071969702518465,0.00047838797530526926,0.011207886051239182,0.01284783700237034,0.013613321253707147,0.01418033641106544,-0.00012498754431599756,-0.008976901115006599
2023-09-14,0.008744132233063912,-0.0008979168301894522,0.010116235167115318,0.019211733730790482,0.021596856275531377,0.007825148819726601,0.0021082810057538675,0.017320639037477315,0.007805395121538923,0.017705468215906142
2023-09-15,-0.0041625532876615684,-0.03037658988565322,-0.0050816811948972175,-0.0029521914858687756,-0.03729025694629114,-0.025355707594951885,-0.037576688836976804,-0.0059953082833390835,0.006389827451032257,-0.015475145660107789
2023-09-18,0.016771973392602623,-0.0029247348968620985,0.005877821655171049,0.002081068510944405,0.0074314459714166945,-0.0035188142881591618,0.0015023500201976337,-0.03376463807907184,-0.0013158875239977596,0.008022683684932575
2023-09-19,0.006161799434708031,-0.016930564270193287,-0.0012307473017921051,-0.0012752198457798142,0.008294752001974692,-0.0012470224869966537,-0.01019587295504378,0.004588376260533905,-0.011171985057814518,-0.0026386106619657465
2023-09-20,-0.020194937781730503,-0.01714838747973992,-0.03164577151913752,-0.004238738190487569,-0.017859504749916023,-0.024269052508999557,-0.029876711387492014,-0.014780377139554338,0.02358281324279224,-0.007958080158891535
2023-09-21,-0.008928978599906639,-0.04505328140436448,-0.024984502902816664,-0.007853017582088194,-0.013234989258952185,-0.0038730760713769196,-0.02935739984219955,-0.026588996104119158,0.018142668664782605,-0.014189517906964533
2023-09-22,0.004932351263808599,-0.0016251248796010811,-0.0014577416141045953,-0.00962914170384389,0.011264300904218452,-0.00791770301035264,0.014353915515585793,-0.043236555785455495,0.009848653777748732,0.001567249282451915
2023-09-25,0.007353253436313441,0.01651413665688319,0.0065812689961148715,0.004928561708303844,0.005834038853795114,0.0016703250660594002,0.014600945211625771,0.008579557642104906,0.008225383757192907,0.011160919719953963
2023-09-26,-0.02367655061167537,-0.04113311252209692,-0.01956323564679675,-0.010433032289731997,-0.0062355629209822775,-0.01715187602056805,-0.0073931834190567765,-0.011687984544270934,-0.009510479400155751,0.0015472990892932315
2023-09-27,-0.008937477080366272,0.0,0.015206050767715043,0.005847677730886381,-0.004089064380331929,0.0020803398299830893,0.013202591473648927,-0.014939798128788435,-0.003408664659468708,0.032038505647723634
2023-09-28,0.00152452877903432,0.0,0.01346805771237198,0.012339395345107066,0.020675419917368584,0.0027137318002379293,0.014516956104903635,0.0241549898062297,0.012566275093288863,-0.006091791943336312
2023-09-29,0.0030420124099332486,0.009008352994332738,-0.011019724313333496,-0.017566448696724038,-0.012413852858180429,0.006704994291620924,0.009470125362478357,0.015465456415727708,-0.01165365002948154,-0.015946248180493734
2023-10-02,0.014726366655010079,0.018240461143240686,0.024979771336389043,-0.00865698275445058,0.02177902973773048,0.018979268629282432,0.029068284311425045,0.005500013317318054,0.020378480387791692,-0.01672353547022887
2023-10-03,-0.007800105452599264,-0.0373007704408456,-0.013053636461708363,-0.007400044579503012,-0.01935028947198271,-0.02648171366639172,-0.028654462371841393,-0.020356864105244222,-0.009960599648811444,0.00172816295197726
2023-10-04,0.0072821234465628645,0.018115851921521226,0.020997053850689684,0.004474566955672365,0.015300603744941388,0.017617234978943595,0.011969205920578941,0.05764957536105983,0.0022546603127012637,-0.03809911630501925
2023-10-05,0.007172321860779347,-0.008222697494164894,-0.0012580204724911646,0.0042077123251560876,-0.0025884568132527766,0.001253158822185941,0.014583962694316267,-0.0042593870629195184,0.010926739109077281,-0.022768379644273494
2023-10-06,0.014642587749894413,0.015753318962097584,0.018412452856391086,0.015277993797738015,0.03431372540821493,0.024436157672727787,0.02374909599851345,0.0018441397469999051,0.016483988087671732,-0.016839657310495637
2023-10-09,0.008415684009536361,0.0023417029658428425,0.00608693205290871,-0.0022767711181398416,0.009246082930287435,0.007791937050966717,-0.010743332955735149,-0.0033063672235030548,0.003234062968259888,0.034392825661101585
2023-10-10,-0.003357831516593659,0.00946698516860395,-0.002604213377542848,0.006060241364131566,0.010871520521359826,-0.00434502481114554,0.01152981853501409,0.015097007960672728,-0.004321004604567653,-0.004246462578710142
2023-10-11,0.007872933789124905,0.017986831598422272,0.017874885402238288,0.0034267279344772014,0.01841044810425675,0.01219732240273846,0.02177088575057976,-0.0023926822540326844,-0.00020967943307980446,-0.03651178655744294
2023-10-12,0.005048528579068634,0.003785588962598881,-0.011305129971600754,-0.0023288613801905433,-0.011227561982876878,-0.0037976122469032692,0.0029653719357401556,-0.015789985181823882,0.0026865189511621787,-0.000187687518667132
2023-10-13,-0.010345981632235293,-0.019381108651019514,-0.01165268945186976,0.014907683719836765,-0.02964922659127181,-0.010411564732326973,-0.03212186152994763,-0.030395093236742683,0.02603110833783739,0.031434553232105644
2023-10-16,-0.0007271961379254614,0.021042247787508333,0.012587617575131113,-0.001013868003890403,0.020320029759174074,0.014870842709755912,0.013849600018081946,0.011088356477393282,-0.002543077316150587,0.000727777862755861
2023-10-17,-0.008823675032496068,-0.008181257764936053,0.004447630981325995,-0.002166703750197141,0.008835514403876102,-0.0017452940384633645,-0.047924961363671775,0.003655911168542864,-0.002567977446320259,0.013011886617217059
2023-10-18,-0.00742229259433807,-0.025733286363791553,-0.012676565200881161,-0.01104144604454124,-0.02193631036631679,-0.005889762049850127,-0.04045425524577203,-0.04893148784195894,-0.0011002425153897417,0.013907747712878556
2023-10-19,-0.0021634343314354118,0.00210493209093831,-0.0015236081767638328,-0.004258370763686678,-0.013211325680035914,0.003658855063481367,-0.0022536366120134393,-0.09761624872658338,-0.008298317793388948,0.0006194928079630549
2023-10-20,-0.014813258771975773,-0.025477545009301914,-0.015730962544798263,-0.016236809230170103,-0.013388004727946915,-0.014134151989377033,-0.01710491975265705,-0.037588294506417,-0.008690239197053756,-0.017313957675033027
2023-10-23,0.000693697734121599,0.011043686017449744,0.006615239867240614,-0.013735147600306676,0.0172168303915509,0.008079372621561668,0.037651865980143896,0.00042444095402800134,-0.010414125995008756,-0.014783068403668605
2023-10-24,0.002540251013738937,0.01567921771001468,0.01678130139805689,0.0012048880961189588,-0.004660394529209148,0.0036673328954544174,0.015882401880496628,0.020719371046622376,0.006554779456637652,-0.009731971976515229
2023-10-25,-0.013583421197171203,-0.057387204557163146,-0.05288224203411107,-0.005469191253554364,-0.042549837462328065,0.0302170661140954,-0.044107276724203566,-0.01911750338776431,0.009874938107531732,0.0018435677974553892
2023-10-26,-0.024913405876089027,-0.015106526502479031,-0.02686834091759022,0.0025606944161360424,-0.03803954437013879,-0.03823622482036215,-0.03539721641261581,-0.031855023921114375,-0.0034952411613494087,-0.009158794401961323
2023-10-27,0.00793765148984474,0.06131112770815112,-0.0008999672101476016,-0.03668350563660958,0.02864746432742028,0.005838502397308055,0.00430535155361342,0.007456619810883741,-0.00702759358798045,-0.01923574059211122
2023-10-30,0.01223016289386445,0.038169415629497834,0.018570939878680512,0.012669379404614038,0.01978756316894749,0.022485872231996683,0.016189371103466046,-0.0491375588495086,0.010107789638594818,0.003121511959746196
2023-10-31,0.002814913405473406,0.0028592165427562357,-0.0030579475355640437,0.01186321317266139,-0.004603290557016001,0.0023688337611472475,-0.009299732980186699,0.017479077618859314,0.010454888148430616,-0.000283364334623593
2023-11-01,0.018565240517607978,0.028955362245697565,0.018920494955421037,-0.0008629175282882993,0.03451558268933966,0.023269711761163724,0.03718641650343123,0.02371578467512363,-0.00742157594244572,-0.001985960178357157
2023-11-02,0.020482115903370297,0.007779930147075702,0.00819091022472666,0.017691817407568818,-0.00314737604619103,0.006480413537091451,0.027521057832488368,0.06060741733192271,0.00848525395549233,0.03231959404685168
2023-11-03,-0.005194712183229794,0.0038312748175106013,0.012549418260297693,0.011110690017907408,0.011927204010597266,0.012779723521099705,0.03387472032144227,0.0066139872231546415,-0.009802899396792844,-0.012264511824059337
2023-11-06,0.014499661407394499,0.008191461641482902,0.008868207076868907,0.007523810570471683,0.003806886295373174,0.01051721510103922,0.01643994706388793,-0.0031418755173999516,0.004810268523639655,-0.017880177227968627
2023-11-07,0.014347238894929728,0.021031053723631822,0.005512822227376441,-0.00048615995260207,0.009517684533764429,0.011156658417953725,0.004449024509033422,0.013183964542986627,0.008158457201322706,-0.01580373985362311
2023-11-08,0.005867657049542593,-0.004424354026475328,0.006620754397918676,0.004918193457376245,0.0030065366055196524,0.007378714936188039,0.013379708552641973,-0.0003150737899407528,-0.0020473133730299314,-0.01235894658632227
2023-11-09,-0.0026280410318866377,-0.010471269344291862,-0.012210047717279867,-0.002975418702226145,0.0024050381598386852,-0.006934895861505545,0.008040955906709791,-0.056160489658582134,0.004220304245308682,0.0002914830849730956
2023-11-10,0.022954713608919222,0.02083402648617425,0.01788252650444827,0.014722163386191811,0.02532003370500732,0.024591879015270598,0.029072698112509718,0.021996498496030296,0.004091871951587692,0.007643555734813681
2023-11-13,-0.008620745910991403,-0.006779695661997966,-0.0037781527456176443,-0.004448753371941059,0.0012767900444760928,-0.008121242044816209,0.005878881573731567,0.04134183399945281,0.002509759800521996,0.010451023620937703
2023-11-14,0.014184590299762495,0.022262486894446033,0.011516468305852134,0.018082185194129446,0.02139806138865398,0.00974290988658128,0.021084225473200567,0.059438019477541446,-0.0038964985658034934,0.0038429777691498376
2023-11-15,0.0030363249700957017,-0.017993607290294027,0.0074559316157972455,0.00871951514481172,-0.010761847278745637,0.0004058900406858189,-0.015587208432354678,0.022614155469065075,-0.00380033650417735,-0.006059105920491215
2023-11-16,0.00900166484787596,-0.002587108521031568,0.017014127750128828,0.011355270963451578,0.004438317902569862,0.017430573409667586,0.012036637023988753,-0.03883534904080814,0.002615478685265111,-0.011643869216542894
2023-11-17,-0.0001056696313580424,0.016319176713110995,-0.011901496160621854,0.009005199857007424,0.0025401113249553567,-0.016943840489757667,-0.0036850843467672264,0.0030349323976646067,-0.006560872744012552,0.024106734344676056
2023-11-20,0.009235488850911848,0.006522368493262836,0.006923060314136106,0.0030706420299279487,0.01460763777572355,0.020314105126983718,0.022286169217715476,0.005533119144943252,-0.0022212849894163032,-0.004392241139199041
2023-11-21,-0.004239845035571962,-0.015378098422388055,0.005270355929001336,-0.00208983665385241,-0.008833758026768288,-0.011645550344346186,-0.009267279083235935,0.023490974516940124,0.008356007239604021,-0.0003828231392367101
2023-11-22,0.0035082633452501867,0.01933932343605667,0.011036288747050142,0.002350838563877574,0.013294795247557166,0.012731323203226065,-0.024894828986103668,-0.029408274734311717,0.0076985993930514226,-0.004317028633069889
2023-11-23,0.0,0.0,0.0,0.0,0.0,0.0,0.0,0.0,0.0,0.0
2023-11-24,-0.007028796715076937,0.00020445580612358505,-0.013082534739335924,0.0013686956425531668,-0.009592370365302583,-0.0011122316588413497,-0.019484056007148615,0.005280386261856706,0.006123313451557185,0.005369459642173794
2023-11-27,-0.0009479309217670666,0.006723903692254734,-0.0020504417018676283,-0.002282130835542291,-0.010491427865266948,0.0031215065153727406,0.009706697557227613,0.0026721746625813217,-0.006436151722367566,-0.005850246493261578
2023-11-28,0.0032088019156978026,-0.00474961512561893,0.005774502094076475,0.0022821308355423626,0.01273599976073067,0.010744840114274285,-0.00876536637131922,0.04408335693193017,-0.005645080730290412,-0.0005774729101162017
2023-11-29,-0.005424222941933663,-0.004840585148378569,-0.016238948921639056,0.005067208552527888,-0.020233514656572898,-0.010111014507136239,0.006648541844276401,-0.010512266581044115,-0.01032094722646634,-0.015128422349119423
2023-11-30,0.003057826933541504,-0.001573209061844679,-0.01839171615383366,0.011340184334797878,-0.01531833313442817,0.00015822943999709206,-0.028871174869013933,-0.01676961998268328,0.03307434050780373,0.0039011492272182117
2023-12-01,0.006768531811660691,0.006413794210223246,-0.005068258920653946,0.004857551490047914,-0.007147711363436632,-0.01168010083569007,-0.00010705245220806898,-0.005220199323597404,-0.007156773367320708,0.0024302709607594932
2023-12-04,-0.009509662473708968,-0.01500697967354326,-0.019837469497890094,0.007305612420556852,-0.014887767080297886,-0.01444249236215341,-0.027203051483014613,-0.01370144313218934,0.002044891459365978,-0.005452220458085783
2023-12-05,0.020844436831346486,0.013986300502114904,0.013217840006999286,-0.00012659204103242837,-0.005420272414867646,0.009114590339551509,0.023026591675011174,0.013240755825754019,0.003604855996927246,-0.019619219042845745
2023-12-06,-0.005703280839225877,-0.016198024273178,-0.00743279470222645,-0.010564125886118976,-0.002642638410299781,-0.010036093073842654,-0.023092516149689372,0.002719129460769398,-0.001327703268137282,-0.013330120436840035
2023-12-07,0.010088305693537697,0.016198024273177868,0.051781613706805105,0.0030662742135226014,0.02838510736763101,0.005812668336048783,0.02373644351012513,0.013568409275163597,-0.0022954697793225996,-0.006986330481539091
2023-12-08,0.007385061353604011,0.003669683224747049,-0.014269214439200007,0.010973510908558595,0.018686012837417453,0.008803334684435782,0.019341337664542952,0.004933396614923965,0.0027323395313894566,0.011416141155848627
2023-12-11,-0.013011712149176194,-0.010432734440314026,-0.012673729027527041,0.0036522916505150353,-0.02270509191663424,-0.007860274014893025,-0.018676105450282532,-0.016957231787828677,-0.011139252067614212,0.0007028082526422367
2023-12-12,0.007888892352892349,0.010839635496016388,-0.005793258740127242,0.008885574220582074,0.027112941741699995,0.008261056601857854,0.02184973005107705,-0.011452714531076777,0.0037451337178354338,-0.01588550022113914
2023-12-13,0.016553636472378473,0.009179334477907091,0.00037699814688402894,0.0033581542296060862,0.0015547416206827247,-2.675816296564031e-05,0.009003014538062392,0.009573866272891631,0.006010706692318562,0.008834001571924861
2023-12-14,0.0007574909343097333,-0.009586235533609468,-0.004763558570842819,0.018028688005893582,-0.004701433173005145,-0.022802566188852885,0.005433488094070729,0.04797595720291628,-0.02727154046595985,0.026535248046667622
2023-12-15,-0.0027293757401388214,0.01714963889276147,0.004990083976879542,0.007532914373440405,0.005239304819643174,0.013032006520426166,0.011106766110472522,0.009711688394547188,-0.005857232296516619,-0.00671678574819456
2023-12-18,-0.008539819156729899,0.026971809898698733,0.02384591065574367,0.006033826062306008,0.028550326364903365,0.005165568141875607,0.02398895800507183,-0.0056173183184346845,-0.008641653216638233,0.007405553794757388
2023-12-19,0.005345868412510751,-0.0018191003361762064,0.006239811313153559,0.013266716358461642,0.016518750475938957,0.0016357102070093206,-0.00949041394969993,0.020185249870892544,-0.004778190284529257,0.013096423566803388
2023-12-20,-0.010771475505512168,-0.01091834083412718,0.012291245109207613,-0.011343423783658317,-0.003087184091811529,-0.0070981365514203665,-0.03056051269318608,-0.0399767793773106,-0.015597035419036702,-0.016841785312685435
2023-12-21,-0.0007705652245160956,0.011243426514228085,0.014923755204559705,0.005687795963488395,0.01367722282074266,0.007847905080212231,0.01810537451030537,0.029345860784192233,0.007626855497944799,0.004532177584026386
2023-12-22,-0.005562877581459673,-0.002733830879625901,0.007591090853653476,-0.0005973569789382013,-0.0019789488112577787,0.0027802042013180817,-0.0032714253433458727,-0.007731210565404946,0.0008269051540784441,0.0017678313602242385
2023-12-25,0.0,0.0,0.0,0.0,0.0,0.0,0.0,0.0,0.0,0.0
2023-12-26,-0.002844763421357367,-6.514686816695571e-05,0.0002120284313156501,0.005896846284074851,0.004066698604741016,0.00021367618157830623,0.009153240974309045,0.01598774007390915,-0.0005381749946100954,0.0022543030499243564
2023-12-27,0.0005176068554742683,-0.00045644547960358643,-0.008159367042657175,0.0059797689773597425,0.008419103606828385,-0.0015759485834779521,0.0027963372984752865,0.018647455510860632,0.005293216696971629,-0.004710442092259999
2023-12-28,0.0022237696725467652,0.00026087992298881607,-0.0009978181375682837,0.0052990200394557214,0.0013684675434777762,0.003229418664187072,0.0021225763074918056,-0.032104151730159784,0.00402787963027032,-0.014565655354506718
2023-12-29,-0.005438830471956916,-0.009432812028151797,-0.0038583168840524065,-0.001175125187748041,-0.012242547743419893,0.00202310368315627,0.0,-0.018738327073791184,0.002986561112862409,-0.002098058006377833
2024-01-01,0.0,0.0,0.0,0.0,0.0,0.0,0.0,0.0,0.0,0.0
2024-01-02,-0.03644266850572633,-0.013317252487412825,-0.010940851297629041,0.011572980582604083,-0.02190718800509022,-0.01384394616920472,-0.02772217938517641,-0.00024148746074577508,0.02415173183834519,0.023525887070294474
2024-01-03,-0.007515662965967791,-0.009785543802100045,0.005413418130598711,-0.004368030427373628,-0.005269604957470207,-0.0007282212214378396,-0.012513560734434232,-0.04096122279932548,0.0049751527073440775,0.00836651186958685
2024-01-04,-0.012781488425313412,-0.02661905587134582,-0.01837982603293016,0.006614292018501262,0.007663333926203559,-0.007203548263728498,0.008978195428606124,-0.0021831499656647054,0.006234823242099067,-0.008757583074315537
2024-01-05,-0.004021148400654817,0.004623714384981175,-0.004850970729955758,0.00500472444525978,0.013818607772430557,-0.0005164154422336675,0.022638503000348524,-0.0018509415250833076,-0.014850457139966364,0.0030252744689934453
2024-01-08,0.02388719859026103,0.026229678338986727,0.022654848441318078,-0.001452447598285958,0.018885981709158933,0.01869560147995227,0.06229940544805036,0.012386614576639277,-0.001601657078186344,-0.016802296663588703
2024-01-09,-0.00226589783953653,0.015109875810597672,0.015082854143558654,-0.00793734030680517,-0.0034355161914135968,0.0029313918512245923,0.01683262229910543,-0.023096839566935645,0.0034420889554340776,-0.0124632121512466
2024-01-10,0.005655395428788248,0.015470650615520465,0.009391754222081956,0.0021073018149864744,0.03583284395513929,0.018403859369734626,0.022514641453404198,-0.004350632806278706,-0.001356866314735432,-0.009881161975719498
2024-01-11,-0.0032276777426174376,0.009387897135060054,-0.0014065599147807435,-0.004218959301217556,-0.002161571061353096,0.004847639705880235,0.008646859978975924,-0.029145966144498332,0.003787128436520572,-0.00020270392657687606
2024-01-12,0.001776466184321464,-0.0036152239546972612,0.004003885527025851,-0.0073671349293816185,0.012954313404694712,0.009933959261968809,-0.00204499312760446,-0.03734939877742937,-0.03424779686894548,0.012889012580851308
2024-01-15,0.0,0.0,0.0,0.0,0.0,0.0,0.0,0.0,0.0,0.0
2024-01-16,-0.012393638210713688,-0.009487311793446907,-0.0011224072237991697,-0.006289960288863494,-0.018950737404554493,0.004622921299613677,0.030103513497523583,0.004649070658851297,-0.004535507819872354,-0.022870820411317026
2024-01-17,-0.005186845754808101,-0.009512302504832145,-0.007184230258516684,-0.005371985317258095,0.0024734572128642645,-0.0020519848226633135,-0.005852262783975482,-0.020025473044372827,0.011090959093103247,-0.0072943935743973115
2024-01-18,0.03205154059860362,0.011729719012639512,0.014108127278474727,0.0019731539481914794,0.020847113776671148,0.011234045049211022,0.01862892541500188,-0.017172815629643214,-0.01651844561435021,-0.0018576117908610849
2024-01-19,0.015413468295011145,0.011915672389449407,0.020010436500316576,0.01711456530507622,0.0192743453460802,0.012113207731459888,0.0408983769950059,0.0014620115002590317,-0.02506262725640944,0.0015482208589331608
2024-01-22,0.01209001169715085,-0.003611493461086361,-0.002668022899870398,-0.0011750352542175535,-0.00436477267245597,-0.005432832335872086,0.0027361855152065275,-0.016105240597581734,0.0185535637048259,-0.0013416871135222147
2024-01-23,0.006631285529669753,0.007979485588611064,0.007166429509410487,-0.006605911616392235,0.008918153262810632,0.006009506401435206,0.003664468857179355,0.0016270106278732431,0.004919701354067796,0.011195024692334887
2024-01-24,-0.0034900715484677473,0.005433174197432314,0.011226447291213085,0.008895938784587368,0.014177312625084024,0.009133310974169884,0.024565107351624985,-0.006283434610725192,-0.00445203454524795,0.017113498720123296
2024-01-25,-0.0016981135331990184,0.005594095679664069,0.021093817436998414,0.014209478916761756,0.006327581502825048,0.005721996598200401,0.0041469861790261724,-0.12113825810398889,-0.03940391964110083,0.025084150666049576
2024-01-26,-0.009053714591755734,0.008647102438040672,0.0021048289564489365,-0.003823509298805416,0.0024386194176605545,-0.002324443071837039,-0.009555886052462,0.003389065826718794,0.019667533417289888,0.008482745050954223
2024-01-29,-0.003592293996848444,0.013359331333490848,0.008636054420201576,0.002608353911802924,0.01730517755837848,0.014232428297494567,0.023224498857301285,0.041055489597857625,0.0026593600076883694,0.0012610758504469114
2024-01-30,-0.019433416120086824,-0.014113732972622603,-0.013444049690389962,0.020287147869046004,-0.0023968084991765524,-0.0027617060464246476,0.00493446720609609,0.0034508226289791306,-0.001844938858494184,0.016540454970065326
2024-01-31,-0.019547478611608295,-0.024189614134501332,-0.05288224203411107,-0.010894624945920526,-0.025108896192921663,-0.027316066247012435,-0.020064715420703778,-0.022699471099276523,0.016014558856145465,-0.01964803428351948
2024-02-01,0.013252439048343658,0.02594906400632865,0.00753748168179461,-0.0036197559195149955,0.011823001846151402,0.015473886587559393,0.024086961669384007,0.008347821172369478,-0.009029607685339305,-0.004093585536128015
2024-02-02,-0.005419735341022806,0.06131112770815112,0.008605629794025432,0.005739449276221922,0.07043323186987983,0.01825814621103944,0.04851291153160644,-0.005042858776994556,0.00607448504146233,-0.004110411882350962
2024-02-05,0.00979852685091729,-0.008768909348284514,0.009089173780522129,-0.0013170589470374234,-0.0333507429645389,-0.013637624241020734,0.046830654118070573,-0.03713468972636411,-0.014351040126522305,-0.004127377126318813
2024-02-06,0.008594672189489033,-0.006834432372405122,0.002918770506343076,0.003432544227443455,-0.010261206153918652,-0.000394433264658998,-0.01612492585386988,0.02206779799027196,0.015212991915699378,0.00686958218047664
2024-02-07,0.0005809787213818411,0.008125368023266808,0.009943419718543598,0.0018827928803468305,0.03217809654349931,0.02089044528100236,0.02712680050884297,0.013309178288648728,0.0169315792844066,-0.0002935235668196904
2024-02-08,-0.005771358353255408,-0.0040544313336464575,0.002539115403932418,-0.0035975462007619597,0.0008727914186565794,0.00014500411634249346,-0.006555113052331649,0.010500153377802503,0.0013467676860078458,0.01697522785880834
2024-02-09,0.004085679053301888,0.026781354306300166,0.02095617152780058,0.0012005900496216322,-0.004029423161219424,0.015431595792192736,0.03515828272980977,0.02093365777497024,-0.0036021065029460593,-0.02138714828647991
2024-02-12,-0.009042714055622337,-0.012168901576895616,-0.009914534544229003,0.004447018500558313,0.0016861249611040496,-0.012658478857846798,0.0015928451655793376,-0.02850600281752684,-0.001119599320945582,0.013662815956802743
2024-02-13,-0.01133852450969316,-0.02170298682855135,-0.016333134283584648,-0.008741870670710467,-0.018902233358654895,-0.02176368164214722,-0.0016623549962681678,-0.022088768605910858,-0.0015275093688115818,-0.00864634722733972
2024-02-14,-0.004821392409103071,0.013780303876272836,0.005496998010388883,0.010106004142033675,0.02819992378300622,0.009618814799504525,0.02427077223524258,0.02516701014711292,0.00017411422235850588,-0.0049460946578484604
2024-02-15,-0.0015759022850218899,-0.006925273760105457,-0.021960510768044176,0.021579922325996145,0.022459801502212703,-0.007180924082943393,-0.016949473453939712,0.06035334314528131,0.007592854403251321,0.028256403395150176
2024-02-16,-0.008466062732845815,-0.0017094021256489145,-0.015885118475278053,-0.004680827177562619,-0.022375243624408903,-0.0061680403142079345,-0.0006197660092482736,-0.0024975038337594173,0.001285461247933759,0.0
2024-02-19,0.0,0.0,0.0,0.0,0.0,0.0,0.0,0.0,0.0,0.0
2024-02-20,-0.0041223677452774075,-0.014439139136134756,0.004260765419788056,0.0039022540074314044,-0.0033223831848312245,-0.0031479937857358986,-0.044507841693289585,-0.031447068575792124,-0.0009398948419767274,-0.009492515227436321
2024-02-21,0.004177230404991396,0.008996959517601153,0.010082138020697804,0.006488627306966304,-0.006856378994339335,-0.001515833619565578,-0.028923045182729867,0.005199145723306879,0.0017447900447061326,0.020231857428855957
2024-02-22,0.011181089705893892,0.03491338968982024,0.010745248559864437,0.01192441207425312,0.037943641884796896,0.023273912546266814,0.08549725780967952,0.013463405650618309,0.008641405561763207,-0.0008587480721399294
2024-02-23,-0.01008463699785198,0.0023457610294128446,-0.0009025358190604726,0.005012865082675514,-0.004329243411570794,-0.003187479278769525,0.0035461054181048835,-0.027943686650054866,0.0014043595118193167,-0.008820785770541741
2024-02-26,-0.007479236315505266,-0.0014869599257995307,-0.04540256792501408,-0.0034302359445364913,-0.004742375891833239,-0.0068469100581776835,0.003483036814282534,0.03797371074003026,-0.0036482024425021835,0.003940672790085466
2024-02-27,0.008081612918693911,-0.006833819221537168,0.009477418043564483,0.0004907546940160195,0.010962275744695077,-0.00014722234441143104,-0.004955945197806556,0.001653606167566249,-0.022913353400071553,-0.0021126284384647403
2024-02-28,-0.006647458621441598,-0.0021920379551390117,-0.018165371197980743,0.005056846512589289,-0.006240485469171377,0.0005886832129902896,-0.013277071527919107,0.011499231283567918,-0.02993200642649775,0.0027837252934889917
2024-02-29,-0.003700004135983419,0.02057680546309288,0.015136506322210882,0.00907032369715901,0.012544359123434974,0.014415575775423298,0.018485778604705662,-0.0007921787106965236,-0.009436630586889313,0.0019154356081201795
2024-03-01,-0.006048614347275539,0.008225899848415687,-0.00957915265569661,-0.004147054417093966,0.024526858596983607,0.0044865527029337385,0.03925138613665288,0.0037575170226514664,-0.008279851988230051,0.012550048684139099
2024-03-04,-0.02570899293718481,-0.0035975271186564546,-0.028025009518161777,0.007473585666781407,-0.00821597442000791,-0.001397056686108146,0.03531951343893864,-0.07424463938175002,-0.015771384591422303,-0.014082056325870965
2024-03-05,-0.028852977701922158,-0.019676533274039055,-0.0051126645633975615,0.009967528702030423,-0.016127185271010955,-0.03001790400753518,0.008540000507930237,-0.04012679843323044,-0.018261767006803202,0.012190687415687611
2024-03-06,-0.005895805689173886,-0.0035094856867787733,-0.009618833190599373,0.005183974492404708,0.011903088075161111,-0.0013918598869681624,0.03133124288282483,-0.023512123304642613,-0.0011631048590469509,0.010639891455137841
2024-03-07,-0.0007096960314824941,0.018897104445031784,0.022425649301255145,-0.008797030044223449,0.03193827679735608,0.017381565713108463,0.04377419238298312,0.01188110874296599,0.012991793544889612,0.005603943598591428
2024-03-08,0.010184525702361348,-0.00834829600574499,0.007635630679594922,0.0018613038113999291,-0.012257773668849009,-0.007162625657721289,-0.05707533889007649,-0.018701625030085045,-0.0006922383533342458,0.009362480567130025
2024-03-11,0.011762278111479984,-0.01952208072253206,0.016552353659914924,0.0003717599819622816,-0.04520047509599538,-0.00419363338608567,-0.020242800433952577,0.013763678693560029,0.02605446255852291,0.005887886656255575
2024-03-12,0.002774650238353803,0.01975013161880721,0.006010943405182544,0.008198247705783961,0.032870521141233726,0.026251789489429758,0.0691266336831508,-0.0012947061441473569,0.00040892578062417075,-0.006441629118462846
2024-03-13,-0.01219661361146525,0.006648685830772736,0.009270927832147998,0.008079402615577214,-0.008399298754418538,-0.00043349729025043065,-0.011214689766617483,-0.04646099727496628,-0.002762645566602768,0.011108868169294949
2024-03-14,0.01086798009486437,0.012327433453265669,0.02340232910001794,-0.017978522751003825,-0.007575587585377903,0.02408719408186923,-0.03292761625245871,-0.042056898779332184,0.0020471779407148674,0.017556942521522723
2024-03-15,-0.0021989154305977346,-0.02452200827324045,-0.013507995713315174,0.0123194759179308,-0.015841627664074237,-0.020912345557413687,-0.0012172956595187638,0.006563076277915342,0.0037149065316413746,-0.0017958297206633958
2024-03-18,0.006352189234399431,0.00034392410567333365,0.04501200318632953,0.01232523458180071,0.026258490575120984,0.00215897574901285,0.007010987953371689,0.060664152342604714,-0.00771069761829318,0.009214129852447392
2024-03-19,0.013493630317425565,0.008105519638180665,-0.004411019754948048,0.0058479465206520065,-0.001490305027857855,0.009752925429751447,0.010604501481129801,-0.014372034891457558,0.012791292628284313,0.007010047709701484
2024-03-20,0.014602214256551817,0.01271024074657137,0.01156310775424804,0.013021838973474328,0.018527998404642473,0.009024032242438947,0.010836123258151299,0.025017133837829976,0.0018429774940473174,-0.0008844676821510388
2024-03-21,-0.041715678013853036,0.0,-0.007693863308849574,0.013809310040912818,0.00442131895811037,0.009688670582484665,0.011693697418227247,-0.016299696542812377,-0.005152592434909883,0.004415259976362351
2024-03-22,0.0052960536405417735,0.004033399915744371,0.021249670692702487,-0.012333328114810835,0.003577881481164783,-0.0014682108554881727,0.03073609640103726,-0.01158171211632812,-0.003300127166134861,0.0
2024-03-25,-0.00833501089589106,0.00468522019633587,-0.004653645454439841,-0.009196754933280898,-0.012956869728096202,-0.013809731397995854,0.007533661429588775,0.010481683435756076,-0.008586605965663886,0.010169373165136624
2024-03-26,-0.006694963011154204,-0.007876935918428052,0.003990061224578337,0.004659972917646685,-0.014275818297039961,-0.0028655311304220136,-0.026030134487180345,0.0287772826285837,0.013146861463819715,-0.007529327816039234
2024-03-27,0.020990837206533778,0.008544428374293455,0.0013265243367591296,0.019178328679978075,-0.004102117263734413,-0.0005218488211044947,-0.025284110131910422,0.012084083617363902,0.0016035399219826,0.010316449862593998
2024-03-28,-0.01061518011101129,0.003053793447902987,0.00039755321164246135,0.0039017094748839127,-0.016907990114137426,-0.0016861561127013136,0.0011736878967200442,-0.02272190773999231,0.003239440385194764,0.010985888102609854
2024-03-29,0.0,0.0,0.0,0.0,0.0,0.0,0.0,0.0,0.0,0.0
2024-04-01,-0.008491885903390482,0.00326551461029285,0.029765414678899423,-0.006812935191337614,0.011812631577230866,0.009109495021120606,7.739060535203478e-05,-0.0032477284143495326,-0.010158636988911902,0.0064314723520954185
2024-04-02,-0.007023339926478112,-0.0015484091821309372,-0.005999071159405791,-0.0004021529710190548,0.012177534169831816,-0.0073995389153076645,-0.01013269637319252,-0.05026651935105258,-0.06231561487066122,0.019385080888014654
2024-04-03,0.0047860627588934565,0.009474051539763393,0.0023263255638407087,-0.002820094853355743,0.01866381739572351,-0.002351861140088135,-0.005470320188188814,0.010447544054431742,0.003486137431463778,0.00016779072838266743
2024-04-04,-0.004904369623486047,-0.013300069884866008,-0.02874632087519709,-0.0076374857613709995,0.008215093764831786,-0.00613122096833595,-0.034989881506589576,0.016083269202606634,-0.00952884336809556,0.00351437322547351
2024-04-05,0.004491666803089698,0.027777320574842966,0.013002077419146312,0.009158008036457136,0.03163237938881263,0.018117696522850498,0.02418592661593324,-0.03696743555877544,0.0007902895792474027,0.013688098666864703
2024-04-08,-0.0066858914435537625,0.0006481667921116775,0.015292414380488421,0.005203089876805409,-0.015460023239594717,-0.002188047519327244,-0.009992304876429605,0.04783676362708771,0.0005703179323556587,-0.006779170012968887
2024-04-09,0.0072165040309579934,0.0025885563003378185,0.011237879359363455,-0.0067236121518916775,-0.004535824954359216,0.003972416081087615,-0.02062835080327795,0.022295607975213145,0.008124856982541373,0.005212365754066342
2024-04-10,-0.011201962777026224,0.0015069094018642995,-0.0029417828804066755,-0.008557883600386163,0.005652198143479099,-0.007109775706253872,0.01954908808289071,-0.02937344256551801,-0.02125898660534555,0.008381924816175603
2024-04-11,0.04236098738145726,0.016533742520170792,0.020726444493391526,-0.00020474793600663168,0.006385372799300088,0.010973086260941635,0.040274367054479655,0.016399556773736196,-0.01868241471247277,-0.003360717677488208
2024-04-12,0.008589725639330385,-0.015566165935951603,-0.010594518546799266,-0.053063517334667375,-0.02175794340723447,-0.014191344243127737,-0.02718242999347497,-0.020541749097701737,-0.005721255877012498,-0.011727931315995657
2024-04-15,-0.022106064074457143,-0.013577002419975346,-0.018363406110742168,0.0005469536197714678,-0.023061246039922132,-0.019772210594794868,-0.025089333092917047,-0.05757465973833702,0.014534056086793944,-0.005748796380672272
2024-04-16,-0.019353467049006437,-0.0016350785294987403,-0.002974885722822424,-0.011493168702518495,-0.0009400038352588469,0.0022696492410628744,0.0163080001893587,-0.02743506868222295,0.05087910343997203,-0.0083064244415372
2024-04-17,-0.008180683865628159,-0.011190509048215303,0.006906031923572362,-0.003990450060216359,-0.011248380773711658,-0.006630812176490931,-0.03943341880373292,-0.01062208397137564,0.021311416548389295,-0.0005056986376521881
2024-04-18,-0.005730881381230167,-0.011428682278624262,0.0034674797722422943,0.006476110489241464,0.01532196280902915,-0.018551949864318493,0.007539527216154975,-0.036155647217109545,0.029194575536823305,-0.0009277557829380763
2024-04-19,-0.012287670824003716,-0.025944630354616176,-0.012383342355195162,0.024793592535444043,-0.04218872620874211,-0.012820848496946586,-0.08108337688670236,-0.01939578390268632,0.015991457533840285,0.011409482584955775
2024-04-22,0.005077944280213801,0.01477882204751945,0.014112386851736183,0.01924321456879029,0.0013709143985471798,0.004599365613789539,0.04262198857380808,-0.0345935559693179,-0.019953119495282317,0.005656395794169257
2024-04-23,0.006371337606200228,0.0129496869735391,0.012590002899022262,0.014310211817196378,0.029393704621627978,0.01635108589317031,0.03588117058350522,0.018345226676437152,-0.010333504875540864,0.0038909339243310575
2024-04-24,0.012622353885757973,-0.01656734624660272,0.005482306815005772,0.004880414858132275,-0.0052546132536928835,0.0036491981798605845,-0.033883470643448675,0.11387415621830609,0.0023010036759018647,0.00016522908915031883
2024-04-25,0.005134108998707086,-0.016673704471388103,-0.0198655928824196,0.001500709202576317,-0.06658748412953915,-0.024800092622803985,0.03641598654539255,0.04845814470471284,0.013371961943045477,0.0023104129436765123
2024-04-26,-0.0034787660044710835,0.03368654484295438,0.056162422486998605,0.0006204930610171066,0.004318217799545908,0.018079425196644523,0.05992398024707898,-0.011168015552988686,0.0030126081092786794,-0.02816850382173156
2024-04-29,0.024505156410369055,0.007432568410519159,-0.034312840979870564,-0.0010860122521181008,-0.024364529402951442,-0.010067405839555362,0.0002505840769067147,0.11839534141276628,-0.012840678931708791,0.014141659103013309
2024-04-30,-0.01843987016370688,-0.03349007554568368,-0.02049138574217293,-0.007999527414977071,-0.005679252323553476,-0.03264642660265117,-0.01556074101965267,-0.05710084205665045,-0.010958932875177681,-0.01151694169528401
2024-05-01,-0.006065286246662203,0.022599831917240992,0.006612923295974879,0.0006255995445980185,0.020751481354320405,0.01430643734414329,-0.03967654583653752,-0.018113707174260838,0.0008471598028254104,-0.019121495655564744
2024-05-02,0.02179263838548758,0.031455365813882176,0.016703220498326166,-0.001043022474933827,0.005653735620540537,0.0073161823509622645,0.032882814434444955,0.00011105007606901516,0.018136263967384395,0.0018082155514642089
2024-05-03,0.051285233012391296,0.008033933494385928,0.003714210675975267,-0.006018373606043837,0.023007837920475938,0.021927489720306406,0.034045555235171644,0.006533843535574036,-0.0010553503489040895,-0.002066829520091608
2024-05-06,-0.009148473488999687,0.013283331052944075,0.005129354841159647,0.007790781784150837,0.029905145155682888,0.01677671332114245,0.03704643309398271,0.019511437908750914,0.003911399051641128,0.006444665719564912
2024-05-07,0.003789918728909885,0.00031790155490520083,0.018565167050262607,-0.0013027883634464396,0.005482277280669618,-0.01020812265982287,-0.017362795155839227,-0.03834210509362018,0.013221849542167019,-0.004980164362268262
2024-05-08,0.0018623881425134268,-0.004034374926922967,-0.010979568679322543,0.020134755777599173,0.009268310812391371,0.002927298424186578,-0.0015693498613369844,-0.017530851194269642,0.004481351352419089,-0.00017224123289805835
2024-05-09,0.00996451365600707,0.00794706169253194,0.003418331541451215,0.009411257758794688,0.005949353470364016,0.004326442606060098,-0.018587301198093452,-0.015864649448707812,0.007562460702008695,0.01952405405907914
2024-05-10,-0.006913959334616352,-0.010716874256865036,-0.0077377739326486075,0.006409830150895543,0.0016393470664096445,0.0058520677405814936,0.01266336996210564,-0.020562350450525728,0.011335317170416954,-0.004060921967014567
2024-05-13,0.017491464654464522,-0.004865607224493341,0.0029014505403150825,-0.00020126789186247172,-0.017348401487931892,-0.0024624787855059994,0.005780134036961853,0.020097034145307512,-0.0020886705892065437,-0.0004239829556625528
2024-05-14,0.006154429740651709,0.002676374471979152,0.007069575883761894,0.013891941254117348,0.00817159914821021,0.006841147654906537,0.010530738831754944,0.03239754278801776,0.004173112508963889,0.006052131872484477
2024-05-15,0.012143894640985729,-0.005789979151338669,0.012658750973842484,0.0029730852830117077,0.020328109659157156,0.017332829953421884,0.03521063686441524,-0.020254418706909572,0.007116320374696164,0.007703731176710088
2024-05-16,0.0006323289122184468,-0.012770048240180699,0.009634026007361842,0.0017795543940383096,-0.017407834260496868,-0.004952097368624475,-0.002867800481630704,0.004873391179277019,0.007162238303382336,-0.0060054781410758245
2024-05-17,0.000157918447124054,0.005809980560830076,0.010735531461338635,0.011393198711587432,-0.002793191747989782,-0.001854599049692135,-0.020125089131877577,0.01487402019069651,0.006424807774689644,0.014904900361562673
2024-05-20,0.006143315212802152,-0.006300279871404103,0.004872843302099651,-0.046015422415127065,-0.006526674795620286,0.012134197501017357,0.024576768806421928,-0.014245067870223688,-0.014205680106442508,-0.008140788710592105
2024-05-21,0.006833810449374253,-0.00212713491141393,0.005242950718246492,0.019945002171996816,-0.009020203121116715,0.008661401852305814,0.006373366888694235,0.06446711975223302,0.012145009018249137,-0.00693388327467371
2024-05-22,-0.007566890230336493,-0.00010914608364277473,-0.008299723921605778,-0.0060831215966165066,0.006756760623060946,0.0034435341681965533,-0.004581486905525307,-0.035399542384592614,-0.004210871809124568,-0.020315206910984866
2024-05-23,-0.021283017812827383,-0.011423056748417279,-0.016175125155433897,-0.007033814006884919,-0.004284783606217275,-0.008209717108490729,0.08549725780967952,-0.036007818288810785,-0.008707611610124183,-0.01720636095369321
2024-05-24,0.016452035492942524,-0.001658392028660058,0.00826314209839941,0.01906355055554925,0.02635751306567358,0.007373310226605859,0.025397329448336493,0.03116576011599187,-0.016897924050395793,-0.0007933489501642147
2024-05-27,0.0,0.0,0.0,0.0,0.0,0.0,0.0,0.0,0.0,0.0
2024-05-28,5.2819487227367444e-05,0.007715628907514658,0.008025263465788935,-0.006047025831366489,0.0035485285764826346,0.0003718307657398693,0.06747576850928791,-0.013989415788236143,-0.008874945923501278,0.012616327708383066
2024-05-29,0.0015775461251863253,-0.0007138953246986688,-0.0028384050572063477,-0.006991711347490901,-0.011652914565879679,-0.0026760690134919004,0.008079493340153173,-0.0031733327174769638,-0.038369799954016605,-0.010766445074322274
2024-05-30,0.005241524309860124,-0.014944634490046925,-0.02178190198197375,0.006139375624761023,-0.015530285158357623,-0.034370058781416156,-0.03839363795195855,0.014648923152829736,-0.006353698613684378,0.003163205825320949
2024-05-31,0.00500606728175898,-0.01619107105787046,0.002263572501069245,0.016420014865110726,-0.0004711007943473599,0.0011087714315801138,-0.007876880394715086,-0.003978997402597566,0.02808726343350152,0.02828291706880434
2024-06-03,0.009215998490094713,0.010710931098535235,0.0038763392670871566,-0.004005525674634611,0.022578148138930755,-0.003885828121101685,0.04779355125040485,-0.010102569596006488,0.004170027404398446,-0.024255581243565787
2024-06-04,0.0016479174127642673,0.0055916049316681584,0.003573886111683688,-0.013267712563551932,-0.0010477162225722143,0.006147594263794232,0.012418154314414816,-0.008659479988969872,0.01605324748984106,-0.015674883380034022
2024-06-05,0.00779042057736059,0.010759365441920877,0.009278665590233548,-0.009585779068873033,0.03718337280226573,0.018903502834338136,0.05027082703563618,0.0013151256990527008,-0.0046994654248531265,0.003985983846958248
2024-06-06,-0.007121788416577492,0.02031303453242799,0.007496687897699058,-0.0017759318268386222,-0.002629374607935523,0.0012019982144513396,-0.01184714069823493,0.016660454613497404,-0.0023879992812157885,0.007486155846585003
2024-06-07,0.01231599703058489,-0.0037909438439048654,-0.012927378273557279,0.015320521479691603,-0.0016216109422281517,-0.001579290378474095,-0.0009093921952323827,-0.0025885260992180074,-0.022628194837237336,-0.01076238544406648
2024-06-10,-0.019333608701455125,0.014864526720524128,0.004294598430607459,-0.0017017971968133802,0.019366594724599787,0.009439631827206165,0.007433582484854087,-0.02101026729322036,0.008745198040457503,0.0029226122209764552
2024-06-11,0.051285233012391296,0.0009083768397987709,0.009157450774200852,-0.026653422897425026,0.00964304197334405,0.011179058375908662,-0.007169545432670182,-0.01817434057762428,0.002461597071421051,-0.008080016277063206
2024-06-12,0.028177567951384257,-0.0018175795783648761,0.006602424073747977,-0.014667598771283106,0.002696054544188873,0.019182556856227963,0.03486595332030631,0.03811347747393242,-0.006368217346068194,-0.011116180220606791
2024-06-13,0.005476159558594286,-0.016508777761010902,-0.01490316396355904,0.011059600903439203,-0.00935898847507379,0.0011781628682696907,0.034617402469878815,0.028799010597446485,0.008542323960661522,-0.0080554139160615
2024-06-14,-0.008201877010563696,-0.000925185330377967,0.009262632520212035,0.0006194816013756623,0.0011113319770546211,0.002239553238754513,0.01736260322111678,-0.024746085007725318,-0.00036207676145542147,-0.00848738706617513
2024-06-17,0.01948039588540103,0.002175536021534634,0.0025421987533128737,0.006173472443532426,0.004887260326993366,0.013019948414046195,-0.006847738066163694,0.051619109593938894,-0.011765396851781709,-0.006897585149280217
2024-06-18,-0.011045282119043577,-0.006814429382413544,-0.012204596898364665,0.010306681796820172,-0.014193289335562636,-0.004537665327016097,0.034517169401505336,-0.013860022086213656,-0.016861383044076177,0.009369123847094303
2024-06-19,0.0,0.0,0.0,0.0,0.0,0.0,0.0,0.0,0.0,0.0
2024-06-20,-0.021747730142107933,0.017836847681061675,0.00688689313405716,0.008441404299758542,0.004414851840493111,-0.001434910970147119,-0.03604532995789972,-0.017957490517488177,0.0071874346601501745,0.02134657244602705
2024-06-21,-0.010499247945895967,0.015886019163884733,0.01871226228711201,-0.012000965109525677,-0.013889263325312222,0.00911250435113636,-0.03272087918720808,0.007899471520701,-0.003991329654895353,-0.008809034023998404
2024-06-24,0.0031276688581460344,-0.018738006784044702,-0.002285235956536828,0.013057528928958968,0.008312657697563683,-0.004702172163380524,-0.06917933861289821,-0.002352322975825913,0.015197229277265373,0.02927135479962662
2024-06-25,0.004458264182826148,0.004140733544431204,0.02648484479155085,-0.004081125893813903,0.023160683707874632,0.00729997273566806,0.06537952169349609,0.025790114652126835,-0.011247149607632014,0.002801874389537545
2024-06-26,0.019796072533647822,0.03827288718411035,-0.0008154853044773622,-0.003236411787054551,0.004923246615996048,0.0026797817433600888,0.0024556978473154437,0.047022052078927956,-0.0009498791807124818,0.0003497007565811994
2024-06-27,0.003977995099310788,0.02166336912708652,0.008286314007311725,0.008774593362824741,0.012472517055955333,0.0015248393482132497,-0.019250641368155876,0.005332819818052439,0.004945917204473034,0.00427369085135765
2024-06-28,-0.01638766020397002,-0.02352451121310858,-0.017739182411229387,0.0153951980413501,-0.029969659992373686,-0.013114291246655065,-0.003635905670978217,0.0023273813203096337,0.045845303475817056,0.0019127030462504269
2024-07-01,0.028689158075891143,0.020233739225558187,0.004600982120870515,0.01564865420974574,0.0009119592193221627,0.021645640153237118,0.006132958782209779,0.05877983360300819,-0.029108335190901266,-0.0013907582623677612
2024-07-02,0.01610927058037389,0.01409893985494711,0.0122208822229298,0.01631794747500508,0.009505251830912193,0.00556767089098575,-0.01320018830227451,0.09710195030947986,0.007231348043780402,-0.00680798003398272
2024-07-03,0.005794394241421182,-0.012123208336190894,0.0031260958942398733,-0.000670659991842089,0.0009024524770439365,0.0032388307632834797,0.04471767570406086,0.06337304899541438,-0.01690090459919948,0.005066843300358376
2024-07-04,0.0,0.0,0.0,0.0,0.0,0.0,0.0,0.0,0.0,0.0
2024-07-05,0.021390029215188067,0.012123208336190851,0.02539852030510039,-0.013339026843747246,0.05707002411833569,0.014628870790075672,-0.01928364545172357,0.02060688228437311,-0.0038450354890603214,-0.012186197851915517
2024-07-08,0.006517461924660808,-0.0035563498917093785,-0.008271158941036891,0.0018538774841046562,-0.01980922805390117,-0.0028272585334678905,0.01865954725050746,0.005629789876539415,0.0027217059338584997,-0.010552139110401202
2024-07-09,0.0037678750901976397,0.0002508745118109151,-0.0002645654609116651,0.011918675189827095,0.0012839783835701599,-0.014474490168735801,0.02450269095385333,0.0364508858978897,0.0056446852062841,-0.011115183306960057
2024-07-10,0.018628856985933685,0.0022548901390979956,0.01157420365566118,0.0008185142193391112,0.0088101812016032,0.014496097016844307,0.026513838760325748,0.0035389720904070512,0.017764104759758093,0.008794730442940511
2024-07-11,-0.023494537100416022,-0.02401082970854252,-0.029783157963468636,-0.0016857539058707427,-0.04199634595198595,-0.02508414291475427,-0.05727614895816841,-0.08822077208547265,0.006823862260395025,0.011813490190658854
2024-07-12,0.012966342902672519,-0.0028751754997392003,-0.0026980978021159574,-0.012173047373478272,-0.02734536299767831,-0.0025324704992928672,0.014339479040847312,0.029434316513726216,0.014116007948273031,0.00017652295149925558
2024-07-15,0.016604711122952226,-0.009142411458262565,0.007857751540036978,0.02462822213105491,-0.005447138379622976,0.0009036391900479205,-0.0062094464550263035,0.017609829570940913,0.007478792063629795,0.016982238957516688
2024-07-16,0.001790222992436432,0.0015554679731073517,-0.014091025945872459,0.01685316427853679,-0.012921708521298314,-0.009828685432348511,-0.016326765231280987,0.015396997777534727,0.0620409329007912,0.007178289047053337
2024-07-17,-0.02562143727793435,-0.026724318518412248,-0.015893343415275166,0.015099305315380895,-0.05843354412105184,-0.013437661514073579,-0.06853513804978363,-0.031919700332288976,0.04351280686455251,0.013694374824796256
2024-07-18,-0.020748553884112477,-0.022493376002440963,-0.018567060961001577,-0.032285738073453515,0.029559560214751278,-0.007127394558639699,0.025934095509905695,0.002933302220995548,-0.015717370239776134,0.009812229864370593
2024-07-19,0.0005797565342873469,-0.0033798282769946274,-0.0001688444737411603,-0.000952948878219143,0.0019734940893046597,-0.007430555549734082,-0.026442653152949563,-0.04107613843938729,0.001752687529142169,-0.02324791636668054
2024-07-22,-0.0015615171805409525,-0.003172184996925187,0.02232019914100013,0.0023806338402954227,0.0220089852673741,0.013249470379807539,0.046473699599496585,0.05018271902171053,-0.012101255913782348,-0.006916365909390871
2024-07-23,0.004677255516597774,0.02092444370758336,0.0006603926085662896,0.00023762346107817847,0.0026430836896203015,0.004302791465792992,-0.007719566971400559,-0.02060764898795659,-0.006880859891982878,-0.01626748677681056
2024-07-24,-0.029175823040154834,-0.03039119500388669,-0.051701738258835374,-0.008307000501120208,-0.057744771768223846,-0.03651329648655339,-0.07045637814545601,-0.12113825810398889,0.009062629563832497,0.014009378401133653
2024-07-25,-0.004816062480520214,-0.005434169444389781,-0.03148145000663101,0.0003834176305905797,-0.017186622176413063,-0.02478584698930658,-0.017393213078406175,0.01953112906763447,-0.00012491926609581035,0.020823322358020164
2024-07-26,0.0021587301442898927,0.014626968944213104,-0.0016751808802762322,0.016963754436467762,0.026744765033354802,0.016286346347619152,0.006922701082601974,-0.0020452089625195087,0.017779616089299684,-0.0008519129617867597
2024-07-29,0.0012837098608709284,0.0038282625594168156,0.015036053737851843,-0.006570886767784124,2.1506135351659924e-05,0.003427229659244404,-0.013087089808858718,0.054450283723543685,-0.005226387213710086,-0.010538664556727867
2024-07-30,0.0025627679114106705,-0.008166388972744573,0.004472850647381583,0.0203744085404385,-0.005425802847680097,-0.008968503764098898,-0.07304016705067512,-0.04170207944562914,0.01676203423302312,0.01767244311186227
2024-07-31,0.014879605478295923,0.02858958980412218,0.007313684012141025,-0.01116849956623026,0.02481949635808949,-0.010864578568425714,0.08549725780967952,0.04157282172336867,-0.00029519520163145973,0.003547895546970258
2024-08-01,-0.016892726151950192,-0.015685476578311947,-0.004557418963844818,-0.02300697622929063,0.04712094284916138,-0.0029685283450865928,-0.06907217334330484,-0.06778709499652093,-0.0059008730066552285,-0.013925564524873571
2024-08-02,0.0068459905844397645,-0.057588983573757455,-0.024303196398262675,-0.04333770948821474,-0.019475591164459547,-0.02088248537960372,-0.017923667156258094,-0.043301714320780345,0.02934994138531936,-0.0005988641272415568
2024-08-05,-0.04936562890192134,-0.041839920325843556,-0.04548051774038492,-0.021521628894460406,-0.02575163686548929,-0.03320186545597337,-0.06568877639937816,-0.04324862022379944,-0.03426808319978457,-0.01821751617546681
2024-08-06,-0.009796049916924702,0.005635490449044775,-0.0060466793537250225,0.027529365510488894,0.037867103979277464,0.011223550619446512,0.03713176642595691,0.008810602088580683,-0.0028289688661171913,-0.005329134634394686
2024-08-07,0.01242076777573001,0.005174089797253657,0.004098129201381905,0.00029947717888743306,-0.01051881556012382,-0.002957327268024348,-0.05258160906433192,-0.04526769292244102,-0.004001752924718449,0.013226685596480221
2024-08-08,0.016496386269200504,0.0184440734555928,0.019254661225776955,0.01809869462732875,0.041486087955625334,0.010635378472877977,0.059464375842869746,0.036255901329012616,0.0002824082358364691,0.018924291284090018
2024-08-09,0.013642438711788682,0.0068522199395901024,0.010070736030857246,0.008490784775181162,0.015846279459361366,0.008235222379985465,-0.002098080551835588,0.00581690373893266,-0.013297881265544247,0.008110117676741831
2024-08-12,0.007104697004127898,-0.0008389728264874979,-0.008467379040460174,0.0018932928699615125,-0.0035212610007251473,0.0019439648959614648,0.039954687270221806,-0.012629388585244743,0.011618951981747313,0.0012613367483054678
2024-08-13,0.01704683796060979,0.020354930507755713,0.011456648945538208,0.008451536461441842,0.024108496525904178,0.017543869040754643,0.06326507853750328,0.05103246867853809,0.015708507272544324,-0.009626010332632067
2024-08-14,0.00203173462970021,-0.0007639034445704183,-0.02335783194080452,0.0110001611468294,-0.003373445235551266,0.006860169151006158,0.01656604875341778,-0.03152675190710158,0.00941144929344796,0.009205695838351687
2024-08-15,0.013439916904741831,0.043090966761615855,0.0057823280607314,0.006211684061013902,0.019867611186136284,0.01175442956142989,0.039683057796557966,0.061436309145650216,-0.00010355039046650186,0.006167466362138372
2024-08-16,0.005901007033539339,-0.002988857651035908,0.010238944053230772,0.01137435262690321,-0.01861549192959581,-0.006098887628170807,0.013902592448209598,0.00920378250292453,-0.0033354246043846418,-0.004727777614559782
2024-08-19,-0.0007081442837952332,0.006530104639669463,0.022510929289257093,0.006892948124115771,0.0035205096064845993,0.007285851874185077,0.0425865329118345,0.0300815962441386,0.0019025750457204974,0.0030418113937669567
2024-08-20,0.002740939342302288,0.0036964682293246748,0.003055210053863949,-0.004325748108808514,-0.004829554131012157,0.007727550147572964,-0.021380919292117873,-0.007300267158314731,0.0032256204017665257,-0.03389266407902072
2024-08-21,-0.0004857937997297011,0.006852561474421805,-0.007987316900575738,0.000372746637906175,0.0158776680805604,-0.0015549801340125446,0.00977528442341548,0.00976670507756732,-0.0044531726084823175,-0.006391561956681194
2024-08-22,-0.008293917792258075,-0.02234539227075752,-0.01243751875093866,0.009415019564996793,-0.006053814900280424,-0.020460689208788334,-0.03774636883924491,-0.05813634375381778,0.0011237322557930904,0.007699716155210165
2024-08-23,0.01023561084949168,0.005153271352930898,0.01104984856547969,0.007725313930874111,-0.007415644887537696,0.002979722220439617,0.04449392110570792,0.044835591431516886,0.009955248946759988,0.013763428358495347
2024-08-26,0.0014975658723620625,-0.008736614913990125,0.0032551115168501575,0.003931513358665984,-0.013115909163744456,-0.00794930402047315,-0.0227505304649966,-0.032803441227522996,0.004472298915962927,0.02118058472051121
2024-08-27,0.0037346040643015284,-0.013654075452589952,-0.008947158417974435,0.00459768096234763,-0.00388415426243491,0.000846267371347911,0.014445420854416096,-0.018939062709292416,0.0003744809747299997,-0.009556483858623042
2024-08-28,-0.006776303741742288,-0.013491668231426824,-0.011174364406319536,0.005028683874147444,-0.004478885615805708,-0.007860069558387837,-0.021189491397206352,-0.01667672472989858,0.002023835238755769,-0.009906268661799772
2024-08-29,0.01446501037218936,0.007698580379841969,-0.006592147418315804,0.00414882361472768,0.002782415808171888,0.006118585584118893,-0.06597795355688367,0.0025726237078790366,0.005135489611346114,0.013722902230306524
2024-08-30,-0.003443830085628291,0.036396721617948,0.00984126832168923,0.01158830432806632,0.0059451330644617415,0.009683793537333884,0.015024027978913737,0.03725544123667223,-0.002318612586358807,-0.0016096286471919822
2024-09-02,0.0,0.0,0.0,0.0,0.0,0.0,0.0,0.0,0.0,0.0
2024-09-03,-0.027582126400669406,-0.012685159527315687,-0.03754251140251659,-0.020220894968610074,-0.018489005533177897,-0.018631495974655854,-0.08108337688670236,-0.016529275820300126,0.014265901419210357,-0.021165396783698866
2024-09-04,-0.008656118486674984,-0.016706139175178974,-0.00579975940336757,-0.004412761340980942,0.0019130382466786236,-0.001319719614292365,-0.016712901783877965,0.040981513663141275,0.00914481104163582,-0.012286059653758492
2024-09-05,0.006903821490323698,0.025968075788917713,0.0050369000947479885,-0.007781007172208027,0.008003094669103875,-0.0012478936649311645,0.009371309164564924,0.047876016035803666,-0.014487618122350467,-0.007833528578800687
2024-09-06,-0.007039568474860702,-0.03722372046282126,-0.04102347370036303,-0.024042696215387616,-0.03262401924841874,-0.016517129216262832,-0.04171255505421344,-0.08824048544582774,0.0023313098409886808,-0.00469410999026795
2024-09-09,0.0004073248648168526,0.023127387297091972,-0.013425721658091458,0.02026761746984833,0.008994624867158931,0.0099575758630436,0.03478604494479472,0.025949973905266994,-0.004668174869074612,0.020822118465976966
2024-09-10,-0.0036279083487940223,0.02338469252840609,-0.000336277069031714,-0.053063517334667375,0.0,0.020685734957678312,0.015193555542569513,0.044759273955983725,0.008264085684660003,-0.03711183301717348
2024-09-11,0.011518566410296529,0.02730414417528586,0.016677049152428715,0.008091319822839942,0.013850007051608404,0.021117919759535777,0.07834767268276488,0.008628742512625562,-0.015613013482320753,-0.009975572763111312
2024-09-12,0.000493882544892547,0.013350735010507195,0.023084279334154256,-0.003044663322055914,0.026547773437982248,0.00931714461257233,0.01898045349612208,0.007337206636805016,-0.002257734297309536,0.01366852632115722
2024-09-13,-0.0012128122057427316,-0.002730969055689944,0.017748369696450855,-0.011097157350172056,-0.0018661293212922983,0.008372368541904445,-0.0003359433604280126,0.0020864851607279924,0.009976750449728585,-0.0007195984166511721
2024-09-16,-0.028168239594902656,-0.008616597457795744,0.0038032008576532944,0.017177318644064042,0.017325956000451594,0.0017401837104930745,-0.019671549131021322,-0.0153589759450266,-0.005214262404145714,0.013937458529863198
2024-09-17,0.002170297742130168,0.010705675426824473,0.007940121993026591,0.0066648644109980155,0.005684332641341412,0.008794234095872102,-0.010242353155008049,0.004794890315022082,-0.019159167660306474,0.012958082278352025
2024-09-18,0.01782995100716821,-0.002410931547252041,0.003070638544056795,-0.008253668615668973,0.0030346040222862425,-0.010023492932886758,-0.01939264921861312,-0.0029445960609886415,0.004643579291616646,0.0034972252678851625
2024-09-19,0.036395034936335904,0.018283807518041345,0.014474783305895678,0.014114826608817554,0.038562582041635936,0.018125724095737827,0.038925528491873085,0.07100962175825201,-0.0061847026156707455,0.01231675891982062
2024-09-20,-0.002931758923060741,0.009070295653554553,0.00890302287232454,0.0028937943057865934,0.004016345572270752,-0.007826523305357335,-0.015992114455583597,-0.023519752638904136,-0.0035935249693111854,-0.006312933732029363
2024-09-23,-0.007609972826577189,0.011829538769620484,-0.010693197752830372,0.0016567844672903988,0.005436314505117798,-0.004051615218756763,0.0022389661750362518,0.048140375327935025,-0.0027691376173935084,0.01796898379531749
2024-09-24,0.003966259687109894,0.00041255068996117736,0.0027146723964116158,0.0007090929759508285,-0.0019151725752770878,-0.010061819951143226,0.03888637944773779,0.016935793509053217,0.0030996141078621802,-0.0026450311612815644
2024-09-25,-0.004407859930241056,-0.007400007450933529,-0.00494157371307722,-0.006638568217793156,0.008801271564282568,0.0068271269425222636,0.02160658435004566,0.010757148762662457,0.0019451293290112372,-0.019670986821342995
2024-09-26,0.005067342695137321,-0.007141186533660476,0.007649085340915893,-0.001952496943545762,-0.0008272010976003665,-0.0018531456593462396,0.004281983094617081,-0.010953821465680538,-0.0026060808676373823,-0.01731389400572517
2024-09-27,0.0011859335986876128,-0.0168284107446147,0.007469266064361035,0.003426344137526075,-0.0008457381737658261,-0.0076571679166899,-0.02151319993699533,0.024249227064234113,0.012173135566202834,0.02642097568806035
2024-09-30,0.022614431919190426,-0.008763077056375612,0.011522114026014501,0.0017087042584798006,0.008913838983737741,0.005312670535830462,0.00032939092429993655,0.004482044837533062,0.004851830756137522,0.012015339081316759
2024-10-01,-0.029574715251223918,-0.006460997690134298,0.006850280070478695,-0.018282470277719905,0.007015394185632582,-0.022586352187273884,-0.03724639414458618,-0.013894251852425751,-0.002362866877363247,0.022855619344066908
2024-10-02,0.0025166418825796504,-0.002000651545077023,-0.006789820558727869,0.0012068164944854353,-0.006369182919605451,-0.008498212153612355,0.01568826552025279,-0.03550382703625727,0.015328468576609494,0.013170644070984542
2024-10-03,-0.004906649546057622,-0.015270736231762942,0.0,-0.00998743694432896,0.0172385080677698,-0.0014154808314884898,0.03310190175919791,-0.03414806745440706,0.0007425519245634935,0.008684948183779748
2024-10-04,0.004994839049835235,0.024697907897679776,0.00720896925172417,0.034878290175158824,0.022347297528069476,-0.001152926454959149,0.01670944859446635,0.03839570976808335,-0.002618405941723079,0.018189049546218004
2024-10-07,-0.022788546216971864,-0.031093362659704415,-0.0247256260128586,-0.001373928895595967,-0.01890412947700266,-0.01579491575605696,0.022166832883765183,-0.03768957599969925,-0.013007004935545888,0.004316562621207251
2024-10-08,0.018236744961556348,0.010563468311108654,0.008553404208594444,-0.0008537131943410855,0.01377316129527419,0.012544829672853525,0.039681232509805514,0.015124010919583781,-0.0033986693840495573,-0.02692050784667337
2024-10-09,0.01656043075820059,0.013319379012842232,-0.0154490071560984,0.012589414068118174,-0.0040221208844735765,0.006609129134084067,-0.0018075110362564127,-0.014210915403026646,0.016439575417396976,0.0004095145006325541
2024-10-10,-0.002180632877289542,0.00796086049904925,0.001358126175057899,-0.0027213643094061595,-0.011376823764641272,-0.003888011446549263,0.016152308494313056,-0.009503630132407154,0.010900892226213163,0.008563457107146304
2024-10-11,-0.006526593363848884,0.01155904643352474,0.007131642275379952,0.04344210214256254,0.010427890821698092,0.001153610447473251,-7.414295172611436e-05,-0.09192353886888906,0.000585431603303269,0.0038095501279311605
2024-10-14,0.01634561284817792,-0.006802098901968148,0.010481336941526592,-0.0036505519781472808,0.0007963157712812962,0.0067509468527066,0.02396867098555324,0.006224848869363662,0.012214920530424623,0.00379509251533519
2024-10-15,0.010964290164964917,0.0007995584839864811,0.0030265075378168196,0.004100321642255387,-0.007053750683395604,-0.0009549637492414927,-0.04799373030796647,0.0018690482583788197,-0.06231561487066122,-0.030522393103620964
2024-10-16,-0.008891228344318427,-0.0042714734594326426,-0.0018147493453877942,0.005605118593130255,-0.016302311677897304,-0.006276510991617214,0.0308266813731351,0.007983687088569507,0.026694635012224383,0.00257246358536506
2024-10-17,0.0015950088700560497,0.003418620886077508,-0.013594184119656686,0.003481713605548836,0.00024283808671835387,0.0014408914975963948,0.008875924116821083,-0.0019899714413276278,-0.009337233989145965,-0.0025724635853650564
2024-10-18,0.012201873084757163,0.007755306570388279,0.0030030817050050395,0.004224064114609526,-0.0007976921637954439,0.00344955916221317,0.0077838258243526455,-0.0008605378505268966,0.006304614805478059,-0.002829117779371352
2024-10-21,0.0062780191597181685,0.0004232229251258213,0.003969540845767216,-0.010571659188567973,-0.0022750094165585673,0.001481597755193093,0.04054382964619079,-0.008417707909120813,0.0032600014931458204,0.0005831022706485222
2024-10-22,-0.002625229539009119,0.0033265052557146266,0.006500405310311141,0.005009897818895029,0.011839325738220476,0.02063195004783981,-0.0008355711642384343,-0.004029147285192923,-0.0028213257908554033,0.005150051489287255
2024-10-23,-0.0218601514140219,-0.026656796914304174,-0.01439398658124365,-0.003172974098113888,-0.03198319219679381,-0.006830079598587397,-0.028467289612493004,-0.020018310718538105,-0.00920224762242167,-0.0035689515081261678
2024-10-24,-0.0008236926145666017,0.009000562616286057,-0.0003685456086707052,0.007002872387055803,0.00722964865784788,0.0003060152122184331,0.006072240100797302,0.11839534141276628,-0.006806069860377518,-0.005670041723276798
2024-10-25,0.003636549032284828,0.00774968161813032,0.01554936749588019,-0.011938733258983689,0.009587815185522262,0.008019895587135343,0.00801552382161427,0.032891334056112616,0.006664412426469639,-0.0008365319577289096
2024-10-28,0.008562540672588388,0.0029769707636567114,0.008735331431271547,0.014247311591948723,0.008528804972377442,-0.0036501022879930384,-0.007232705740048755,-0.02512824530239814,0.0012037304590710415,-0.0049499220990772315
2024-10-29,0.0011561397730444284,0.01286871001658346,0.017598580786966824,-0.011596913489045365,0.025815922138008766,0.012486504584813374,0.0051817985502315474,-0.01145548515134625,-0.0055173676306276955,-0.01371845885733839
2024-10-30,-0.01539575386628473,0.009907234588807736,0.02778121294428086,0.006751558947376629,-0.002497763310044439,0.0013418399420045072,-0.013614436688782072,-0.007619899978935549,0.0014755881446200088,-0.005043363412474163
2024-10-31,-0.018377259001906225,-0.03339535403553647,-0.019388880716524667,-0.01115796408313691,-0.04178708417706664,-0.0463604235227258,-0.04837398718567025,-0.03035306639591626,0.0027317646023905834,0.0007709209965586391
2024-11-01,-0.01336857722678268,0.060018526321249224,0.0010512449653784421,0.0045858307212878445,-0.0007403750370590772,0.00984418699562531,0.019690359309325653,-0.0034882074251496174,0.00540592988493872,-0.01579456328352
2024-11-04,-0.004045777438102419,-0.01092182223034851,-0.012040227710745081,-0.014275685630255644,-0.011491120506824565,-0.004665235177892273,0.00478911109769862,-0.02496977961188894,-0.017399525337345484,0.03134346422510403
2024-11-05,0.0064653415487007475,0.018822662731709527,0.0029502626218503815,0.0077504051868419604,0.020740046867347376,0.007317863883103831,0.027976968641449804,0.03480162701711456,0.016465461030084626,0.002946575411167997
2024-11-06,-0.0032724142640374516,0.03733922736991443,0.03910958075514428,0.05410271569291196,-0.000663917158002972,0.020971462330288276,0.03993230295097754,0.11839534141276628,0.05098544416148897,0.017003265297648566
2024-11-07,0.021146995079634842,0.014192148444279072,0.023737299281960354,-0.04419058322825305,0.033773462603151505,0.0124172680157902,0.02220896417441543,0.028630012464395397,0.01457444790865578,0.001238922864446988
2024-11-08,-0.0011888361710883652,-0.008942557238934116,-0.013366948805256141,0.002534981526561098,-0.003996581524368454,-0.006816354827537883,-0.008431757938450964,0.07869717552417867,0.016966318904887465,-0.0003302071330790942
2024-11-11,-0.012101584819661835,-0.006457525082191786,0.011151523568566593,0.009700576051863499,-0.01052452761734029,-0.010778782620096102,-0.016183695131060227,0.08580690404849912,0.015213147652608295,-0.005298465561493405
2024-11-12,0.0,0.009958024917575062,0.00701723028860201,0.0011276823622106572,0.002825373292241579,0.011937736523986324,0.02064444252601546,-0.06342678815128278,-0.017066106713873614,-0.0009966792393766456
2024-11-13,0.00396129963483659,0.024539669362855586,-0.015201479367901451,0.006656693248180416,-0.008275884588833892,0.005116654567756724,-0.013715464018789278,0.005313266949669512,-0.014420102965244248,0.009263157540346931
2024-11-14,0.013676494129966283,-0.012312812938838414,-0.018620256877443474,0.002939712791084527,-0.0049086441666011905,0.003966696728548974,0.003344314132310995,-0.059448133931949705,-0.02121796203973379,0.0006637348132653593
2024-11-15,-0.014209726692821893,-0.04284745921407266,-0.017755568098611767,0.014122434059854642,-0.04081049005949785,-0.028247802976064634,-0.033112466552432836,0.030196972790488486,-0.0015523359219633305,-0.010422346125437871
2024-11-18,0.013332994360030487,-0.004501522120521847,0.016159478620187923,-0.0011421238135254105,0.0005773795954876189,0.0018296095467211317,-0.012972950652628497,0.054664350493325395,-0.00436598670497031,0.008346602116803655
2024-11-19,0.0011395214906782835,0.01432430133148399,0.015958622596075077,-0.007948971140280793,0.011994987871554535,0.0048708276069191914,0.04778738376240157,0.02120595242401374,-0.02168694510267294,-0.01406237207765108
2024-11-20,0.003149168054939831,-0.008491035845116046,-0.012086989899215904,-0.009547948234765158,0.007864240353622714,-0.005520513598136587,-0.00764761445927633,-0.01154032611298051,0.03992037106377961,0.014145388679819966
2024-11-21,-0.0020982982677535743,-0.022430287385072762,-0.048611178784602624,0.016394425016137554,-0.00430603911303047,-0.004326129390916067,0.005332217635234719,-0.007012172684276001,-0.005025139672316452,0.013292371564212358
2024-11-22,0.005890135969549004,-0.00637175235688548,-0.017269409969133197,0.015365898437745109,-0.007039737874647484,0.009953357355636724,-0.03271035462823413,0.0373345373484672,-0.011141302250593172,-0.0011488785555928737
2024-11-25,0.012966437741126095,0.021728540914003922,0.017388491862533124,0.006976197898718255,0.010620519025923989,0.004283448829625518,-0.042672820486731135,-0.040430888534493496,0.025003346878408668,-0.015056523424409841
2024-11-26,0.009360464058107474,0.03132358260823746,0.008730174623414223,-0.0012792565782429074,0.014807275778926923,0.021730283657959554,0.006594948696698715,-0.001063755153845317,0.0015833684174950556,-0.016811366369835164
2024-11-27,-0.0005531645317349096,-0.010251516694207487,0.0006500970518287142,-0.0007203965395185459,-0.007595836806284423,-0.011751426410688616,-0.011606869458427782,-0.015914020837727676,0.002617003967019314,-0.0026311869956261416
2024-11-28,0.0,0.0,0.0,0.0,0.0,0.0,0.0,0.0,0.0,0.0
2024-11-29,0.010163988599147484,0.010395828320660513,-0.001655847611014537,-0.00028036825424163867,0.008954843368528639,0.001110564289280641,0.021273595997701372,0.03619593916712737,0.002987087494605671,0.0025464486588273384
2024-12-02,0.009477482219375487,0.01347372166869659,0.014922149889375479,-0.013992966944343899,0.03172094785581583,0.017602740768878116,0.0027448921179664587,0.03397975234247804,-0.002757131218225229,-0.0009330040519000795
2024-12-03,0.0126909452049901,0.012872961773847143,-0.0008749684830056413,-0.005823982692997906,0.03451719960119609,0.0005103025128670246,0.011689326611084686,-0.016005713052796626,-0.005421208549719194,-0.0015285583466303336
2024-12-04,0.0014826339640321977,0.021872981158048213,0.01752940244697947,-0.005817065998467598,0.0002118510992772461,0.01432185156953779,0.034200977842167635,0.018355288553428408,0.009144589627185161,-0.029232416974774845
2024-12-05,0.00012334309077907657,0.01089568506430291,-0.009970884789991618,0.008509293201172592,-0.007933355144724319,0.01181771655842316,-0.00048247638015550925,0.03178623389945424,-0.053502418643186396,0.004365537912247865
2024-12-06,-0.0008232493033495472,0.0289577215747153,0.011919119427627075,0.007629333672269898,0.02407851988548991,0.002144035562979921,-0.01822645641816173,0.05202108959673976,-0.05202347873601438,-0.01059772598718923
2024-12-09,0.015972889432687393,-0.004149028072046304,0.004915796389950369,-0.014455595931339384,-0.01648746962632383,0.005508142233801121,-0.025814993494586966,0.0014634148953150045,0.023644157362149587,-0.005916978472826262
2024-12-10,0.004125258950728036,-0.004654999543156226,0.05437624682728809,-0.0039040924114182225,0.009327636805315218,-0.006049344846259759,-0.027312805027706426,0.028328310501358537,0.00811878373090774,-0.0020393484694623152
2024-12-11,-0.005179438715064517,0.02293094704166905,0.053774528012205336,0.0027548728915609846,0.021342850254947355,0.012686236526181975,0.03090847454214619,0.0576113551148347,-0.057646656402751864,-0.0066788661860925575
2024-12-12,0.005945998080516994,-0.005618085452278564,-0.01776168908650935,-0.008246336043493464,-0.002991896811403793,0.0012687255802105997,-0.014242130807284472,-0.01582716714006912,-0.03387377289077349,-0.0008939096830765773
2024-12-13,0.0006853353430694134,-0.006616567663893641,-0.011210737055994627,-0.0066047701015284075,-0.016689119872892545,-0.005107026806075443,-0.02275572959315882,0.04244899941747966,0.009109888477140535,-0.008802646321589598
2024-12-16,0.011659484135205381,0.023763519526408726,0.03540001301422856,-0.001501541716795051,0.007057396481549712,0.009612307620700292,-0.016902145176088252,0.05960057359180242,-0.043147871544686384,-0.0216141138263334
2024-12-17,0.00967265571279634,-0.0076711237701660145,-0.006325230854329903,-0.00510523963591842,-0.007719125004877866,0.006335171648527556,-0.012271894882554032,0.035724138195772255,-0.02638314125673509,-0.0042498183785606315
2024-12-18,-0.021654566599526137,-0.047078410933269275,-0.036583790815612444,-0.03409534226130889,-0.036580420063375405,-0.038284514038253066,-0.011415281339837859,-0.08642421525210743,0.02882753936578567,-0.014830271561051683
2024-12-19,0.006990244018990367,0.012482931876037162,0.0005837343077583041,0.011179965311912982,-0.0027165412601105345,-0.0008235315190065523,0.013636897668975469,-0.009038042516689774,-0.02117438662743616,-0.00858782362764146
2024-12-20,0.0186409318145764,0.007273430311082978,0.015266839687257417,0.01972189127541293,-0.017479798115027662,-0.0009843244105251629,0.030298635082894952,-0.0352567708528249,0.02199445028791452,0.0034063236254105646
2024-12-23,0.0030602324920422715,0.0006222471909635992,0.016682481841358458,0.003319247233480683,0.02464042880702995,-0.003096923918239146,0.03623228631083502,0.02240426356053564,0.01234036206248174,0.004053312800222666
2024-12-24,0.011412822451557307,0.017573311182246015,0.007575304303790504,0.016309965103417774,0.013084092977938111,0.009330257954312613,0.003930225090019056,0.07099116636191981,-0.00047417473419468904,0.0009403071520944041
2024-12-25,0.0,0.0,0.0,0.0,0.0,0.0,0.0,0.0,0.0,0.0
2024-12-26,0.0031705417835750154,-0.00877006267142877,-0.0026039147341724335,0.0034196759557073657,-0.007266252301075367,-0.0027807993110015726,-0.0020702005426602513,-0.017787254049436575,0.009928861113639822,0.0008454082135789594
2024-12-27,-0.01333053752377513,-0.014640913829901727,-0.014625855023582364,-0.008135435319664845,-0.00588420549101934,-0.017453051792708445,-0.021088521583209213,-0.05074526160258332,-0.0022720295852072113,-9.387386468543355e-05
2024-12-30,-0.013352258788576578,-0.011010096307821616,-0.007916618505026495,-0.007700582028264864,-0.01439108796262053,-0.0133279305871085,0.0034973419256118647,-0.03356928885086787,-0.004303375292458091,-0.006784683862664623
2024-12-31,-0.007082823666737158,-0.008668295678212696,-0.010196269353141598,0.001628438601416554,-0.009738703605996548,-0.007869299898505879,-0.02354949576101007,-0.03305021011916344,-0.0038277306182268687,0.016969365026871575
2025-01-01,0.0,0.0,0.0,0.0,0.0,0.0,0.0,0.0,0.0,0.0
2025-01-02,-0.026586286008633653,0.0037760870596221323,0.0006865526353976165,0.0012090063540475743,0.023178828889016206,-0.006951688737360282,0.02949569906965777,-0.06274403546918701,-0.0026723382262233944,-0.0024199966782841695
2025-01-03,-0.002011468040457724,0.017866865271653997,0.01238135548523966,0.01357407390670347,0.008954574677320973,0.011331237878659191,0.04357436807302497,0.07895504556688626,0.01668816890275288,0.0051122212436218286
2025-01-06,0.006716463246120285,0.015139723199454136,0.026142748233340583,-0.004887240808438179,0.04142039510810535,0.010573388610832209,0.03375641178801373,0.0014850709586745647,0.0013052001951055533,-0.001113116795906408
2025-01-07,-0.011453050751839318,-0.02446088330127337,-0.0070343260219017075,0.00958644081031874,-0.019726678388677237,-0.012891003186146752,-0.06418618211945995,-0.04145067133894483,0.001128613901448241,0.009330722531076113
2025-01-08,0.0020209452178193013,9.006065292234922e-05,-0.007908988645420424,-0.00016455744897700295,-0.011672010136809647,0.005171661092368767,-0.0002140784098977137,0.0014697002488738569,0.01977399886850473,-0.01687723824918796
2025-01-09,0.0,0.0,0.0,0.0,0.0,0.0,0.0,0.0,0.0,0.0
2025-01-10,-0.024399103678973594,-0.01446508722386957,-0.009896602900394465,-0.013499199686859868,0.008381220593907255,-0.0133017352523706,-0.03043495635733917,-0.0005065652243020289,-0.007328768829960157,-0.003653936443748006
2025-01-13,-0.010397980476670161,-0.002194768679336334,-0.005378034335459235,0.017931485999913815,-0.012302093974115495,-0.004209861086310876,-0.019915994674106194,0.021478195369560783,0.038523102583826276,0.02548441319420943
2025-01-14,-0.004789586640451314,-0.0032094484707197966,-0.00709271612298314,0.01326068931977942,-0.023417482560431697,-0.0036499714247646827,-0.011094959199039352,-0.017382638722844804,0.004793334768847208,0.003926721898929313
2025-01-15,0.01948482149103695,0.025346561447878488,0.030583080389965874,0.019527729636478947,0.0377633757422918,0.025275104043759673,0.03343612993800147,0.07731423282838396,-0.0005888576413867798,0.016182550810523746
2025-01-16,-0.04123899879228495,-0.012117003196939351,-0.013592259716698819,0.007579686841888052,-0.009475669430981612,-0.0040664790089509325,-0.019792330455421954,-0.03420597069137618,-0.06231561487066122,-0.0017051848213131661
2025-01-17,0.007507065199941147,0.02364641617601076,0.01589089904474885,0.019048948613252344,0.002401822473991899,0.010426542023012395,0.030524290218032952,0.03018125256143425,-0.0016268056977408684,0.008943008338421854
2025-01-20,0.0,0.0,0.0,0.0,0.0,0.0,0.0,0.0,0.0,0.0
2025-01-21,-0.03243634190817683,0.02089205157407654,0.010404731418183228,0.014822461872138098,0.006003915413969266,-0.0012362935128957951,0.022403421203704088,-0.005713813715474868,0.029439136155259813,-0.007596534177239139
2025-01-22,0.005330873929507782,0.018466503377704703,0.0016144072178482407,-0.0007225474451712019,0.011355124168852222,0.04047669727919919,0.04335530148881275,-0.021355043154943146,-0.010088951517566995,-0.017557014186571383
2025-01-23,-0.0007598353518101169,0.0017431021503980866,-0.0019678629092965607,0.011762856827743572,0.02055717046342633,0.0011422802626848334,0.0010193257869135451,-0.006598243859181292,0.019152881875584653,0.005644682630512696
2025-01-24,-0.003942266133607039,-0.0024241067445138365,0.01120088474066832,-0.0041825509215092605,0.017197516530218733,-0.005949984665722119,-0.03174431189641363,-0.014164587635274254,0.005158571188490424,-0.013619374721047761
2025-01-27,0.03128567506779453,0.002424106744513845,-0.04286159788369338,0.003806385073464278,0.018954713371868014,-0.021625635464854683,-0.08108337688670236,-0.023466650856007368,0.020464940172248574,0.013800786306701632
2025-01-28,0.03589198626202065,0.01152955641148476,0.018031602885227795,0.004840664631441143,0.021661661438103857,0.02867192208015929,0.08549725780967952,0.0023640734639690623,-0.0019154234987736924,-0.019523019564130696
2025-01-29,0.004606248776426157,-0.004545214548105975,0.0005630380774956539,-0.0020986453117045572,0.0031979347765439007,-0.010949763281502843,-0.04187561123168072,-0.02284170549807513,-0.008106664023691272,0.005814297619335484
2025-01-30,-0.0074222408144265315,-0.01030306500192206,0.02755807286547858,0.006170472111935493,0.015416545987170911,-0.0463604235227258,0.007650487335505322,0.028327903495885404,0.013786662773370257,0.008247763888592271
2025-01-31,-0.006714713058157286,0.012872778270920829,0.015560039578442882,-0.0034732403852603066,0.003168153309187601,0.00016874874482936177,-0.03743480908793117,0.010734640646320742,-0.005661537896443506,-0.025324655054113097
2025-02-03,-0.03444229542688905,-0.0010944834258047257,-0.013769468016962185,-0.0018347824246408727,0.011942831477988252,-0.010024534382687945,-0.02881111942274744,-0.053090087069197885,0.01043408084127057,0.002430631879834448
2025-02-04,0.020790325663487513,0.01935490231141661,0.025270620610451565,0.004226255570999769,0.009603042226369584,0.003522414376422586,0.01691417597234925,0.02198853609615247,-0.004992496139720717,0.026447021734744534
2025-02-05,-0.0014185589597766808,-0.024633742288564034,-0.05288224203411107,0.00925020153178368,0.0009650673808373724,0.0022285117309473797,0.05077476802044642,-0.03645352337012321,-0.01039381201723834,-0.0007277412706995331
2025-02-06,0.0032210981269412023,0.011200132499427723,0.001410117363426813,0.023643330025919042,0.01005062301504029,0.006102941504934444,0.030375793737228124,-0.01023279935109268,-0.018265121795367274,-0.013284095353592477
2025-02-07,-0.02426080972025571,-0.041375225115693685,-0.03321791912986525,-0.00398067797246237,0.003547152645004826,-0.014705191886307426,0.008974176237814413,-0.03451714290429038,-0.005694760229369137,0.0042334652999715
2025-02-10,0.0011867541788795966,0.01726234455405195,0.006078484320490529,-0.017409494299802503,0.0040225899480311475,0.00600996454062177,0.02832302603133332,-0.030577195209388917,0.011957821501570104,0.018921790602235224
2025-02-11,0.021596794911664313,-0.0016312726853763525,-0.006186324665406048,0.01446841091252923,0.0033396428247421304,-0.0018940316988067122,-0.005781508993400884,-0.06547989008634725,0.0010306224751396192,0.006288087060654326
2025-02-12,0.01810530840941033,-0.016591608211964908,-0.009270179573965052,0.0016713553765152645,0.007722339753492326,-0.005850235766615248,-0.012578721029277201,0.024091057420887543,-0.012286570686874991,-0.030548606754957467
2025-02-13,0.019482183788990057,0.006270442838655877,0.013685174083113007,0.003153550440256669,0.0043743392925591025,0.003660434373038543,0.03115496117362844,0.05613428883532556,0.0071415977921360585,0.007239628594168741
2025-02-14,0.012630594967861392,-0.007363076447512864,-0.004900875471416082,0.0009764498937213877,0.011069988642537798,-0.005152833719691518,0.02597367913365412,-0.00028100285016493403,-0.014544851669661064,0.0010167759343503006
2025-02-17,0.0,0.0,0.0,0.0,0.0,0.0,0.0,0.0,0.0,0.0
2025-02-18,-0.0005316902165412316,-0.008916663909923439,-0.007913121858909638,0.012074914927567935,-0.02794329465333557,0.0029582265703962454,0.003953169975721242,-0.004873623368530301,-0.04448904636300723,0.0174013622047418
2025-02-19,0.0016348795078827002,-8.819720145894445e-05,0.008129144093893974,-0.002503578931578016,-0.01774501881159662,0.012445419203202685,-0.00122009136696665,0.018050813649058695,0.020380791328941664,0.0014516998856853964
2025-02-20,0.0039127276989343015,-0.016685221316839496,-0.0038397076942105627,-0.045608194684184825,-0.012770125948300931,0.005276616278691788,0.006300621854545979,-0.01723217010242546,-0.017011491592450047,0.015294844898688027
2025-02-21,-0.0011396082356238142,-0.028673529284667792,-0.02690820089599456,-0.009641381456490357,-0.016381746845620767,-0.01921594644985502,-0.041384282168855466,-0.04797223327197698,-0.06231561487066122,-0.011765260493907127
2025-02-24,0.0062925273857716004,-0.018030235415601108,-0.0022847693176208336,-0.011035749703482478,-0.022816979069392354,-0.010366922754356748,-0.03135742582059979,-0.021756545199510743,-0.01056131969693201,0.005226108213353277
2025-02-25,-0.0002428155766170653,0.0004230045694208501,-0.02159832223967525,-0.015190923616273493,-0.016038064512265672,-0.015214201918624553,-0.02841674691302394,-0.08762494178787733,0.019015690592484858,-0.013936935361015451
2025-02-26,-0.027412498442933024,0.00725744971005982,-0.015453519858259808,0.0053856332190771105,0.024340295166646,0.004588737664297243,0.03606294799044797,-0.04043677756749929,-0.014540453734260168,-0.002463601735477648
2025-02-27,-0.012812563750172512,-0.02652073681079192,-0.0247940366392513,0.00100414231528789,-0.023215408754547747,-0.018176341641463492,-0.08108337688670236,-0.030905910133740465,0.010663694929205778,0.00628396014343098
2025-02-28,0.018951084186947617,0.01681666750153127,0.010508397539821981,0.021387176374280326,0.015017920685720563,0.011298084720704305,0.03893250388963958,0.03837459125197188,0.013566399631215108,0.010655672953829376
2025-03-03,-0.015879649346846304,-0.03479859601476046,-0.019390434045155114,-0.015344736150118816,-0.01987606162318344,-0.02164370013833516,-0.08108337688670236,-0.028844050845269347,-0.016794325092974995,-0.03259218427356825
2025-03-04,-0.008861485211298233,-0.005968420431592876,0.02314189502819324,-0.04060305433238751,-0.02324325846958463,0.0003088523091869424,0.01677944022442381,-0.045311188236941684,0.016057131002798937,-0.00204365852665232
2025-03-05,-0.0008056224633173428,0.022128220043401252,0.012211718903919403,0.005101893943061669,0.025408606336590978,0.03143494010354697,0.011230757655257998,0.025621016692865903,0.0028824690659309815,-0.01972088197705563
2025-03-06,-0.001740748769880917,-0.037456115209580504,-0.003879815647947971,-0.020037991054188034,-0.0444481611078448,-0.010351951445150723,-0.059086012880118,-0.05770651942025788,0.024365689964527978,0.020464507146561697
2025-03-07,0.015767651839406743,-0.0072509229263983,0.008722892803191934,-0.01743022027809345,-0.003621724850658482,-0.00906116940358572,0.01899193259532852,-0.0029651004058366417,0.011740847975482131,0.012924827246105872
2025-03-10,-0.04969420696014332,-0.023922554740530594,-0.04589496043713826,-0.04240887199302224,-0.0452330134377192,-0.03400586656246651,-0.051998854242922256,-0.12113825810398889,-0.02297355548803435,0.02518011845088048
2025-03-11,-0.02962373927034576,0.010482560161564325,-0.011094131046301855,-0.01335199291007648,0.012827356873167507,0.0007626153707795385,0.016501773429872007,0.037245079838722016,0.012046709428949615,-0.023896768972676872
2025-03-12,-0.017633248059899076,0.011631581915007516,0.018542015455993686,-0.0054262306793499224,0.022608293396144553,0.007384816215004264,0.062294685249707854,0.07319368705023706,-0.010195148963029053,-0.00027501565243873117
2025-03-13,-0.03422274892490426,-0.02546092021137873,-0.02637556424654207,-0.011962417253129097,-0.04780276898763272,-0.011810505089285162,-0.0013834199585296947,-0.030323348875332088,0.0008518839439332611,-0.004223968188175907
2025-03-14,0.01800745100151966,0.020723473340341268,0.01663417593073098,0.03168755290459625,0.029199147968285915,0.025518483597740883,0.051349506075918684,0.037912677650069934,0.014698723033746967,0.029289780736874365
2025-03-17,0.002386116066015787,-0.011227182074080659,-0.007277641682893962,0.0063897666490768425,-0.004453475482378999,0.00036017421973367727,-0.017745105675053947,-0.04906823105490024,0.02099973854198786,0.016485379984091827
2025-03-18,-0.006140313816847984,-0.015030126840267754,-0.022280642118272385,0.004435927241518424,-0.03797445121992977,-0.013416018694392186,-0.03490302676016759,-0.05483544563443516,0.009533105615547845,-0.0010554334800657514
2025-03-19,0.01191801777068799,0.014007778521538292,0.019842881664529653,0.01746594787286633,0.0029149602780776857,0.011149488401198147,0.017944173562609855,0.045761190368065426,-0.0011915951716705256,0.015455527993075585
2025-03-20,-0.005310534461751262,-0.0030218279679656837,-0.006672932505995641,-0.00041833339966424794,0.0033159920953973374,-0.0025301603678862545,0.00855759672320247,0.0016944590202751025,0.01596875623596266,0.004236728163133909
2025-03-21,0.01928958046898615,0.006442448675219972,0.00728300004073757,0.010902310231549134,0.01734028573073347,0.011361323672608364,-0.00702711052246302,0.0513547158131408,0.010796173589022514,-0.0034572544517897734
2025-03-24,0.011207462561574549,0.03530037223454001,0.022251826206304816,0.026262921074586366,0.03720277579886829,0.00464063627381256,0.031034323089008616,0.11273547481030481,-0.0006773520789860715,0.002594095055321781
2025-03-25,0.013589021250281797,0.011981521917604297,0.017029812871864582,0.012300052767494785,0.011982668985552374,0.005277715255324882,-0.005948050495023446,0.034423463077927825,-0.005961572999454879,0.006798848144317389
2025-03-26,-0.009971390804582078,-0.022515953159889142,-0.03277809152325519,-0.0003981812206691721,-0.024781258219336827,-0.013220924886847275,-0.059134257491441015,-0.05742390273973778,0.00924760134511166,0.014306699402599514
2025-03-27,0.010418207785975186,0.001142864416179142,-0.01723223231495211,-0.01166004543915008,-0.01384363304757531,0.0015628628138508176,-0.020694417932847372,0.003925268964187628,-0.004797400763951099,-0.00321807712234395
2025-03-28,-0.026939826095397395,-0.043855989217514546,-0.049983638224803666,-0.02146846994001024,-0.04382897086207374,-0.030624417348944725,-0.01592074281436386,-0.035704833212183235,0.0006203438283672582,-0.0013581729724130025
2025-03-31,0.019226537404803058,-0.012846835734262254,0.002006680614761715,0.010037986814134812,-0.0006591130910889692,-0.009042852204499888,-0.011832269028448047,-0.016797411271064034,0.01483023809739286,0.010141183080541637
2025-04-01,0.004760559211670022,0.00998885850959942,0.015591881701383675,-0.006708119268655648,0.016587244704920772,0.017952494178591755,0.01619958874575572,0.03525624951763979,-0.001203548016061486,0.0009244854364894236
2025-04-02,0.003131427791015978,0.019785262896236874,-0.00019129715085575453,0.008825731528700989,-0.003538667084018957,-0.0001308788273190025,0.0024480710105487763,0.05189662060946535,0.0001529127668218941,-0.0031131337265891857
2025-04-03,-0.051101920416750976,-0.057588983573757455,-0.04107665079747522,-0.053063517334667375,-0.06658748412953915,-0.023913803294693326,-0.08108337688670236,-0.05630172235818194,0.03241980906951749,-0.05401567017134226
2025-04-04,-0.051101920416750976,-0.04242073641032032,-0.03456054459469499,-0.053063517334667375,-0.05190538379846377,-0.036213783683344,-0.07642292161238848,-0.11003572551557192,-0.02889014044136369,-0.05401567017134226
2025-04-07,-0.03742591488083676,0.024606997782102066,0.007867307529268284,0.019590115545253983,0.022567398048419417,-0.005517677904490875,0.0346999436663738,-0.02597878190231111,-0.0006668300469951759,-0.01350840655576587
2025-04-08,-0.051101920416750976,-0.026597259717812963,-0.014067967747294522,0.011267982840683793,-0.011298342558052952,-0.009264184023110985,-0.013818794195566005,-0.05023573100190593,0.05267607324406999,-0.021305572704760536
2025-04-09,0.051285233012391296,0.06131112770815112,0.056162422486998605,0.05410271569291196,0.07043323186987983,0.04983155514747313,0.08549725780967952,0.11839534141276628,0.04493578033418815,0.048709845307713044
2025-04-10,-0.043318714611892455,-0.053085113655140896,-0.037818018244718477,-0.031338526413563036,-0.06658748412953915,-0.023684793984475577,-0.06094729175802365,-0.0755220285780395,0.027114010112014062,-0.05401567017134226
2025-04-11,0.03979219156609035,0.019941079422269643,0.02787629235664599,0.039244491895688544,-0.004991393748960941,0.018447012400559397,0.03075767108114559,-0.0003566259450699316,0.008493335035123466,0.03161737205437276
2025-04-14,0.021814324625151652,-0.014987065296594422,0.012207502821544269,-0.006285639096966396,-0.022492849543323278,-0.0016489949498748727,-0.0019852372644194064,0.00015855643290671638,-0.020918878574904935,0.0024208845928136956
2025-04-15,-0.001878136709860532,-0.013989329016472998,-0.017503361233583637,-0.0067970785528366166,-0.018917884393061087,-0.005377851046025205,0.013368756833628433,0.006950209565496345,-0.005928316312456635,-0.0028087397540382366
2025-04-16,-0.03971147016854836,-0.029726389380639047,-0.0192486290296278,-0.015214015174743797,-0.037530312849188625,-0.03729300504875715,-0.07119155886989582,-0.050690742903996715,0.0024815334418707958,0.010516801567587686
2025-04-17,0.013853171446309107,-0.00991534732389348,-0.014253571240405816,0.01018278994564195,-0.0016536870550960523,-0.010359836958720172,-0.029131198002330435,-0.0007454979855451015,-0.06231561487066122,0.025864578820315662
2025-04-18,0.0,0.0,0.0,0.0,0.0,0.0,0.0,0.0,0.0,0.0
2025-04-21,-0.019583284818775817,-0.031126527586896723,-0.0233590047423015,-0.012886575496702562,-0.03411612086995328,-0.023828226438393427,-0.046177432034535525,-0.05918076725792799,-0.06231561487066122,-0.014792743480308875
2025-04-22,0.03349763125532333,0.03442328337941731,0.02540772455381895,0.028414584561694545,0.031720398181064716,0.0212144580879022,0.020225224465680286,0.04499438204493094,0.004340024571573568,0.02761708060768789
2025-04-23,0.02404041488197309,0.041953201051518486,0.025292973386195308,0.0222059692720542,0.039180053068124714,0.020426924178123803,0.03790149041666721,0.052271947159751794,0.0018243434015586808,-0.008624244097843991
2025-04-24,0.018258334444546515,0.032360982528496264,0.024982996190434044,0.015488762591883542,0.02445480480180396,0.03390150503066673,0.035577974453903545,0.03437870754426389,-0.008706770774955486,0.011666626236894743
2025-04-25,0.004357773952154758,0.013048475365695443,0.016685817737390096,-0.004465402528273779,0.026139577389958913,0.01167953606531316,0.042132889657851204,0.09351849398026,-0.013311567415934054,-0.0005524257949574326
2025-04-28,0.004100853960753172,-0.0068492053390797475,-0.00837039597907699,-0.001355994566668566,0.00450290391161329,-0.0017623789531737114,-0.020752545360519608,0.0032583903115033577,0.0032433372099977638,0.0005524257949574831
2025-04-29,0.005079000432605932,-0.0016529240033086564,-0.002805774403442387,0.005739701612794396,0.00851335278565737,0.007335786467249187,0.00266355845435312,0.021284373105168935,-0.02597732329502494,-0.0024885794953573258
2025-04-30,0.006089082548314729,-0.01597624814818092,-0.008527771187469507,0.0,-0.009860209773116767,0.0030912323987631503,-0.0009177639988480709,-0.03438223363024816,0.005385836216610085,-0.025516590571478204
2025-05-01,0.003851464551987565,0.030860378884021808,0.015620399712381517,0.009236891050334418,0.04140761942018383,0.04983155514747313,0.024397036741896447,-0.005829314402079844,-0.026500044216290854,0.0014190765472419384
2025-05-02,-0.03807757245772203,-0.0011573530932636395,0.016783389563667327,0.022507910753153126,0.04244459391399034,0.022959540647889354,0.02556424074860387,0.02356864125337387,-0.0018985648298462901,0.0040567693745870775
2025-05-05,-0.03196397952264492,-0.019292122294797282,0.001096786592765753,0.00019800019864706612,0.0037616008768414744,0.0020426156845589198,-0.005956554248827417,-0.024495847170982712,0.01215321173737492,-0.028071313583444644
2025-05-06,-0.001912525164044045,-0.00721681069789819,-0.0059858337397237634,-0.01319245971353123,-0.020159526720825594,-0.006578705731860101,-0.0024630687579338803,-0.01767474071206643,-0.02577333020877732,0.01384764428759383
2025-05-07,-0.011449973591303604,0.019801632738363693,-0.05288224203411107,0.0005615496108670264,0.01604599000847935,9.238302663668128e-05,0.030531374558073913,0.0031546161942166075,-0.008783421711248995,-0.000955446409067877
2025-05-08,0.006298553278077304,0.01770048072706834,0.01897573899378439,0.01622755754889683,0.00200882470924315,0.01106117236817179,0.0026448147092960903,0.030659773437438274,-0.014190128161086784,0.013860097380869203
2025-05-09,0.0052522561730470926,0.005089047328858073,-0.009966540612784605,-0.0015398895433142948,-0.009273487843518525,0.0012772050468481692,-0.006153354064050305,0.046108194570086934,-0.012816854679869675,0.011622583821719538
2025-05-12,0.051285233012391296,0.06131112770815112,0.03669970783071711,0.027168256780371918,0.07043323186987983,0.023717629106184555,0.05300632642014118,0.06528003118679684,-0.004977773989822755,0.01709292999497853
2025-05-13,0.010101107307854204,0.012999853383055317,0.006729748793484232,0.011318342723882893,0.025629317572721418,-0.0002670831249151949,0.05481132151145412,0.04810492051681205,-0.06231561487066122,0.0027444078091446483
2025-05-14,-0.0028217892757707217,-0.005312830342904736,0.035953390308354226,0.009949874390417134,0.00506317787647171,0.008425001369417345,0.04079445148776378,0.0399319216619113,-0.010881603530142071,-0.008993326128040291
2025-05-15,-0.004153119684206215,-0.024458403999516362,-0.008562940123154521,0.006940096679528279,-0.02375734837103908,0.0022535126613567507,-0.0037754519501330976,-0.01407694599861275,-0.06231561487066122,0.010089404350732968
2025-05-16,-0.0008989154258587225,0.002044981599618388,0.013509277812507041,0.0002615513514445931,-0.005513045891920741,0.002512640710313931,0.004218607445701615,0.020670491941373468,0.0620409329007912,-0.003598290311040661
2025-05-19,-0.011808459962148962,0.0027687076543830617,0.0021038367057016924,-0.010066876881309096,0.00014038611371856326,0.010075321385333938,0.0012548047885421135,-0.02280219175263177,0.0620409329007912,-0.01602557163412692
2025-05-20,-0.009238984585002073,-0.010189475975831261,-0.01549108596244091,0.0030156855702859614,-0.005213132083953003,-0.0015267292741852835,-0.008816538526536364,0.005044436283555748,0.017852222798384287,-0.014379361882456808
2025-05-21,-0.023329061132876312,-0.01456138756787949,0.027547286437387013,-0.017618851225769568,-0.0025145700818327284,-0.01229780006935159,-0.01938595586624129,-0.027122740878422213,-0.05957941068916605,-0.012367608401779116
2025-05-22,-0.0036187742583048813,0.009796778074282274,0.013611175603753453,-0.0014183490396852206,0.001682377260698983,0.005047225468213278,0.007784422282878386,0.019004252475032086,-0.021046331013773567,-0.006678639123679407
2025-05-23,-0.03071112516555643,-0.010443315729919826,-0.014145311805724975,0.00015326520703911836,-0.015052116609614632,-0.01034217475294644,-0.011661475557530044,-0.004997253689502847,-0.003714800666820468,0.0005824952660689449
2025-05-26,0.0,0.0,0.0,0.0,0.0,0.0,0.0,0.0,0.0,0.0
2025-05-27,0.024983558334119495,0.02471808928544102,0.025955740333611702,0.01741498477100294,0.024044345712002008,0.023077819973463497,0.031562974414774195,0.06709725458197968,-0.0019304073159531253,0.004744602511948765
2025-05-28,0.0010484119211289164,-0.006330074379308311,-0.003128071068167838,-0.0068080652356453395,0.0019597575090979495,-0.007254487275486855,-0.005105311225145272,-0.016644185010272462,0.010487107382668833,-0.013714135040652605
2025-05-29,-0.0023478901995321877,0.004775584008620333,-0.002905096087945846,0.003333997331653639,0.0022815559852953776,0.0028819046333102023,0.03197364357937338,0.0042777491260106125,0.00020142755363103447,0.005664051807909711
2025-05-30,0.004491076894813233,-0.003360050181079145,-0.0006985341990808084,-0.0014004712361963742,0.0037754470583976716,0.003655992522284545,-0.029602538151327566,-0.03396601533337422,0.01246501449662662,-0.0038050708155719787
2025-06-02,0.004223123822604175,0.007967779780350723,-0.015905563592480326,0.0024969790911722445,0.03551669556662955,0.003491133675305472,0.01651345799010261,-0.010941091649071494,0.009264438486094616,0.007304692179838187
2025-06-03,0.007753628371346302,-0.00455906882030232,-0.01700466960551011,0.0060647353096564445,-0.006054908305228241,0.0021623473779866947,0.027568143033128163,0.004599945784019605,-0.011552402625617667,0.007251644517160086
2025-06-04,-0.0022161327214579923,0.007361824330479417,0.011190204788523088,-0.007728695077846196,0.031151014874619156,0.0019420499819249367,0.004944560488316775,-0.03614067809813415,-0.0027925321684729686,-0.014556336696998339
2025-06-05,-0.01085656861922265,0.003276044436817532,0.000951527139694515,-0.008628429052314406,-0.0048522498762754735,0.008180042258673312,-0.013692475659628582,-0.12113825810398889,-0.015229558210901252,-0.0046049317827916905
2025-06-06,0.016265311589657865,0.0268593707089079,0.03200133258743201,0.014327202840637213,0.018939640339991105,0.005756478208835834,0.012282221688510052,0.0360138325066553,0.024639840633119702,0.02367892552965453
2025-06-09,-0.012186604353181927,0.015840481625608374,0.014990565080098495,0.0037935608094850424,-0.005245183341083723,0.0050259098185064304,0.0064007667796065594,0.04453121583281344,-9.887523701681926e-05,0.006690899355579552
2025-06-10,0.006037906567603641,0.0028993089092673027,0.014153575515894431,0.006948924419923433,0.011944677494993484,-0.003878462387048046,0.009281521634984823,0.05519232015438431,0.0019768961712634836,0.021208297194214874
2025-06-11,-0.019380381731049234,-0.02047379463536856,-0.007023575655756804,-0.0016769415898236731,-0.011829370327077208,0.0036034432589252476,-0.00781104459554239,0.0010421025390305668,0.022040430422009403,0.01930493490758604
2025-06-12,0.002110632498005534,0.00018763973740831241,-0.009347116562990138,0.00033570656788244497,-0.0011243263221475826,0.01313740717075899,0.015078635267653356,-0.022679683166052338,0.02524540263718101,0.0038349456774681824
2025-06-13,-0.01390141261259011,-0.005360427367806205,-0.005879597560852844,-0.012340875336736798,-0.015244840501798602,-0.008198533336373638,-0.021117980385975357,0.019242741328905938,-0.01572751397939568,0.02154692813789049
2025-06-16,0.009978070009205035,0.01868340140955021,0.011951050643939875,0.020213141247727356,0.028568919447180777,0.008762249888579429,0.018977669535153226,0.011674257976472,-0.011825975378253702,0.0032057525548325845
2025-06-17,-0.014109749642865382,-0.0059407894922023025,-0.004649618836081761,-0.0031116967992701385,-0.00698898506383578,-0.0022984082372658823,-0.003947255069751704,-0.03960360944657592,0.003925189389386381,0.013423024064995345
2025-06-18,0.004793283641698603,-0.010764380578029788,-0.015060232779398528,0.01633946760359263,-0.002096240438237996,0.004591545905710506,0.009392397697284088,0.017857560202303197,-0.005421453036170121,-0.0071305824265946996
2025-06-19,0.0,0.0,0.0,0.0,0.0,0.0,0.0,0.0,0.0,0.0
2025-06-20,0.022235474358199368,-0.013405860444963278,-0.03930387462377343,0.003788909751133215,-0.019476335104716615,-0.005931350190289757,-0.011267574299852059,0.00034155282181088666,-0.017038866889128694,0.013252220361598158
2025-06-23,0.0024844339906089923,-0.005835109391705959,-0.008739481297922902,0.011820672245913535,0.023435481558801857,0.017853993628876446,0.0022221087869544825,0.07910624722725408,-0.004413689142513897,-0.02614541555886222
2025-06-24,-0.0059731051616175096,0.02041663831593163,0.00951935293952093,0.010687843475496625,0.019380503036915825,0.008421152289271351,0.025543199048136216,-0.023827555571310416,0.016295954495587774,-0.0309003037344566
2025-06-25,0.006270780317822125,-0.0036726605052767557,0.02317476474001209,0.009905924849131961,-0.004954662307546641,0.004397553030850552,0.04242729945917625,-0.03868634165630777,-0.011849271969178036,0.0002769629073409352
2025-06-26,-0.002782109146813589,0.023911043937020576,0.01661759355146195,0.016375772302118827,0.024270007948155783,0.010467691135128966,0.00459050878320667,-0.005418374727754274,0.001984758264481083,0.014838136570172031
2025-06-27,0.0003979183634067224,0.028065998915184062,0.02834867594832634,-0.0056959616659804846,0.010330772925331572,-0.0030401229157608115,0.017457332008347648,-0.006621400161764133,0.021219272937452537,-0.005561392798518009
2025-06-30,0.02013605979229072,-0.017665207343808734,-0.012966691875110048,0.009705280516667802,0.00606095999976524,0.0029597302134453927,0.001520362465989865,-0.01861926308527601,0.00920982414120454,-0.01455037539430584
2025-07-01,0.012833332667241399,0.004865337820140418,-0.0022155272806623463,0.001723148135476735,-0.0258985529772242,-0.010834317913543303,-0.03013485204265328,-0.0548353231730864,0.044419755992140764,0.013269485733797487
2025-07-02,0.021987356595825232,-0.002452467458083949,0.01579813351756416,0.005460193258271696,-0.007886735135746992,-0.0019528641263497069,0.025439923771964506,0.04848766871497916,-0.058656527488601215,0.01643342470973419
2025-07-03,0.005211437084864038,0.015744829251554494,0.0049697070065429045,0.018411637237474136,0.007594743583119243,0.015657954180622758,0.013203479676020865,-0.0009508330128998894,0.0032135956133813393,0.010302341116900175
2025-07-04,0.0,0.0,0.0,0.0,0.0,0.0,0.0,0.0,0.0,0.0
2025-07-07,-0.01700163912053269,0.00026851753624536286,-0.015379751867221441,-0.013708487143463162,-0.0009184258508936781,-0.0022477122660855987,-0.006927443504392212,-0.07030747928005848,-0.015810567184763823,-0.009762216780204804
2025-07-08,0.0002856961320083142,-0.018562963722362966,-0.01384041957997884,-0.03198173163130412,0.0032245296234812357,-0.0022125750804845453,0.011060857368697092,0.013080017887538436,0.013052077721438762,0.027342969218489287
2025-07-09,0.005366268772479442,0.014392611963869897,0.012878401132524208,0.0013428878432846707,0.016664178956376285,0.013778461175865961,0.017840047955757138,-0.006501707849529647,-0.01568968183915072,-0.003421139241215669
2025-07-10,0.005997105367425927,-0.0012589875178302516,0.005645855221326444,0.017607762770863695,-0.007589070976576033,-0.00403985128328624,0.007462304131236954,0.046198855706690405,-0.011287902339311366,0.009880658146493042
2025-07-11,-0.005902352644030488,0.01234146308748988,0.014365463832665666,-0.004625655891737332,-0.013469531747693289,0.0036624036551624194,0.00498441287409263,0.01167844971117151,0.015208886085647168,0.004341004557436289
2025-07-14,-0.012101676216787868,0.0029730809278073135,0.007574250447592439,0.006393976063866745,0.0047412104217983255,-0.0005961893456745816,-0.005167294757861245,0.01075495879659973,-0.01164277483329704,-0.013167789224138568
2025-07-15,0.0023460325817583763,0.0029201137891530816,0.0024205253817901735,-0.0074752925026360965,-0.01471398017950666,0.0055509838438607215,0.03961430609842735,-0.019500985006087518,-0.029953785632054142,-0.008905391151680434
2025-07-16,0.005008651362872237,-0.014059063272129654,0.005315510850617194,-0.0025507327743072164,-0.010585430764233456,-0.00039555681279942345,0.003917446791400476,0.03444095462458378,0.0026702798300569665,-0.006040729810050761
2025-07-17,-0.0006663238799223456,0.003086778258328562,0.0033283983068041335,0.014173816305018225,-0.0021362038816777947,0.011953135753057375,0.009466668777072643,-0.007050661595447646,-0.015226777814682168,-0.005091789852327158
2025-07-18,0.005508059898247254,0.009999860894734277,0.00802944364978184,0.004714693762369093,0.004083456034197845,-0.0032297704035930386,-0.003416250050641185,0.031555911584314186,-0.018994220882780667,-0.03545918194299795
2025-07-21,0.006136933433292541,0.013921126445029842,0.02687024755857185,-0.0010306240011560119,0.012263353097882066,1.9600701150821287e-05,-0.005992021538431036,-0.003525100711992725,-0.0018057833009874145,0.002594724419883373
2025-07-22,0.008995570441175984,-0.008012836242670535,0.006501663035949317,0.0015797422926184335,-0.011511020884795053,-0.009435369327673974,-0.025709928968958563,0.010959828902223289,0.010541727726040766,0.004524666477070568
2025-07-23,-0.0011666351987472624,0.003598354221935051,-0.005818081915067292,0.01812379636658592,0.012366266173474843,0.0011867184348362016,0.02220273156305301,0.0013540923687317768,0.02555361609500662,0.012725106020839774
2025-07-24,-0.0018228822567824276,0.01711152033504944,0.010146596748128955,-0.0007078818724219982,0.0017081280315359194,0.009855023892195464,0.017183791372874523,-0.08552542784602518,-0.04879376890443297,0.007792733791518992
2025-07-25,0.0005613455330807401,-0.0034075702705456917,0.0052418357052966,0.006956078117410404,-0.0029701332723825213,0.005524259210247799,-0.0013823541396934624,0.034637201499348805,0.008863011797953495,-0.003526457181246804
2025-07-28,0.0007944440315853128,0.00581605955069594,-0.003110606750641249,-0.0011392212386078723,0.006921530207106148,-0.002358187448186649,0.018558731547405234,0.029706848621967902,0.0037643314047399556,0.009376202078678788
2025-07-29,-0.013072757705372804,-0.007675754918146071,0.01632659314263738,-0.004165876418404352,-0.02487375422207684,0.0001365410048412786,-0.007040409555520836,-0.013574889801361277,-0.06231561487066122,0.012838900970183635
2025-07-30,-0.010563478124557005,-0.0035559103854630675,0.003976782757678189,0.00868167602183315,-0.006866378121773433,0.0013063097461027014,0.021197149286229566,-0.006747506520358081,0.018858206981111836,-0.00871965560380744
2025-07-31,-0.007104677756159931,0.016886027515609428,-0.02384072752831238,-0.011378411668114333,0.07043323186987983,0.03871532851814715,-0.00784015751888624,-0.03434052685502853,-0.06231561487066122,-0.0023262788563098743
2025-08-01,-0.025321602230960055,-0.057588983573757455,-0.014539688375590757,-0.02346385777196684,-0.030761633495805775,-0.017757411249698596,-0.02360808283998426,-0.018465033347039538,-0.048395504728236796,-0.018076997124398475
2025-08-04,0.00478153497173791,-0.014540622735209995,0.030770057648058655,0.016757622686778852,0.0345427232181459,0.02176075852665137,0.035511987070790445,0.02167142527004271,0.01341009637795653,-0.020921370361852515
2025-08-05,-0.0021169612137123613,0.009873169687714855,-0.001898821505517672,-0.009869914990311732,-0.01676844152434695,-0.014839561179799381,-0.009713609875059778,-0.0017476574412364776,0.04073908585042196,-0.0012115741797896107
2025-08-06,0.04965346902459199,0.03926568541504039,0.007267811097630226,-6.863743643252152e-05,0.011110866042345171,-0.005338808203055968,0.006486127217764385,0.03560499649944306,-0.021016182273828354,-0.0068303777821860315
2025-08-07,0.031298764824856114,0.003681789897764909,0.0021906010171948995,-0.01525213319692646,-0.013248191253271806,-0.007841066950261004,0.007496255305884601,0.007349951735303974,-0.004526428980155707,-0.005271750161398428
2025-08-08,0.04148538943456772,-0.0019739023688590293,0.02462792625595408,0.0063229462073028375,0.009757683417773593,0.0023013202125293387,0.010619853644031441,0.02264179762598033,0.02510420118083719,0.007990676076862983
2025-08-11,-0.008372443140046247,-0.006261419913672536,-0.0020873098410447806,0.002766602200839598,-0.004468684594181382,-0.0005172617964493853,-0.003509139296085911,0.028057128395424267,0.005881645255679169,-0.009123945694774918
2025-08-12,0.010813739262220462,0.0007678847964323423,0.011574546877795766,0.011298000836864414,0.03102054967458523,0.014215178582476768,0.006023808648001382,0.005324552775796538,0.03580562424091051,0.0028307325254527064
2025-08-13,0.015897409188223566,0.013855775538096454,-0.006809765824299073,-0.007953829017242278,-0.012636440717654665,-0.016498427168886404,-0.008608633209135593,-0.004292710283261014,0.03840133601978417,0.013755979037393206
2025-08-14,-0.0023599515483424664,0.028188187008165968,0.004840666923577032,0.012417102696107218,0.0026243728028834835,0.003642904469170196,0.0023650887049062722,-0.011260099884090402,-0.0011779569786021413,-0.002046698454267044
2025-08-15,-0.005125179855144962,0.00021645874568753922,0.0047192645673995205,-0.012554779213464205,0.003955742315237159,-0.004430891311253298,-0.008662868613232049,-0.015072159502432556,0.0620409329007912,0.0009394599412254137
2025-08-18,-0.0030272408078767946,0.001989132843084511,-0.0019636104833900105,0.0035738702475755844,-0.02300755984340562,-0.0059194853074818615,0.008607801184158664,0.013819862125930686,0.014628875060850992,0.0021574874056357286
2025-08-19,-0.0014302167695570704,-0.015147236228621111,-0.009529238047808015,-0.0029887154064795066,-0.020924466058961595,-0.014276569713184998,-0.035625098554270825,-0.017608491717904177,-0.013872510099579837,0.00653776676591797
2025-08-20,-0.01993198153129969,-0.018591996826338653,-0.011225177071144501,0.005421016033219838,-0.005016052284988526,-0.007976440613924272,-0.0013673031655055178,-0.01656474162017639,-0.014567913813613158,0.010280281881496269
2025-08-21,-0.004923405133202545,-0.008345349193359648,0.0021550635846111317,-0.0026382207125502746,-0.011595370686595875,-0.0012882899129955533,-0.0023974411230332127,-0.011770166368817137,0.011638287928360604,0.006429154861994829
2025-08-22,0.012636639150230075,0.03057093586711227,0.0312462840748484,0.01623292683668565,0.02100632108332643,0.0059122821399642455,0.017055689527044976,0.06031041669933769,0.013327724375882184,0.01859378074917384
2025-08-25,-0.00263778288690945,-0.003940606259072855,0.011578187517698521,-0.004533633806950868,-0.001976058051566548,-0.005872572717918165,0.010173380119172456,0.019196337227210383,-0.008362332689288727,0.004125175878296337
2025-08-26,0.009420124567184027,0.0033724076943096397,-0.006496190693679346,0.01236808335081755,0.001061480707091499,-0.004412262225915996,0.010841438539146547,0.01452187916170169,-0.014637985285695994,-0.002239826027242026
2025-08-27,0.005132723136336729,0.0017910076284830656,0.0016399194691792197,0.0023752252473197427,-0.008951244404125317,0.009318292757191949,-0.000935660110993945,-0.005903612812939926,0.011418323828976796,0.011238057983059928
2025-08-28,0.008940725237363131,0.010765909591411497,0.019851899025269414,0.005963135610113079,0.0049783816682230034,0.005706532947103561,-0.007905630903938421,-0.010408659566889222,-0.005246049123947168,0.0053073992115854314
2025-08-29,-0.0018075874774794432,-0.011289768498294606,0.005982754176608669,0.0011618954965327219,-0.016660210467266654,-0.005805202352673754,-0.03381164607950858,-0.0356293206445078,0.024765946944078018,0.008258722420670576
2025-09-01,0.0,0.0,0.0,0.0,0.0,0.0,0.0,0.0,0.0,0.0
2025-09-02,-0.010479481927209851,-0.016111647069703763,-0.007353917927268206,-0.005722772943554877,-0.0048717024458092605,-0.00310341311922011,-0.019713067182561873,-0.01360034804236362,-0.003459012840306737,0.003493690802565947
2025-09-03,0.03738232415098372,0.00288041832828813,0.056162422486998605,-0.0006340594120950966,0.0026354911046774492,0.0004552817932497732,-0.0009372442279620256,0.014259073808795026,-0.002983697174201232,-0.02453773125765879
2025-09-04,0.005478322675703245,0.041984146824532165,0.007084921346189754,0.01428772033254496,0.015615891653048934,0.005171140606282077,0.006076933767151556,0.01320230431684188,0.008087230357776733,0.004368860173885817
2025-09-05,-0.0003753762063927571,-0.01431613896889294,0.011555884178680973,-0.031564040479714825,0.005062980150159553,-0.025864673021134658,-0.027402247709384677,0.035717557533237444,0.01601264995776106,-0.028608129934337024
2025-09-08,-0.007580043466470937,0.014994810804568525,-0.003199520828804848,-0.005006081235652613,-0.00019940354802539393,0.0064438594374062845,0.007693951967387206,-0.0127361095766315,0.015291908116150221,0.005659970332063341
2025-09-09,-0.014950591264106123,0.010124998519937195,0.02360403689699672,0.016724578852530356,0.017655317399057856,0.00042136866674170317,0.014451487517380842,0.0016441653277190816,0.0620409329007912,0.007256339314153619
2025-09-10,-0.0327913485579626,-0.033765520828453625,-0.0019215547044255015,0.008990720005708606,-0.01808070885414391,0.003924911009299693,0.03775335841712994,0.0023605495234688204,-0.0032820704015161634,0.016581208596486346
2025-09-11,0.014185282152052413,-0.0016511904499798356,0.005004830990028816,0.016565454912147833,-0.0014373292244112073,0.0012782031454095242,-0.0008462967739688034,0.05868272574299215,0.019503962001058136,-0.003205144971434901
2025-09-12,0.017410513088878223,-0.007858600093329492,0.001787409161272889,0.004408446558456795,0.006226500653324448,0.017588554017360425,0.0036620672137598646,0.07098109112687562,-0.0031154753739163097,0.00017825610149223325
2025-09-15,0.011173272269641253,0.014274139722700788,0.04391351178779589,0.006462927961023862,0.011984647450858988,0.010651038921044187,-0.00039376182782509923,0.034992045964953526,-0.006903566699523201,0.0016925790280519523
2025-09-16,0.006107203194049533,0.011257360441086762,-0.0017901072099667636,0.0009383407034068709,0.01852753961085583,-0.0123390602296241,-0.016277980876145105,0.027849686096646824,-0.023588102946765756,0.020526668657701197
2025-09-17,0.0035210509004652986,-0.010436704109897131,-0.006511033474058028,0.00824566996319012,-0.004219497141556134,0.001923308987091985,-0.02659715168438888,0.010006196509857018,0.00537140535556062,0.005305049350733444
2025-09-18,-0.004655381783017964,-0.001685208986324988,0.009968976707687179,0.004736231922902543,0.005822746333825859,-0.0030830589173016253,0.034343879202425466,-0.021384159862326838,-0.020076624096946993,-0.011866483398512696
2025-09-19,0.03153050760714429,0.001080590559717161,0.010616800372023734,0.004936139756553078,-0.0023994664280722745,0.018473354803825764,0.002436745997643716,0.021877209710827277,0.005569516739166481,-0.00979062862115351
2025-09-22,0.04219296246145317,-0.016771933038536895,-0.008634814907680248,-0.007461455257924356,-0.016455302391398183,-0.0067417886864686045,0.03853048537251343,0.01892459915165681,0.013599185651712952,-0.007116202567009977
2025-09-23,-0.006464066249566687,-0.030871872178262885,-0.0034510845997105534,0.0009596373516476083,-0.012837469968419956,-0.010198618417527087,-0.02861765458791344,-0.019441082441463448,0.018549553216648036,0.01708235534454431
2025-09-24,-0.008367296999735473,-0.002267986025112884,-0.018124038096646852,0.002172072326195457,0.006939044481408313,0.001804968828676149,-0.008216168557129732,0.03900845039857305,0.011779861559164412,0.00533894475415452
2025-09-25,0.017911684479911448,-0.009398795415484473,-0.005477537838572079,9.575462215612753e-05,-0.015567612075140208,-0.006134581432704233,0.004060334377331126,-0.04480186162620923,-0.01792492339320175,0.008950735063918778
2025-09-26,-0.005504333945722916,0.007444168873481812,0.003046800618032671,0.008292008897355185,-0.006913848138767154,0.008699166536281246,0.0028099153155892965,0.03938961629749567,-0.0042922216299160305,0.01400312213224866
2025-09-29,-0.004040053534453041,0.010815805882780046,-0.010151069195251829,-0.0011712935210459528,-0.0004707381211152098,0.006120400534690977,0.020331839161166973,0.006360288086303643,0.003191912839224966,-0.025926099734060935
2025-09-30,0.0007857485936756352,-0.011771724709007034,-0.0039002647962846425,-0.0008239566032105576,-0.012207625657312168,0.00648899388291907,0.025677811217956793,0.0034011943142930328,0.00034760623761142417,-0.01295348080008815
2025-10-01,0.0032151298202565005,0.004815990813160187,0.007376992833033811,-0.015076722044174576,-0.023476667444369954,0.003392207882805762,0.0035312240305386154,0.03260699487618123,0.00865058027723837,-0.006763411539598527
2025-10-02,0.006555105475919997,0.008035429408424817,0.0032206562518754286,-0.010222311661684191,0.013445328349649247,-0.007668185610937748,0.00877356456654706,-0.052409624917241146,0.015441519815014812,-0.006270140419913894
2025-10-03,0.0034552785601604428,-0.01312477732054764,-0.0013847085565151982,0.008031374012496316,-0.022941917809076794,0.003116719229398485,-0.006746299902584282,-0.014252492909231236,0.01815380366064723,0.01754666579820156
2025-10-06,-0.005167911774969734,0.006312318256467209,0.020493630911534638,0.002104449370548132,0.007151832988227419,0.02145578678755221,-0.011148129310685517,0.05305409919515741,-0.00397792348561702,0.00826518946226504
2025-10-07,-0.0008183388012963765,0.003975811225101454,-0.01882402376103207,-0.004830776503950356,-0.00361157202811533,-0.00872193226785278,-0.0026984529592276167,-0.04549829949251959,0.013537884974346628,0.0005253039319440682
2025-10-08,0.006141262664732185,0.015391813667974614,-0.004649517473332282,-0.011966329515502801,0.006653211833761082,0.0016590653905387037,0.021756858631033507,0.012847468714676217,0.017067344966739433,-0.00210273660698157
2025-10-09,-0.015700412963745435,0.011126943813862119,-0.012712248273502764,0.0049215097121276695,0.021594334302725813,-0.004678791333891448,0.018130890013948877,-0.007206358713169257,-0.006046603878272259,-0.009782724746745672
2025-10-10,-0.03513201331059678,-0.05121476887040818,-0.020749491492563887,-0.015303148360657198,-0.039217930061423996,-0.02214234287731204,-0.050099617507457596,-0.05195335338705128,-0.036531836899177134,-0.019496243274608457
2025-10-13,0.009697183027240885,0.016955828210376053,0.03153859229170393,0.0232575029985918,0.01463779042685272,0.006029234098338622,0.0277825544651176,0.052779538485349636,0.011666526899358287,0.013544522984449
2025-10-14,0.00044408201230031126,-0.016863378479674927,0.0053105057773610844,-0.019310468168949824,-0.00989928479724481,-0.0009341584579576793,-0.045019189922353646,-0.01539666493428667,0.0035346522273880117,0.0004454269556253707
2025-10-15,0.006316514957929752,-0.0037966156016826813,0.022479146942886667,0.011879608665396404,0.012480936481427049,-0.00027265974424972713,-0.001111500689457427,0.013674604901329141,0.0033838285094282125,-0.006074201462257398
2025-10-16,-0.007608847967879364,-0.005115842622809568,0.0017115108150660145,-0.02366750205086559,-0.007666460488150753,-0.0035510584269329367,0.010950226124179306,-0.014816786729139185,-0.01248234894941419,-0.008728976142015928
2025-10-17,0.01937065335040572,-0.006689964147498498,0.007290640393191597,-0.0032880390458567164,0.006788014230305782,0.0038432721766105175,0.007725426200566742,0.024331310172500658,-0.00019627693795901222,0.014357750648647666
2025-10-20,0.03868074365918946,0.016018234695332655,0.01274901609847742,0.016002350664474377,0.021048398037838523,0.006230713172627296,-0.003170575676006933,0.01831477587612344,0.021857028523373,0.0040900343228126275
2025-10-21,0.0020191213000104453,0.025314357693141158,-0.0240243592293803,-0.01758318264479671,0.0015014522507628874,0.0016820092785216976,-0.008136405827252832,-0.01085364312168525,0.0024387705504841034,8.87237572560616e-05
2025-10-22,-0.01657682531661047,-0.01854683769726401,0.004899013254988355,-0.010081334710992866,0.00019083976689693728,0.005547964873942636,-0.004869486975601364,-0.008235365016010689,-0.01067626317493806,0.017589057909410635
2025-10-23,0.004362761632552592,0.014304177190941961,0.005507402942314631,0.0014610796457244781,0.00080409754604864,3.858399568198024e-05,0.01037424620852365,0.022547291398770954,-0.0028810222731805273,0.011010535770657895
2025-10-24,0.012404351927066352,0.014013300747685163,0.02666831385146446,0.019833214005043415,0.005922487390872179,0.005841893468855865,0.022258016158518332,-0.03457920037137167,0.005671222407489488,-0.005100071274919632
2025-10-27,0.022535356074125084,0.012234712914707927,0.035340643341132634,0.012272916806787389,0.016734426027300922,0.014993829501661277,0.027692149273092357,0.042211814191010485,0.009554217297160921,0.004755138149377307
2025-10-28,0.0007065288197559364,0.009995255600938363,-0.006707272397153706,0.003970393153771377,0.0008253636975089695,0.019654273051982595,0.04861863582365977,0.01781041931942346,0.005069354388759213,-0.007879815613784064
2025-10-29,0.0025989767572192316,0.00456970894129321,0.02619888758512797,0.0004911655410182541,0.0003060692480523433,-0.0009598524103822962,0.029457811052411947,0.002082342411769511,-0.034798130769868235,0.012268959693548888
2025-10-30,0.006283466664280875,-0.03283904572023767,0.024855299851848003,0.01278168110500893,-0.06658748412953915,-0.02959053720096553,-0.020248053829069825,-0.047501755655160294,-0.030030411182424707,-0.01522917586854965
2025-10-31,-0.003802376160255665,0.06131112770815112,-0.001030890558396889,0.005414430516229459,-0.02756436472365517,-0.015236447589300659,-0.0019734570078558597,0.03671813319553837,-0.009296184955853859,-0.0028814250693983954
2025-11-03,-0.004894071892846057,0.039264803615285844,0.008957222832878007,-0.005705237869812616,-0.016546986531568414,-0.0015074686283697196,0.021448370488581326,0.025538450543862383,-0.023011330310174,-0.005260402046703206
2025-11-04,0.0036728825801045834,-0.018597025701107325,-0.022022792752013447,-0.0003233185823422173,-0.01642693673302252,-0.0052357096217623324,-0.04039308421323307,-0.052848572813666,-0.008907373542318757,0.0033347379610317042
2025-11-05,0.00037018397954444794,0.0035233445181079427,0.024100109152870045,0.00782697078634768,0.013663153711260779,-0.014038609367540944,-0.017669859029216153,0.03930641199562339,-0.009384014895022809,-0.004038124254753446
2025-11-06,-0.0013706039944364156,-0.029034574612610754,0.0015464354903073105,0.005567120897077869,-0.02711161729408456,-0.02003535345157169,-0.03720845826520234,-0.035599264459215095,-0.019036413849485078,0.0071872644674244555
2025-11-07,-0.0048305427121975416,0.005621146751201347,-0.021009353464985905,0.0025173808048567906,0.004465511923489457,-0.0005634072263488708,0.00037197664837915775,-0.03744886561150212,0.008207225786138618,0.02347771704172599
2025-11-10,0.004538267036518442,0.0161931675138767,0.03962339416297694,0.00849318920257305,0.01603572493290949,0.018308873913350867,0.0563166528337982,0.03592274671529928,-0.008145059283502471,0.008494784967089233
2025-11-11,0.021371261548658933,0.0028141212824006312,0.00416231677545943,-0.004015879815729697,-0.007435430272008366,0.00528243164540753,-0.030037238330691364,-0.01268032095842644,0.01808903123829829,0.013109445409212907
2025-11-12,-0.006487751089554257,-0.01986689759076167,-0.01591669299299497,0.015062554036688654,-0.029239448183971926,0.0048244518503963866,0.0033077900792958703,-0.020731107188327342,0.03484162165674857,-0.013955717008464152
2025-11-13,-0.001903436960562969,-0.027483132611142096,-0.02880180634582686,-0.03470778938489241,0.0014439733950654045,-0.015476982425703174,-0.03646698722696613,-0.06875241071018368,-0.019476912256618406,0.005656149039886242
2025-11-14,-0.0019802422957864835,-0.01223891180071706,-0.007784250851426217,-0.01914978279688969,-0.0007053094271526698,0.013597020135189248,0.017558667856868868,0.005853666241942873,-0.032583524912593746,0.012908893504534598
2025-11-17,-0.018338397301833606,-0.007785167790615942,0.03067413474690363,-0.010728849772076882,-0.012299347331415831,-0.0052866477573552135,-0.01895099914976759,0.011238716089416035,-0.0041718347477558565,-0.013588465139150326
2025-11-18,-7.47637995860424e-05,-0.045328527802621185,-0.0025996887733506194,-0.0032010896333239994,-0.007201701565769876,-0.027366597403304452,-0.028483347386914173,-0.01893489628165649,-0.0218903035759532,0.011406449342957444
2025-11-19,0.004179213098975278,0.0006288715862684946,0.029564244995286055,0.012809467451722185,-0.012407477342317758,-0.013599885055362188,0.028054465542118427,0.006805426562391663,-0.014421941572782345,-0.014214623563476834
2025-11-20,-0.008638668653641398,-0.025238376767976148,-0.011541314157416221,-0.016255550189590746,-0.0019839888697116806,-0.01613073459568025,-0.03203238704693301,-0.021922199285516537,0.007895357478332267,-0.002816082275379303
2025-11-21,0.01948948732721377,0.01621670892983362,0.0346659328985,-0.0012073146958899105,0.008619322769074808,-0.013276695497639966,-0.0097909588516193,-0.010530198558583292,0.026699360001261652,0.0005126291858507713
2025-11-24,0.016185880529873065,0.025014152157624068,0.056162422486998605,-6.698885365101652e-05,0.031146373658558404,0.003974149543977354,0.020308940527418842,0.0660172720981127,-0.0028793654322017627,-0.009525908954966125
2025-11-25,0.0037980518798046425,0.01487032297548011,0.015140053542090788,0.016639313176714444,0.03709776932249228,0.006288144375202888,-0.026252270527726596,0.003870128654219355,0.022408092466885403,-0.012669417952667026
2025-11-26,0.002091988799439141,-0.0022230225348219158,-0.010848796659713516,0.015197488830821964,-0.004110762693400666,0.017683866017517248,0.013628353190462678,0.016974787220379935,0.01045755120609351,0.0022679805106313616
2025-11-27,0.0,0.0,0.0,0.0,0.0,0.0,0.0,0.0,0.0,0.0
2025-11-28,0.00467286127681409,0.01756175380535844,0.0007185159158595526,0.01752837065397771,0.022379997610588554,0.01331975833631881,-0.018250417620476727,0.008380619474776033,0.00018197302722688228,0.009970152936800564
2025-12-01,0.0151262172065036,0.002825964858582112,-0.016659848256547843,-0.013376374437189708,-0.01098701827961399,-0.010769020544935939,0.016362629615955304,-6.97394621241348e-05,-0.020093170984974897,0.006106252622360574
2025-12-02,0.010855696011275954,0.0023061862991379644,0.0029173283468531025,-0.003372188940712489,0.009674258786039332,0.006675349732992619,0.008522945693061855,-0.0020945908399217085,0.004106579004323939,-0.010775506925025739
2025-12-03,-0.007153684504557431,-0.008740386717129234,0.012023278752705898,0.01370965631620816,-0.01165783901427715,-0.025359684307076167,-0.01035883508236204,0.039960567737700375,0.04568341441305004,0.020757259421658066
2025-12-04,-0.012215789741831256,-0.014171743534491207,-0.0063084674509854355,0.012638893895108867,0.03371244119687967,0.006488876412519228,0.020939676150844275,0.017287167308555625,-0.018479427502715202,-0.005618511136689717
2025-12-05,-0.00686355564689062,0.0018314943611840917,0.011426226712691362,-0.0033590274171098424,0.017813833594919608,0.004813241827990891,-0.005303561955473612,0.0010335035967348669,-0.0077663724614811785,-0.005135119411031204
2025-12-08,-0.003197540392983899,-0.011568418747626617,-0.023127110569809796,0.0005394129055581656,-0.009879081056581996,0.016137024080980087,0.017067539740813674,-0.03447772390855956,-0.015575563507163947,-0.004816882149223226
2025-12-09,-0.0025582223487182498,0.004529366309921425,0.010653205944418723,-0.04775790962736907,-0.014866985162616196,0.002034460923044121,-0.0031307726339145528,0.012636566806914386,-6.174436630015363e-05,0.01938327842687224
2025-12-10,0.005755762741702212,0.016793958483706913,0.009822969952304814,0.03144579667059773,-0.010450749874308557,-0.027737718695204278,-0.006454273212194532,0.014008389943790958,0.01463285667437969,0.010850017200146398
2025-12-11,-0.0026938721785778564,-0.006492686132941979,-0.024596525031730092,0.02317282517367252,0.0039605771900833465,0.01020763458900203,-0.015629252452978915,-0.010152139695978377,0.02514035428519748,0.0
2025-12-12,0.0008986907156853279,-0.017920589673159203,-0.010101118824282765,0.0035855219227433673,-0.013077224457570607,-0.010270345009627218,-0.03320988405610645,0.026650529578487583,0.015061444179825235,-0.006041302635185232
2025-12-15,-0.015098298686657966,-0.016268534273204432,-0.0034655163891960765,0.0046982441476575145,0.005893774764326675,-0.007783100806013461,0.007229997969270962,0.03500417593015653,-0.002167136608005357,-0.008961027346852887
2025-12-16,0.0018224664254049999,8.98866451848032e-05,-0.005367707739022983,-0.014066328419756299,0.0147780159751672,0.0033010826256549314,0.008078971499177832,0.03019325551468915,-0.02043599145717302,-0.02650307069549163
2025-12-17,-0.010138247658845124,-0.005813022613826454,-0.03265726081512035,-0.0018080768714039638,-0.011709427278928071,-0.0005669788742274988,-0.038896680515676234,-0.04727460429487326,-0.007719768198509468,0.023526513015126687
2025-12-18,0.001286746577224654,0.024508470639878127,0.019160124141452444,-0.006305831983255496,0.022756825907592853,0.016373686322175084,0.018546980913234357,0.03389652701091261,-0.010579479968700338,-0.007437525815392453
2025-12-19,0.005422681951884745,0.0025985418858299946,0.01541980802173458,0.01336064980495706,-0.008585224770929767,0.00400041265745044,0.03858231680305103,-0.0044993863680713635,-0.002196689902365701,0.0012862209717962583
2025-12-22,-0.009914939859583293,0.004739078487121393,0.008493627287605566,0.01836689313213553,0.004135461133266147,-0.002060026788581246,0.014807718486955977,0.015527202757109204,-0.006926374621693716,0.012434193075451341
2025-12-23,0.005116600880012278,0.016110849706755952,0.014644539642077771,0.008751792862432993,0.0051868643064307525,0.003972084647752953,0.029608033317785238,-0.006507353223946919,-0.0011078555507387446,0.010691657585559485
2025-12-24,0.005309660095674185,0.0010333484556670999,-0.0008274842710196427,0.009891715088425703,0.003917565629303555,0.0024002844975317197,-0.0031762233994321078,-0.0003295782832779731,0.008522695755191096,-0.0016762127513247106
2025-12-25,0.0,0.0,0.0,0.0,0.0,0.0,0.0,0.0,0.0,0.0
2025-12-26,-0.0014984030103084444,0.0006022774408405259,-0.001848142716629373,-0.003835191346630759,-0.006402125878858422,-0.0006354189830467114,0.010128284734973564,-0.021258551524587485,0.012890500525773597,-0.0009230316568663706
2025-12-29,0.0013159300206065142,-0.001937179352692427,0.00015944548869310237,-0.012767537556005815,-0.006959175161038796,-0.0012514720137883812,-0.012198192178212625,-0.03327112293491262,-0.008747396104374805,0.011851222375090287
2025-12-30,-0.0024872503984942067,0.0019801618568183687,0.0009243996663374693,-0.0010197253785205723,0.010961574488480381,0.0007797832477031082,-0.0036193198928964683,-0.01139973602177475,0.009741472256812638,0.0038092054556116265
